지점,지점명,일시,풍향(deg),풍속(m/s)
140,군산,2024-10-06 00:01,173,.2
140,군산,2024-10-06 00:02,277.2,.4
140,군산,2024-10-06 00:03,246.2,1.1
140,군산,2024-10-06 00:04,297.2,.2
140,군산,2024-10-06 00:05,200.9,.3
140,군산,2024-10-06 00:06,176.2,.4
140,군산,2024-10-06 00:07,256.1,.3
140,군산,2024-10-06 00:08,291.1,.7
140,군산,2024-10-06 00:09,307.9,.9
140,군산,2024-10-06 00:10,193.1,.3
140,군산,2024-10-06 00:11,186.8,.3
140,군산,2024-10-06 00:12,250.6,.4
140,군산,2024-10-06 00:13,198.2,.5
140,군산,2024-10-06 00:14,245.5,.3
140,군산,2024-10-06 00:15,251.7,.9
140,군산,2024-10-06 00:16,287.6,.4
140,군산,2024-10-06 00:17,302.3,1
140,군산,2024-10-06 00:18,304.2,1.5
140,군산,2024-10-06 00:19,288.9,1
140,군산,2024-10-06 00:20,316.3,1.1
140,군산,2024-10-06 00:21,309.1,.4
140,군산,2024-10-06 00:22,56,.4
140,군산,2024-10-06 00:23,191.8,.5
140,군산,2024-10-06 00:24,267.3,.7
140,군산,2024-10-06 00:25,184.7,0
140,군산,2024-10-06 00:26,252.9,1
140,군산,2024-10-06 00:27,222.5,.5
140,군산,2024-10-06 00:28,233.1,.5
140,군산,2024-10-06 00:29,218.5,.5
140,군산,2024-10-06 00:30,257.9,.9
140,군산,2024-10-06 00:31,225.1,.6
140,군산,2024-10-06 00:32,286.5,.2
140,군산,2024-10-06 00:33,213.7,.9
140,군산,2024-10-06 00:34,209.9,1.3
140,군산,2024-10-06 00:35,231.7,.5
140,군산,2024-10-06 00:36,226.3,.9
140,군산,2024-10-06 00:37,217,.9
140,군산,2024-10-06 00:38,231.2,1
140,군산,2024-10-06 00:39,245.3,1
140,군산,2024-10-06 00:40,305.2,.1
140,군산,2024-10-06 00:41,239.1,.5
140,군산,2024-10-06 00:42,236.5,1.8
140,군산,2024-10-06 00:43,248.1,1
140,군산,2024-10-06 00:44,230,1.4
140,군산,2024-10-06 00:45,183.4,1.2
140,군산,2024-10-06 00:46,143.7,.6
140,군산,2024-10-06 00:47,144.4,1.2
140,군산,2024-10-06 00:48,165.5,1
140,군산,2024-10-06 00:49,178.3,1.1
140,군산,2024-10-06 00:50,190.9,1.6
140,군산,2024-10-06 00:51,206,1.6
140,군산,2024-10-06 00:52,217.3,1.5
140,군산,2024-10-06 00:53,176.2,1.5
140,군산,2024-10-06 00:54,199.3,1.2
140,군산,2024-10-06 00:55,235.3,1.2
140,군산,2024-10-06 00:56,242.1,1.8
140,군산,2024-10-06 00:57,238.4,1.2
140,군산,2024-10-06 00:58,65.7,1.3
140,군산,2024-10-06 00:59,82.3,.1
140,군산,2024-10-06 01:00,171.6,.4
140,군산,2024-10-06 01:01,195.8,.8
140,군산,2024-10-06 01:02,210.4,1.6
140,군산,2024-10-06 01:03,212.7,1.7
140,군산,2024-10-06 01:04,149.9,1
140,군산,2024-10-06 01:05,193.1,1.8
140,군산,2024-10-06 01:06,96.1,.2
140,군산,2024-10-06 01:07,198.2,.9
140,군산,2024-10-06 01:08,157.5,.8
140,군산,2024-10-06 01:09,75.7,1.6
140,군산,2024-10-06 01:10,113.5,1
140,군산,2024-10-06 01:11,313.7,1.4
140,군산,2024-10-06 01:12,172.2,1.8
140,군산,2024-10-06 01:13,119.5,0
140,군산,2024-10-06 01:14,332,.8
140,군산,2024-10-06 01:15,308.9,1
140,군산,2024-10-06 01:16,263,.5
140,군산,2024-10-06 01:17,260.4,1.2
140,군산,2024-10-06 01:18,230.1,1
140,군산,2024-10-06 01:19,224.7,1
140,군산,2024-10-06 01:20,235.1,1.5
140,군산,2024-10-06 01:21,224.1,1.9
140,군산,2024-10-06 01:22,223.7,1
140,군산,2024-10-06 01:23,223,.5
140,군산,2024-10-06 01:24,196.3,1.3
140,군산,2024-10-06 01:25,202.6,1.4
140,군산,2024-10-06 01:26,210.7,1.4
140,군산,2024-10-06 01:27,219.4,1.5
140,군산,2024-10-06 01:28,215.6,.9
140,군산,2024-10-06 01:29,241.8,.9
140,군산,2024-10-06 01:30,221.5,1.8
140,군산,2024-10-06 01:31,201.3,.7
140,군산,2024-10-06 01:32,46,.8
140,군산,2024-10-06 01:33,287.8,1.1
140,군산,2024-10-06 01:34,236.1,.7
140,군산,2024-10-06 01:35,265.1,.4
140,군산,2024-10-06 01:36,254.3,.9
140,군산,2024-10-06 01:37,241.2,1.9
140,군산,2024-10-06 01:38,176.8,1
140,군산,2024-10-06 01:39,318.8,.9
140,군산,2024-10-06 01:40,148,.3
140,군산,2024-10-06 01:41,300.2,0
140,군산,2024-10-06 01:42,74.5,1.2
140,군산,2024-10-06 01:43,148.3,.8
140,군산,2024-10-06 01:44,151.2,.3
140,군산,2024-10-06 01:45,268.7,0
140,군산,2024-10-06 01:46,177.6,.8
140,군산,2024-10-06 01:47,20.4,.7
140,군산,2024-10-06 01:48,97.7,.7
140,군산,2024-10-06 01:49,74.6,1.6
140,군산,2024-10-06 01:50,55.8,.3
140,군산,2024-10-06 01:51,63.3,1.6
140,군산,2024-10-06 01:52,111.7,1.5
140,군산,2024-10-06 01:53,65.8,1.2
140,군산,2024-10-06 01:54,102.4,.1
140,군산,2024-10-06 01:55,198.1,1.2
140,군산,2024-10-06 01:56,201.3,1.9
140,군산,2024-10-06 01:57,193.6,.9
140,군산,2024-10-06 01:58,105.9,.4
140,군산,2024-10-06 01:59,88.4,1.5
140,군산,2024-10-06 02:00,27.6,2
140,군산,2024-10-06 02:01,113.5,1.6
140,군산,2024-10-06 02:02,73.1,1.4
140,군산,2024-10-06 02:03,200.4,.4
140,군산,2024-10-06 02:04,39,.9
140,군산,2024-10-06 02:05,51.5,1.5
140,군산,2024-10-06 02:06,124.5,.1
140,군산,2024-10-06 02:07,277,0
140,군산,2024-10-06 02:08,285.8,.8
140,군산,2024-10-06 02:09,77.3,.3
140,군산,2024-10-06 02:10,124.7,.6
140,군산,2024-10-06 02:11,317.2,.2
140,군산,2024-10-06 02:12,75.9,0
140,군산,2024-10-06 02:13,149.2,.2
140,군산,2024-10-06 02:14,93.2,1.6
140,군산,2024-10-06 02:15,110.7,.6
140,군산,2024-10-06 02:16,22.5,2.1
140,군산,2024-10-06 02:17,114.1,1.1
140,군산,2024-10-06 02:18,96,.1
140,군산,2024-10-06 02:19,181.3,0
140,군산,2024-10-06 02:20,202.7,.4
140,군산,2024-10-06 02:21,159.1,.4
140,군산,2024-10-06 02:22,177.3,1.1
140,군산,2024-10-06 02:23,212.2,.9
140,군산,2024-10-06 02:24,143.2,.9
140,군산,2024-10-06 02:25,196.3,.6
140,군산,2024-10-06 02:26,183.4,1.3
140,군산,2024-10-06 02:27,178.1,1.4
140,군산,2024-10-06 02:28,162.4,.6
140,군산,2024-10-06 02:29,132.3,1.2
140,군산,2024-10-06 02:30,55.9,1.3
140,군산,2024-10-06 02:31,118.8,.9
140,군산,2024-10-06 02:32,160.2,.9
140,군산,2024-10-06 02:33,178.8,1.7
140,군산,2024-10-06 02:34,107.8,1.3
140,군산,2024-10-06 02:35,110.2,1.2
140,군산,2024-10-06 02:36,148.5,1.2
140,군산,2024-10-06 02:37,149.4,2.2
140,군산,2024-10-06 02:38,115.7,.7
140,군산,2024-10-06 02:39,141.6,1.7
140,군산,2024-10-06 02:40,100.1,1.6
140,군산,2024-10-06 02:41,169.8,1.7
140,군산,2024-10-06 02:42,122.3,1.8
140,군산,2024-10-06 02:43,106.9,1
140,군산,2024-10-06 02:44,164.4,1.4
140,군산,2024-10-06 02:45,138.8,1.3
140,군산,2024-10-06 02:46,124.7,1.6
140,군산,2024-10-06 02:47,127.2,1.8
140,군산,2024-10-06 02:48,95.3,1.3
140,군산,2024-10-06 02:49,46,.9
140,군산,2024-10-06 02:50,88.1,3.1
140,군산,2024-10-06 02:51,96.3,1.9
140,군산,2024-10-06 02:52,59.8,2.1
140,군산,2024-10-06 02:53,79.3,1.4
140,군산,2024-10-06 02:54,115,2.5
140,군산,2024-10-06 02:55,74.5,1.6
140,군산,2024-10-06 02:56,92.2,1.5
140,군산,2024-10-06 02:57,93.7,3
140,군산,2024-10-06 02:58,77.9,1.7
140,군산,2024-10-06 02:59,116.5,3.2
140,군산,2024-10-06 03:00,100,1.7
140,군산,2024-10-06 03:01,99.9,1.5
140,군산,2024-10-06 03:02,96.6,1.3
140,군산,2024-10-06 03:03,104.5,2.1
140,군산,2024-10-06 03:04,119.9,1.3
140,군산,2024-10-06 03:05,50.9,1.3
140,군산,2024-10-06 03:06,132.2,1.2
140,군산,2024-10-06 03:07,102,1.4
140,군산,2024-10-06 03:08,108.1,2
140,군산,2024-10-06 03:09,117.7,1.9
140,군산,2024-10-06 03:10,129.4,1.5
140,군산,2024-10-06 03:11,68.9,2.3
140,군산,2024-10-06 03:12,117.4,1.3
140,군산,2024-10-06 03:13,58.6,2.2
140,군산,2024-10-06 03:14,109.8,2.8
140,군산,2024-10-06 03:15,52.2,2.7
140,군산,2024-10-06 03:16,43.7,2
140,군산,2024-10-06 03:17,18.2,1.3
140,군산,2024-10-06 03:18,130,.9
140,군산,2024-10-06 03:19,69.8,2.6
140,군산,2024-10-06 03:20,39.2,1.6
140,군산,2024-10-06 03:21,15.4,1.1
140,군산,2024-10-06 03:22,84.4,2.3
140,군산,2024-10-06 03:23,68.7,1
140,군산,2024-10-06 03:24,47.2,1.4
140,군산,2024-10-06 03:25,56.3,1.2
140,군산,2024-10-06 03:26,54.2,1.5
140,군산,2024-10-06 03:27,78.5,2.3
140,군산,2024-10-06 03:28,27,1.8
140,군산,2024-10-06 03:29,58.7,2
140,군산,2024-10-06 03:30,28,1.2
140,군산,2024-10-06 03:31,53.7,.8
140,군산,2024-10-06 03:32,65.1,2
140,군산,2024-10-06 03:33,52.7,2
140,군산,2024-10-06 03:34,61.8,1.2
140,군산,2024-10-06 03:35,73.3,2.6
140,군산,2024-10-06 03:36,59.5,2
140,군산,2024-10-06 03:37,324,1
140,군산,2024-10-06 03:38,154.3,1
140,군산,2024-10-06 03:39,26.9,.9
140,군산,2024-10-06 03:40,23,2.8
140,군산,2024-10-06 03:41,130.9,2.5
140,군산,2024-10-06 03:42,54.4,2.8
140,군산,2024-10-06 03:43,57.5,1.2
140,군산,2024-10-06 03:44,27.3,2.3
140,군산,2024-10-06 03:45,133.5,1.4
140,군산,2024-10-06 03:46,154.5,.4
140,군산,2024-10-06 03:47,75.6,2
140,군산,2024-10-06 03:48,251.7,.5
140,군산,2024-10-06 03:49,88.4,1.6
140,군산,2024-10-06 03:50,71.6,.7
140,군산,2024-10-06 03:51,164.2,.4
140,군산,2024-10-06 03:52,339.3,.1
140,군산,2024-10-06 03:53,133,1.7
140,군산,2024-10-06 03:54,143.9,.7
140,군산,2024-10-06 03:55,83.3,.6
140,군산,2024-10-06 03:56,55.4,1
140,군산,2024-10-06 03:57,337.7,1.1
140,군산,2024-10-06 03:58,53.9,.6
140,군산,2024-10-06 03:59,257.2,.5
140,군산,2024-10-06 04:00,100.4,2.5
140,군산,2024-10-06 04:01,144.3,1.6
140,군산,2024-10-06 04:02,68.9,.7
140,군산,2024-10-06 04:03,170.2,.3
140,군산,2024-10-06 04:04,281.3,.4
140,군산,2024-10-06 04:05,190.9,.3
140,군산,2024-10-06 04:06,334.6,.1
140,군산,2024-10-06 04:07,170.7,1.5
140,군산,2024-10-06 04:08,236.3,.3
140,군산,2024-10-06 04:09,211.7,1.3
140,군산,2024-10-06 04:10,246.8,1.2
140,군산,2024-10-06 04:11,150.2,.6
140,군산,2024-10-06 04:12,211.4,1.2
140,군산,2024-10-06 04:13,215.4,.6
140,군산,2024-10-06 04:14,199.2,1
140,군산,2024-10-06 04:15,131,.2
140,군산,2024-10-06 04:16,196.6,1.2
140,군산,2024-10-06 04:17,237.8,1
140,군산,2024-10-06 04:18,106.6,2.1
140,군산,2024-10-06 04:19,39.6,1.8
140,군산,2024-10-06 04:20,183.9,.8
140,군산,2024-10-06 04:21,75.5,.9
140,군산,2024-10-06 04:22,100.8,.2
140,군산,2024-10-06 04:23,207,2
140,군산,2024-10-06 04:24,75.1,1
140,군산,2024-10-06 04:25,82,.8
140,군산,2024-10-06 04:26,201.3,1.3
140,군산,2024-10-06 04:27,90.1,1.8
140,군산,2024-10-06 04:28,299.1,.3
140,군산,2024-10-06 04:29,82.5,1.9
140,군산,2024-10-06 04:30,126.5,.4
140,군산,2024-10-06 04:31,181.9,.5
140,군산,2024-10-06 04:32,234,2.1
140,군산,2024-10-06 04:33,124.5,1.3
140,군산,2024-10-06 04:34,226.3,1
140,군산,2024-10-06 04:35,259,1.7
140,군산,2024-10-06 04:36,235,1.3
140,군산,2024-10-06 04:37,238.7,1
140,군산,2024-10-06 04:38,206.2,.8
140,군산,2024-10-06 04:39,189.4,.4
140,군산,2024-10-06 04:40,209,1.4
140,군산,2024-10-06 04:41,241.5,1.2
140,군산,2024-10-06 04:42,262.6,.5
140,군산,2024-10-06 04:43,156.2,1.8
140,군산,2024-10-06 04:44,115.4,2.2
140,군산,2024-10-06 04:45,239.2,1
140,군산,2024-10-06 04:46,220.8,1.5
140,군산,2024-10-06 04:47,235.1,2.2
140,군산,2024-10-06 04:48,222.9,2
140,군산,2024-10-06 04:49,223.8,1.7
140,군산,2024-10-06 04:50,228.7,2.1
140,군산,2024-10-06 04:51,248.1,1.2
140,군산,2024-10-06 04:52,217,1.4
140,군산,2024-10-06 04:53,226.2,1.4
140,군산,2024-10-06 04:54,279.5,1.4
140,군산,2024-10-06 04:55,205.4,.8
140,군산,2024-10-06 04:56,201.5,2.1
140,군산,2024-10-06 04:57,246.8,1.3
140,군산,2024-10-06 04:58,187.6,1.6
140,군산,2024-10-06 04:59,203.6,2.1
140,군산,2024-10-06 05:00,206.3,.7
140,군산,2024-10-06 05:01,227.5,.9
140,군산,2024-10-06 05:02,79.7,1.2
140,군산,2024-10-06 05:03,119,1.2
140,군산,2024-10-06 05:04,201,.9
140,군산,2024-10-06 05:05,123.4,1
140,군산,2024-10-06 05:06,91.5,1.6
140,군산,2024-10-06 05:07,85.1,1.7
140,군산,2024-10-06 05:08,261.9,.4
140,군산,2024-10-06 05:09,114,1.1
140,군산,2024-10-06 05:10,149.7,1.7
140,군산,2024-10-06 05:11,49.5,2.5
140,군산,2024-10-06 05:12,84,2.6
140,군산,2024-10-06 05:13,55.5,1.3
140,군산,2024-10-06 05:14,147.9,2
140,군산,2024-10-06 05:15,104.5,1.8
140,군산,2024-10-06 05:16,55.2,2
140,군산,2024-10-06 05:17,43.3,3.1
140,군산,2024-10-06 05:18,34.5,2.6
140,군산,2024-10-06 05:19,70.7,2.1
140,군산,2024-10-06 05:20,65,2.6
140,군산,2024-10-06 05:21,43.7,1.7
140,군산,2024-10-06 05:22,77.1,2.3
140,군산,2024-10-06 05:23,343.1,1.4
140,군산,2024-10-06 05:24,84.7,1.6
140,군산,2024-10-06 05:25,297,1.8
140,군산,2024-10-06 05:26,310.1,1.5
140,군산,2024-10-06 05:27,304.8,1.3
140,군산,2024-10-06 05:28,54.3,.8
140,군산,2024-10-06 05:29,320.6,1.8
140,군산,2024-10-06 05:30,301.7,2
140,군산,2024-10-06 05:31,308.8,2.7
140,군산,2024-10-06 05:32,305.7,2.7
140,군산,2024-10-06 05:33,307.3,2.8
140,군산,2024-10-06 05:34,316.4,2.7
140,군산,2024-10-06 05:35,307.1,2.7
140,군산,2024-10-06 05:36,286,1.9
140,군산,2024-10-06 05:37,279.9,1.7
140,군산,2024-10-06 05:38,284.7,2.3
140,군산,2024-10-06 05:39,283.6,1.9
140,군산,2024-10-06 05:40,298.1,1.2
140,군산,2024-10-06 05:41,74,0
140,군산,2024-10-06 05:42,299,1.4
140,군산,2024-10-06 05:43,170.3,.5
140,군산,2024-10-06 05:44,164.1,.5
140,군산,2024-10-06 05:45,149.1,0
140,군산,2024-10-06 05:46,190.1,.9
140,군산,2024-10-06 05:47,215.2,.9
140,군산,2024-10-06 05:48,202.5,.7
140,군산,2024-10-06 05:49,187.8,1
140,군산,2024-10-06 05:50,222.2,.8
140,군산,2024-10-06 05:51,238.3,.6
140,군산,2024-10-06 05:52,245.5,1.3
140,군산,2024-10-06 05:53,290.3,2.1
140,군산,2024-10-06 05:54,316.1,1.8
140,군산,2024-10-06 05:55,293.3,2.5
140,군산,2024-10-06 05:56,309,2.4
140,군산,2024-10-06 05:57,310.9,2.4
140,군산,2024-10-06 05:58,311.4,2
140,군산,2024-10-06 05:59,313.6,2.7
140,군산,2024-10-06 06:00,304.1,2.2
140,군산,2024-10-06 06:01,267.7,1.8
140,군산,2024-10-06 06:02,281,1.5
140,군산,2024-10-06 06:03,304.7,1.8
140,군산,2024-10-06 06:04,306.1,2.2
140,군산,2024-10-06 06:05,301.4,1.6
140,군산,2024-10-06 06:06,287.9,1.2
140,군산,2024-10-06 06:07,310,.9
140,군산,2024-10-06 06:08,302,.9
140,군산,2024-10-06 06:09,323.9,1.1
140,군산,2024-10-06 06:10,280.7,.3
140,군산,2024-10-06 06:11,290.2,.3
140,군산,2024-10-06 06:12,271.5,.7
140,군산,2024-10-06 06:13,309.3,.8
140,군산,2024-10-06 06:14,292.6,.6
140,군산,2024-10-06 06:15,247.2,.3
140,군산,2024-10-06 06:16,251,.9
140,군산,2024-10-06 06:17,279.4,1.3
140,군산,2024-10-06 06:18,275.7,1.4
140,군산,2024-10-06 06:19,256.4,.8
140,군산,2024-10-06 06:20,282.2,.9
140,군산,2024-10-06 06:21,261.5,1.3
140,군산,2024-10-06 06:22,227.2,1.1
140,군산,2024-10-06 06:23,324.8,1.1
140,군산,2024-10-06 06:24,286.1,1.5
140,군산,2024-10-06 06:25,304.6,.9
140,군산,2024-10-06 06:26,295.5,.9
140,군산,2024-10-06 06:27,297.4,1.4
140,군산,2024-10-06 06:28,263.1,1.1
140,군산,2024-10-06 06:29,318.5,.1
140,군산,2024-10-06 06:30,244.6,.1
140,군산,2024-10-06 06:31,276.7,.3
140,군산,2024-10-06 06:32,265.3,1
140,군산,2024-10-06 06:33,267.2,1.1
140,군산,2024-10-06 06:34,295.4,1.1
140,군산,2024-10-06 06:35,326.1,.2
140,군산,2024-10-06 06:36,242.1,.9
140,군산,2024-10-06 06:37,254.5,1.2
140,군산,2024-10-06 06:38,267.3,.8
140,군산,2024-10-06 06:39,271.6,1.5
140,군산,2024-10-06 06:40,288.4,2
140,군산,2024-10-06 06:41,283.7,1.5
140,군산,2024-10-06 06:42,275.9,1.5
140,군산,2024-10-06 06:43,290.5,1.6
140,군산,2024-10-06 06:44,338,1.4
140,군산,2024-10-06 06:45,319.6,.9
140,군산,2024-10-06 06:46,299.1,1.2
140,군산,2024-10-06 06:47,312.4,2.3
140,군산,2024-10-06 06:48,302.1,1.4
140,군산,2024-10-06 06:49,325.9,1.2
140,군산,2024-10-06 06:50,315.4,.6
140,군산,2024-10-06 06:51,330.5,.9
140,군산,2024-10-06 06:52,330,.7
140,군산,2024-10-06 06:53,154.1,.3
140,군산,2024-10-06 06:54,237.1,0
140,군산,2024-10-06 06:55,121.1,1.6
140,군산,2024-10-06 06:56,29.3,1.3
140,군산,2024-10-06 06:57,106.8,.4
140,군산,2024-10-06 06:58,141.1,1.1
140,군산,2024-10-06 06:59,46.2,.4
140,군산,2024-10-06 07:00,122.6,1
140,군산,2024-10-06 07:01,134.1,.8
140,군산,2024-10-06 07:02,168.3,1.2
140,군산,2024-10-06 07:03,37.8,.6
140,군산,2024-10-06 07:04,210.6,1.5
140,군산,2024-10-06 07:05,250.2,.6
140,군산,2024-10-06 07:06,285.5,1.3
140,군산,2024-10-06 07:07,312.5,1.8
140,군산,2024-10-06 07:08,263.8,2.1
140,군산,2024-10-06 07:09,301.9,1.7
140,군산,2024-10-06 07:10,298,1.9
140,군산,2024-10-06 07:11,298.8,2.1
140,군산,2024-10-06 07:12,297.6,1.5
140,군산,2024-10-06 07:13,320.7,1.9
140,군산,2024-10-06 07:14,96.9,.4
140,군산,2024-10-06 07:15,237.1,.4
140,군산,2024-10-06 07:16,293.6,.6
140,군산,2024-10-06 07:17,320.1,.5
140,군산,2024-10-06 07:18,290.5,1.2
140,군산,2024-10-06 07:19,307.5,1.5
140,군산,2024-10-06 07:20,315.4,1.6
140,군산,2024-10-06 07:21,22.5,1.8
140,군산,2024-10-06 07:22,290.2,1.5
140,군산,2024-10-06 07:23,235.3,2.3
140,군산,2024-10-06 07:24,253.4,2.4
140,군산,2024-10-06 07:25,292.2,1.9
140,군산,2024-10-06 07:26,210,1.1
140,군산,2024-10-06 07:27,81.7,1.9
140,군산,2024-10-06 07:28,290.7,1.5
140,군산,2024-10-06 07:29,24.7,3.4
140,군산,2024-10-06 07:30,25.4,1.5
140,군산,2024-10-06 07:31,275.5,1.8
140,군산,2024-10-06 07:32,286.2,.7
140,군산,2024-10-06 07:33,319.6,2.6
140,군산,2024-10-06 07:34,322,2.1
140,군산,2024-10-06 07:35,307,1
140,군산,2024-10-06 07:36,259.5,1.5
140,군산,2024-10-06 07:37,306.9,.7
140,군산,2024-10-06 07:38,237.3,.7
140,군산,2024-10-06 07:39,269.3,.9
140,군산,2024-10-06 07:40,137.5,1.2
140,군산,2024-10-06 07:41,79.5,.7
140,군산,2024-10-06 07:42,299.8,1
140,군산,2024-10-06 07:43,83.3,1.1
140,군산,2024-10-06 07:44,283.4,1.3
140,군산,2024-10-06 07:45,331.3,2
140,군산,2024-10-06 07:46,141,.7
140,군산,2024-10-06 07:47,312.4,1
140,군산,2024-10-06 07:48,42,1.1
140,군산,2024-10-06 07:49,336.3,1.3
140,군산,2024-10-06 07:50,286.5,.7
140,군산,2024-10-06 07:51,41.7,0
140,군산,2024-10-06 07:52,210.6,.4
140,군산,2024-10-06 07:53,324.9,1.4
140,군산,2024-10-06 07:54,85.7,1.2
140,군산,2024-10-06 07:55,195.3,1.6
140,군산,2024-10-06 07:56,310.2,.5
140,군산,2024-10-06 07:57,137.5,.4
140,군산,2024-10-06 07:58,155.3,.6
140,군산,2024-10-06 07:59,85.1,.6
140,군산,2024-10-06 08:00,59.7,.2
140,군산,2024-10-06 08:01,25.5,1.8
140,군산,2024-10-06 08:02,205.4,1.6
140,군산,2024-10-06 08:03,307.9,1.8
140,군산,2024-10-06 08:04,274.1,1.5
140,군산,2024-10-06 08:05,232.6,1.5
140,군산,2024-10-06 08:06,237,1.2
140,군산,2024-10-06 08:07,274.9,.5
140,군산,2024-10-06 08:08,179,1
140,군산,2024-10-06 08:09,254.3,.9
140,군산,2024-10-06 08:10,254.2,1.5
140,군산,2024-10-06 08:11,288.4,1.9
140,군산,2024-10-06 08:12,277.8,1.2
140,군산,2024-10-06 08:13,305.8,1.7
140,군산,2024-10-06 08:14,269.1,1.3
140,군산,2024-10-06 08:15,210.1,1.4
140,군산,2024-10-06 08:16,192.6,.8
140,군산,2024-10-06 08:17,213.9,1.5
140,군산,2024-10-06 08:18,229,.8
140,군산,2024-10-06 08:19,254.2,.8
140,군산,2024-10-06 08:20,226.1,1.1
140,군산,2024-10-06 08:21,188,0
140,군산,2024-10-06 08:22,206.5,1.1
140,군산,2024-10-06 08:23,99.4,.6
140,군산,2024-10-06 08:24,226.3,1.3
140,군산,2024-10-06 08:25,128.1,.9
140,군산,2024-10-06 08:26,73.1,.8
140,군산,2024-10-06 08:27,263.4,.9
140,군산,2024-10-06 08:28,44.6,1.1
140,군산,2024-10-06 08:29,84.8,.5
140,군산,2024-10-06 08:30,152.8,.8
140,군산,2024-10-06 08:31,149,.5
140,군산,2024-10-06 08:32,204.5,1.3
140,군산,2024-10-06 08:33,131.6,1.1
140,군산,2024-10-06 08:34,261.4,2.7
140,군산,2024-10-06 08:35,229.7,1.2
140,군산,2024-10-06 08:36,210.5,.2
140,군산,2024-10-06 08:37,156.3,.5
140,군산,2024-10-06 08:38,176.6,0
140,군산,2024-10-06 08:39,207.7,1.5
140,군산,2024-10-06 08:40,151.9,1.2
140,군산,2024-10-06 08:41,282.1,2.4
140,군산,2024-10-06 08:42,265.5,1.4
140,군산,2024-10-06 08:43,69.8,1.7
140,군산,2024-10-06 08:44,70.4,1.4
140,군산,2024-10-06 08:45,135.1,1.7
140,군산,2024-10-06 08:46,63.8,.9
140,군산,2024-10-06 08:47,178.4,1.8
140,군산,2024-10-06 08:48,192.3,1.4
140,군산,2024-10-06 08:49,121,1
140,군산,2024-10-06 08:50,50.6,.8
140,군산,2024-10-06 08:51,209.2,1.1
140,군산,2024-10-06 08:52,325,1.5
140,군산,2024-10-06 08:53,315.7,.8
140,군산,2024-10-06 08:54,324.4,.5
140,군산,2024-10-06 08:55,213,1.8
140,군산,2024-10-06 08:56,215.3,1.7
140,군산,2024-10-06 08:57,118.2,1.2
140,군산,2024-10-06 08:58,239.8,1.4
140,군산,2024-10-06 08:59,65.2,.6
140,군산,2024-10-06 09:00,254.2,.9
140,군산,2024-10-06 09:01,233.5,2
140,군산,2024-10-06 09:02,292.3,.4
140,군산,2024-10-06 09:03,250.7,1.4
140,군산,2024-10-06 09:04,221.8,1.2
140,군산,2024-10-06 09:05,215.9,.5
140,군산,2024-10-06 09:06,188.4,.3
140,군산,2024-10-06 09:07,78.2,.5
140,군산,2024-10-06 09:08,31.5,0
140,군산,2024-10-06 09:09,226.4,.4
140,군산,2024-10-06 09:10,276.7,1.4
140,군산,2024-10-06 09:11,291.1,2.2
140,군산,2024-10-06 09:12,261.1,1.2
140,군산,2024-10-06 09:13,44.2,.8
140,군산,2024-10-06 09:14,179.4,.3
140,군산,2024-10-06 09:15,65,.8
140,군산,2024-10-06 09:16,59.4,.9
140,군산,2024-10-06 09:17,93,1.4
140,군산,2024-10-06 09:18,84.7,1.2
140,군산,2024-10-06 09:19,216.3,1.6
140,군산,2024-10-06 09:20,44.7,2.6
140,군산,2024-10-06 09:21,77,1.7
140,군산,2024-10-06 09:22,161.6,1.5
140,군산,2024-10-06 09:23,176.8,.8
140,군산,2024-10-06 09:24,171.6,2
140,군산,2024-10-06 09:25,17.2,1.4
140,군산,2024-10-06 09:26,331.1,2.5
140,군산,2024-10-06 09:27,318.3,3.4
140,군산,2024-10-06 09:28,35.8,2.2
140,군산,2024-10-06 09:29,177,1.3
140,군산,2024-10-06 09:30,315.4,2.7
140,군산,2024-10-06 09:31,29.4,2.6
140,군산,2024-10-06 09:32,85.2,3.5
140,군산,2024-10-06 09:33,273.3,1.9
140,군산,2024-10-06 09:34,123.5,2.7
140,군산,2024-10-06 09:35,168.8,1.6
140,군산,2024-10-06 09:36,43.8,2.6
140,군산,2024-10-06 09:37,31.4,1.1
140,군산,2024-10-06 09:38,141,2.6
140,군산,2024-10-06 09:39,159.3,1.5
140,군산,2024-10-06 09:40,78.1,2.5
140,군산,2024-10-06 09:41,318.2,1.1
140,군산,2024-10-06 09:42,82.6,2.6
140,군산,2024-10-06 09:43,108.6,1.2
140,군산,2024-10-06 09:44,105.5,.5
140,군산,2024-10-06 09:45,196.1,.9
140,군산,2024-10-06 09:46,281.1,.5
140,군산,2024-10-06 09:47,146.4,.9
140,군산,2024-10-06 09:48,222,1.3
140,군산,2024-10-06 09:49,237.2,2.6
140,군산,2024-10-06 09:50,175.1,1
140,군산,2024-10-06 09:51,209.6,1.3
140,군산,2024-10-06 09:52,261.7,1.7
140,군산,2024-10-06 09:53,240.6,1.7
140,군산,2024-10-06 09:54,253.5,1.3
140,군산,2024-10-06 09:55,199.1,1.2
140,군산,2024-10-06 09:56,199.4,1.7
140,군산,2024-10-06 09:57,243.9,1.4
140,군산,2024-10-06 09:58,236.6,1.5
140,군산,2024-10-06 09:59,231.1,.9
140,군산,2024-10-06 10:00,222.9,1.3
140,군산,2024-10-06 10:01,235.7,1.8
140,군산,2024-10-06 10:02,228.2,.7
140,군산,2024-10-06 10:03,228.9,1.2
140,군산,2024-10-06 10:04,186,1.8
140,군산,2024-10-06 10:05,205.4,.9
140,군산,2024-10-06 10:06,205.3,1.2
140,군산,2024-10-06 10:07,255.3,1.3
140,군산,2024-10-06 10:08,250.3,.6
140,군산,2024-10-06 10:09,210.8,1.8
140,군산,2024-10-06 10:10,247.9,1.5
140,군산,2024-10-06 10:11,212.2,1.8
140,군산,2024-10-06 10:12,195.3,1.1
140,군산,2024-10-06 10:13,175.8,.5
140,군산,2024-10-06 10:14,121.4,0
140,군산,2024-10-06 10:15,269.2,.8
140,군산,2024-10-06 10:16,243.5,1.9
140,군산,2024-10-06 10:17,225.6,2.3
140,군산,2024-10-06 10:18,235.4,1.8
140,군산,2024-10-06 10:19,218.1,1.9
140,군산,2024-10-06 10:20,239,1.8
140,군산,2024-10-06 10:21,238.4,1.2
140,군산,2024-10-06 10:22,221.1,1.5
140,군산,2024-10-06 10:23,281.5,.8
140,군산,2024-10-06 10:24,289.7,1.5
140,군산,2024-10-06 10:25,223.6,.8
140,군산,2024-10-06 10:26,248.4,.4
140,군산,2024-10-06 10:27,228.1,.9
140,군산,2024-10-06 10:28,225.2,1.8
140,군산,2024-10-06 10:29,250.7,1.1
140,군산,2024-10-06 10:30,267.9,1
140,군산,2024-10-06 10:31,283.1,.4
140,군산,2024-10-06 10:32,112.5,1.5
140,군산,2024-10-06 10:33,145,2.4
140,군산,2024-10-06 10:34,160.3,1.8
140,군산,2024-10-06 10:35,165.2,1.1
140,군산,2024-10-06 10:36,124.5,1.9
140,군산,2024-10-06 10:37,92.9,1.1
140,군산,2024-10-06 10:38,239.8,2
140,군산,2024-10-06 10:39,98.5,.7
140,군산,2024-10-06 10:40,231.2,1.1
140,군산,2024-10-06 10:41,77.4,1.2
140,군산,2024-10-06 10:42,80,1.8
140,군산,2024-10-06 10:43,87.5,1.3
140,군산,2024-10-06 10:44,272.7,1.2
140,군산,2024-10-06 10:45,314.3,2
140,군산,2024-10-06 10:46,282.9,.1
140,군산,2024-10-06 10:47,263.7,1.3
140,군산,2024-10-06 10:48,157.3,.9
140,군산,2024-10-06 10:49,302.8,.8
140,군산,2024-10-06 10:50,248.1,1.5
140,군산,2024-10-06 10:51,260.8,1.6
140,군산,2024-10-06 10:52,298.2,1.1
140,군산,2024-10-06 10:53,263.1,1.1
140,군산,2024-10-06 10:54,241.6,1.5
140,군산,2024-10-06 10:55,282.1,1.2
140,군산,2024-10-06 10:56,241,1.2
140,군산,2024-10-06 10:57,74.7,.1
140,군산,2024-10-06 10:58,211.4,1.1
140,군산,2024-10-06 10:59,216.3,1.8
140,군산,2024-10-06 11:00,250.1,1.7
140,군산,2024-10-06 11:01,260.2,2.1
140,군산,2024-10-06 11:02,252.3,1.9
140,군산,2024-10-06 11:03,272.5,1.8
140,군산,2024-10-06 11:04,308.6,2.4
140,군산,2024-10-06 11:05,338.7,1.3
140,군산,2024-10-06 11:06,342.4,1
140,군산,2024-10-06 11:07,231.9,.5
140,군산,2024-10-06 11:08,247,0
140,군산,2024-10-06 11:09,249.7,.2
140,군산,2024-10-06 11:10,250,1.6
140,군산,2024-10-06 11:11,299.2,2
140,군산,2024-10-06 11:12,327.9,2.6
140,군산,2024-10-06 11:13,62.4,2.9
140,군산,2024-10-06 11:14,92.5,2.3
140,군산,2024-10-06 11:15,11.2,1
140,군산,2024-10-06 11:16,117.2,.5
140,군산,2024-10-06 11:17,24.4,.4
140,군산,2024-10-06 11:18,355.3,.7
140,군산,2024-10-06 11:19,312.2,2
140,군산,2024-10-06 11:20,323.6,2
140,군산,2024-10-06 11:21,329.9,1.3
140,군산,2024-10-06 11:22,248.9,.8
140,군산,2024-10-06 11:23,249,0
140,군산,2024-10-06 11:24,299.4,1.3
140,군산,2024-10-06 11:25,313.8,1.6
140,군산,2024-10-06 11:26,8.4,1.1
140,군산,2024-10-06 11:27,291.6,1.2
140,군산,2024-10-06 11:28,350.9,1.2
140,군산,2024-10-06 11:29,341.4,.8
140,군산,2024-10-06 11:30,37.1,.9
140,군산,2024-10-06 11:31,343.9,2.4
140,군산,2024-10-06 11:32,176.3,.8
140,군산,2024-10-06 11:33,300.6,2.3
140,군산,2024-10-06 11:34,338.3,1.8
140,군산,2024-10-06 11:35,320.4,1.6
140,군산,2024-10-06 11:36,311.5,2.6
140,군산,2024-10-06 11:37,323.1,2.1
140,군산,2024-10-06 11:38,327.6,2.6
140,군산,2024-10-06 11:39,326.3,2.8
140,군산,2024-10-06 11:40,326.3,2.5
140,군산,2024-10-06 11:41,326.2,1.8
140,군산,2024-10-06 11:42,344.2,2.1
140,군산,2024-10-06 11:43,336.3,2.6
140,군산,2024-10-06 11:44,327.2,2.2
140,군산,2024-10-06 11:45,316.5,1.7
140,군산,2024-10-06 11:46,333.8,2
140,군산,2024-10-06 11:47,327.4,1.8
140,군산,2024-10-06 11:48,332.1,2.1
140,군산,2024-10-06 11:49,317.1,1.7
140,군산,2024-10-06 11:50,314.1,1.3
140,군산,2024-10-06 11:51,287.5,1.8
140,군산,2024-10-06 11:52,324.4,1.7
140,군산,2024-10-06 11:53,326.2,1
140,군산,2024-10-06 11:54,307.1,1
140,군산,2024-10-06 11:55,315.5,.7
140,군산,2024-10-06 11:56,353.5,.6
140,군산,2024-10-06 11:57,9.7,.4
140,군산,2024-10-06 11:58,332.5,0
140,군산,2024-10-06 11:59,12.7,.9
140,군산,2024-10-06 12:00,349.4,.8
140,군산,2024-10-06 12:01,267.7,1.2
140,군산,2024-10-06 12:02,352,1.1
140,군산,2024-10-06 12:03,348,1.3
140,군산,2024-10-06 12:04,319.9,1.3
140,군산,2024-10-06 12:05,291.3,1
140,군산,2024-10-06 12:06,299.2,1.6
140,군산,2024-10-06 12:07,302.9,1.5
140,군산,2024-10-06 12:08,301.4,2.2
140,군산,2024-10-06 12:09,335.6,1.6
140,군산,2024-10-06 12:10,94.5,1.2
140,군산,2024-10-06 12:11,222.4,.9
140,군산,2024-10-06 12:12,335.6,1.9
140,군산,2024-10-06 12:13,233.9,1.6
140,군산,2024-10-06 12:14,312.8,1.2
140,군산,2024-10-06 12:15,68.9,1.5
140,군산,2024-10-06 12:16,343.2,1.4
140,군산,2024-10-06 12:17,307.5,1
140,군산,2024-10-06 12:18,131.9,.5
140,군산,2024-10-06 12:19,345,.5
140,군산,2024-10-06 12:20,345.9,.9
140,군산,2024-10-06 12:21,348.5,.3
140,군산,2024-10-06 12:22,317.8,.2
140,군산,2024-10-06 12:23,307.9,.4
140,군산,2024-10-06 12:24,187.9,.7
140,군산,2024-10-06 12:25,341.3,.2
140,군산,2024-10-06 12:26,305.3,.7
140,군산,2024-10-06 12:27,309.9,1.2
140,군산,2024-10-06 12:28,312.3,1.4
140,군산,2024-10-06 12:29,341.5,1.2
140,군산,2024-10-06 12:30,267.1,1.2
140,군산,2024-10-06 12:31,18.6,.9
140,군산,2024-10-06 12:32,355.8,1
140,군산,2024-10-06 12:33,0,.6
140,군산,2024-10-06 12:34,5.1,.9
140,군산,2024-10-06 12:35,312.2,.4
140,군산,2024-10-06 12:36,329.2,.1
140,군산,2024-10-06 12:37,291.3,.6
140,군산,2024-10-06 12:38,43.8,.6
140,군산,2024-10-06 12:39,60.5,0
140,군산,2024-10-06 12:40,60.5,0
140,군산,2024-10-06 12:41,71.7,0
140,군산,2024-10-06 12:42,83,0
140,군산,2024-10-06 12:43,81.6,.4
140,군산,2024-10-06 12:44,80.2,.2
140,군산,2024-10-06 12:45,80.2,.4
140,군산,2024-10-06 12:46,80.2,.2
140,군산,2024-10-06 12:47,80.2,.3
140,군산,2024-10-06 12:48,80.2,.5
140,군산,2024-10-06 12:49,80.2,.4
140,군산,2024-10-06 12:50,80.2,0
140,군산,2024-10-06 12:51,80.2,.2
140,군산,2024-10-06 12:52,80.2,.6
140,군산,2024-10-06 12:53,80.2,.6
140,군산,2024-10-06 12:54,80.2,.4
140,군산,2024-10-06 12:55,80.2,.5
140,군산,2024-10-06 12:56,80.2,.1
140,군산,2024-10-06 12:57,296.2,.8
140,군산,2024-10-06 12:58,262.5,.4
140,군산,2024-10-06 12:59,270.5,0
140,군산,2024-10-06 13:00,313.3,.4
140,군산,2024-10-06 13:01,296,.6
140,군산,2024-10-06 13:02,13.1,.6
140,군산,2024-10-06 13:03,297,.6
140,군산,2024-10-06 13:04,350.9,.8
140,군산,2024-10-06 13:05,334.8,.7
140,군산,2024-10-06 13:06,353,.3
140,군산,2024-10-06 13:07,338.9,.1
140,군산,2024-10-06 13:08,2.8,.3
140,군산,2024-10-06 13:09,268.5,.5
140,군산,2024-10-06 13:10,19.6,.3
140,군산,2024-10-06 13:11,16.9,.2
140,군산,2024-10-06 13:12,349.9,.3
140,군산,2024-10-06 13:13,331.8,.1
140,군산,2024-10-06 13:14,304.4,.9
140,군산,2024-10-06 13:15,314.1,1.2
140,군산,2024-10-06 13:16,327.8,.8
140,군산,2024-10-06 13:17,345.9,1.2
140,군산,2024-10-06 13:18,7.1,.9
140,군산,2024-10-06 13:19,13,.2
140,군산,2024-10-06 13:20,322.1,.7
140,군산,2024-10-06 13:21,65.9,1.1
140,군산,2024-10-06 13:22,14.6,1.3
140,군산,2024-10-06 13:23,5.7,.5
140,군산,2024-10-06 13:24,335.9,.6
140,군산,2024-10-06 13:25,329.1,0
140,군산,2024-10-06 13:26,353,0
140,군산,2024-10-06 13:27,18.3,.3
140,군산,2024-10-06 13:28,296.7,.1
140,군산,2024-10-06 13:29,245.9,.4
140,군산,2024-10-06 13:30,246.1,.5
140,군산,2024-10-06 13:31,243.3,.5
140,군산,2024-10-06 13:32,243.3,.2
140,군산,2024-10-06 13:33,246.1,.2
140,군산,2024-10-06 13:34,247.5,0
140,군산,2024-10-06 13:35,243.3,.2
140,군산,2024-10-06 13:36,235.2,.6
140,군산,2024-10-06 13:37,222.2,.4
140,군산,2024-10-06 13:38,215.6,.5
140,군산,2024-10-06 13:39,216.6,.4
140,군산,2024-10-06 13:40,216.6,.4
140,군산,2024-10-06 13:41,313.7,.9
140,군산,2024-10-06 13:42,331.8,1
140,군산,2024-10-06 13:43,333.9,.8
140,군산,2024-10-06 13:44,349,.6
140,군산,2024-10-06 13:45,90.8,.5
140,군산,2024-10-06 13:46,119.1,.7
140,군산,2024-10-06 13:47,310,1.5
140,군산,2024-10-06 13:48,310.3,.9
140,군산,2024-10-06 13:49,101.3,.4
140,군산,2024-10-06 13:50,305.9,1.2
140,군산,2024-10-06 13:51,31.3,.8
140,군산,2024-10-06 13:52,85.8,.7
140,군산,2024-10-06 13:53,87.2,.1
140,군산,2024-10-06 13:54,87.2,.4
140,군산,2024-10-06 13:55,92.1,.5
140,군산,2024-10-06 13:56,95.6,1
140,군산,2024-10-06 13:57,94.2,1
140,군산,2024-10-06 13:58,97,1
140,군산,2024-10-06 13:59,97,.4
140,군산,2024-10-06 14:00,98.4,.7
140,군산,2024-10-06 14:01,116.2,1.1
140,군산,2024-10-06 14:02,132.9,1.8
140,군산,2024-10-06 14:03,135,1.9
140,군산,2024-10-06 14:04,149.8,2.2
140,군산,2024-10-06 14:05,159.4,2
140,군산,2024-10-06 14:06,138.9,2.7
140,군산,2024-10-06 14:07,131,3
140,군산,2024-10-06 14:08,148.4,1.8
140,군산,2024-10-06 14:09,142.9,1.4
140,군산,2024-10-06 14:10,146.6,1.8
140,군산,2024-10-06 14:11,122.1,1.8
140,군산,2024-10-06 14:12,170.2,.3
140,군산,2024-10-06 14:13,350.7,.7
140,군산,2024-10-06 14:14,357.4,.7
140,군산,2024-10-06 14:15,21.1,1.1
140,군산,2024-10-06 14:16,44.6,.5
140,군산,2024-10-06 14:17,339.6,.7
140,군산,2024-10-06 14:18,345.4,.4
140,군산,2024-10-06 14:19,342.3,.7
140,군산,2024-10-06 14:20,346.2,1.9
140,군산,2024-10-06 14:21,322.9,1
140,군산,2024-10-06 14:22,39.3,1.3
140,군산,2024-10-06 14:23,37.6,1.5
140,군산,2024-10-06 14:24,25.3,1
140,군산,2024-10-06 14:25,25.4,.7
140,군산,2024-10-06 14:26,12.7,.2
140,군산,2024-10-06 14:27,31.2,0
140,군산,2024-10-06 14:28,30.5,.3
140,군산,2024-10-06 14:29,159.5,.1
140,군산,2024-10-06 14:30,138.7,0
140,군산,2024-10-06 14:31,53.6,0
140,군산,2024-10-06 14:32,97.4,0
140,군산,2024-10-06 14:33,284.9,0
140,군산,2024-10-06 14:34,31.5,.5
140,군산,2024-10-06 14:35,289.5,1
140,군산,2024-10-06 14:36,323.4,.9
140,군산,2024-10-06 14:37,309.7,1.3
140,군산,2024-10-06 14:38,330.7,.9
140,군산,2024-10-06 14:39,305.5,.6
140,군산,2024-10-06 14:40,340.9,.9
140,군산,2024-10-06 14:41,335.6,.5
140,군산,2024-10-06 14:42,16.7,.6
140,군산,2024-10-06 14:43,149.2,.4
140,군산,2024-10-06 14:44,300.7,0
140,군산,2024-10-06 14:45,316.6,.2
140,군산,2024-10-06 14:46,315.2,.3
140,군산,2024-10-06 14:47,30.7,.8
140,군산,2024-10-06 14:48,352.2,.6
140,군산,2024-10-06 14:49,320,.9
140,군산,2024-10-06 14:50,312.1,.7
140,군산,2024-10-06 14:51,339.9,.8
140,군산,2024-10-06 14:52,234.8,.6
140,군산,2024-10-06 14:53,13.6,0
140,군산,2024-10-06 14:54,35.5,.4
140,군산,2024-10-06 14:55,12.7,0
140,군산,2024-10-06 14:56,103.8,.3
140,군산,2024-10-06 14:57,94.5,.3
140,군산,2024-10-06 14:58,84.3,.6
140,군산,2024-10-06 14:59,118.5,.5
140,군산,2024-10-06 15:00,93.3,.5
140,군산,2024-10-06 15:01,31.4,.2
140,군산,2024-10-06 15:02,4.2,0
140,군산,2024-10-06 15:03,14.1,.8
140,군산,2024-10-06 15:04,9.1,.8
140,군산,2024-10-06 15:05,343.1,1
140,군산,2024-10-06 15:06,336.1,1.7
140,군산,2024-10-06 15:07,337,2
140,군산,2024-10-06 15:08,339.6,1.6
140,군산,2024-10-06 15:09,345.6,1.8
140,군산,2024-10-06 15:10,341.1,1.7
140,군산,2024-10-06 15:11,336.6,1.8
140,군산,2024-10-06 15:12,316.8,1.8
140,군산,2024-10-06 15:13,336.7,1.8
140,군산,2024-10-06 15:14,312.3,1.6
140,군산,2024-10-06 15:15,340.2,2.6
140,군산,2024-10-06 15:16,343.2,1.1
140,군산,2024-10-06 15:17,321.2,2.6
140,군산,2024-10-06 15:18,349.3,1.4
140,군산,2024-10-06 15:19,314.4,2.1
140,군산,2024-10-06 15:20,303.8,2.4
140,군산,2024-10-06 15:21,295.1,1
140,군산,2024-10-06 15:22,324.5,1.6
140,군산,2024-10-06 15:23,329.2,1.5
140,군산,2024-10-06 15:24,312.7,2.7
140,군산,2024-10-06 15:25,325.3,2.4
140,군산,2024-10-06 15:26,327.2,2.8
140,군산,2024-10-06 15:27,332.3,2.7
140,군산,2024-10-06 15:28,319,2.8
140,군산,2024-10-06 15:29,315.2,3.3
140,군산,2024-10-06 15:30,320.3,3
140,군산,2024-10-06 15:31,316.4,2.8
140,군산,2024-10-06 15:32,329.5,2.7
140,군산,2024-10-06 15:33,317.1,2.6
140,군산,2024-10-06 15:34,321.9,2.8
140,군산,2024-10-06 15:35,304,2.7
140,군산,2024-10-06 15:36,330.9,1.3
140,군산,2024-10-06 15:37,343,2.9
140,군산,2024-10-06 15:38,319.6,1.6
140,군산,2024-10-06 15:39,330.4,1.6
140,군산,2024-10-06 15:40,314.1,2.1
140,군산,2024-10-06 15:41,340.8,1.8
140,군산,2024-10-06 15:42,329.1,2.2
140,군산,2024-10-06 15:43,336.4,1.8
140,군산,2024-10-06 15:44,319.5,2.1
140,군산,2024-10-06 15:45,321.8,1.8
140,군산,2024-10-06 15:46,333.7,1.4
140,군산,2024-10-06 15:47,284.7,1.6
140,군산,2024-10-06 15:48,295.3,2
140,군산,2024-10-06 15:49,307.2,1.5
140,군산,2024-10-06 15:50,278.3,1.1
140,군산,2024-10-06 15:51,311.6,1.4
140,군산,2024-10-06 15:52,297.1,1.3
140,군산,2024-10-06 15:53,301,1.8
140,군산,2024-10-06 15:54,308.3,1.7
140,군산,2024-10-06 15:55,320.8,2.4
140,군산,2024-10-06 15:56,320.3,1.8
140,군산,2024-10-06 15:57,300.8,1.5
140,군산,2024-10-06 15:58,329.2,1.8
140,군산,2024-10-06 15:59,316.2,1.6
140,군산,2024-10-06 16:00,306.8,1
140,군산,2024-10-06 16:01,313.7,1.7
140,군산,2024-10-06 16:02,327.8,1.4
140,군산,2024-10-06 16:03,310.7,1.3
140,군산,2024-10-06 16:04,331.9,0
140,군산,2024-10-06 16:05,331.9,.2
140,군산,2024-10-06 16:06,331.9,.5
140,군산,2024-10-06 16:07,331.9,.3
140,군산,2024-10-06 16:08,333.3,.3
140,군산,2024-10-06 16:09,331.9,.2
140,군산,2024-10-06 16:10,334.7,0
140,군산,2024-10-06 16:11,334.7,0
140,군산,2024-10-06 16:12,334.7,.6
140,군산,2024-10-06 16:13,334.7,.2
140,군산,2024-10-06 16:14,334.7,.2
140,군산,2024-10-06 16:15,334.7,0
140,군산,2024-10-06 16:16,334.7,0
140,군산,2024-10-06 16:17,334.7,.1
140,군산,2024-10-06 16:18,334.7,.1
140,군산,2024-10-06 16:19,334.7,.5
140,군산,2024-10-06 16:20,336.1,.7
140,군산,2024-10-06 16:21,336.1,.3
140,군산,2024-10-06 16:22,336.1,.8
140,군산,2024-10-06 16:23,42.2,.9
140,군산,2024-10-06 16:24,42.2,.3
140,군산,2024-10-06 16:25,42.2,.5
140,군산,2024-10-06 16:26,42.2,0
140,군산,2024-10-06 16:27,42.2,0
140,군산,2024-10-06 16:28,42.2,0
140,군산,2024-10-06 16:29,42.2,.4
140,군산,2024-10-06 16:30,42.2,0
140,군산,2024-10-06 16:31,42.2,.1
140,군산,2024-10-06 16:32,42.2,.5
140,군산,2024-10-06 16:33,42.2,.4
140,군산,2024-10-06 16:34,42.2,.6
140,군산,2024-10-06 16:35,42.2,.3
140,군산,2024-10-06 16:36,42.2,.6
140,군산,2024-10-06 16:37,39.3,1
140,군산,2024-10-06 16:38,1.4,1.3
140,군산,2024-10-06 16:39,338.2,1.4
140,군산,2024-10-06 16:40,337.5,1.1
140,군산,2024-10-06 16:41,331.9,.7
140,군산,2024-10-06 16:42,331.9,.2
140,군산,2024-10-06 16:43,333.2,.6
140,군산,2024-10-06 16:44,334.7,.4
140,군산,2024-10-06 16:45,334.7,0
140,군산,2024-10-06 16:46,334.7,.3
140,군산,2024-10-06 16:47,336.9,.3
140,군산,2024-10-06 16:48,337.5,.3
140,군산,2024-10-06 16:49,337.5,.6
140,군산,2024-10-06 16:50,337.5,.8
140,군산,2024-10-06 16:51,337.5,.4
140,군산,2024-10-06 16:52,336.1,.3
140,군산,2024-10-06 16:53,336.1,.3
140,군산,2024-10-06 16:54,336.1,0
140,군산,2024-10-06 16:55,337.5,.1
140,군산,2024-10-06 16:56,338.9,.4
140,군산,2024-10-06 16:57,347.3,.5
140,군산,2024-10-06 16:58,353,.5
140,군산,2024-10-06 16:59,354.4,.3
140,군산,2024-10-06 17:00,357.2,.7
140,군산,2024-10-06 17:01,357.2,.7
140,군산,2024-10-06 17:02,94.2,.7
140,군산,2024-10-06 17:03,91.4,.8
140,군산,2024-10-06 17:04,92.8,.7
140,군산,2024-10-06 17:05,91.4,.9
140,군산,2024-10-06 17:06,91.4,.7
140,군산,2024-10-06 17:07,91.4,.7
140,군산,2024-10-06 17:08,96.3,1
140,군산,2024-10-06 17:09,96.9,.8
140,군산,2024-10-06 17:10,90.2,.9
140,군산,2024-10-06 17:11,98.4,.6
140,군산,2024-10-06 17:12,82.7,.5
140,군산,2024-10-06 17:13,90.8,.6
140,군산,2024-10-06 17:14,90.5,.7
140,군산,2024-10-06 17:15,99,.6
140,군산,2024-10-06 17:16,99.2,1
140,군산,2024-10-06 17:17,104.2,1.1
140,군산,2024-10-06 17:18,101.5,1
140,군산,2024-10-06 17:19,95.3,.9
140,군산,2024-10-06 17:20,89.5,.8
140,군산,2024-10-06 17:21,87.7,1
140,군산,2024-10-06 17:22,90,1
140,군산,2024-10-06 17:23,90.2,1.2
140,군산,2024-10-06 17:24,89,1.3
140,군산,2024-10-06 17:25,90.7,1.4
140,군산,2024-10-06 17:26,87.7,1.3
140,군산,2024-10-06 17:27,94.3,1.4
140,군산,2024-10-06 17:28,97.1,1.3
140,군산,2024-10-06 17:29,90.7,1.3
140,군산,2024-10-06 17:30,90.2,1.3
140,군산,2024-10-06 17:31,94.3,1
140,군산,2024-10-06 17:32,90,1.1
140,군산,2024-10-06 17:33,94,1.2
140,군산,2024-10-06 17:34,94.7,1.3
140,군산,2024-10-06 17:35,91.9,1.6
140,군산,2024-10-06 17:36,89,1.9
140,군산,2024-10-06 17:37,90.4,1.8
140,군산,2024-10-06 17:38,94,1.7
140,군산,2024-10-06 17:39,84.7,1.8
140,군산,2024-10-06 17:40,91.5,1.5
140,군산,2024-10-06 17:41,88,1.5
140,군산,2024-10-06 17:42,86.4,1.5
140,군산,2024-10-06 17:43,82.9,1.4
140,군산,2024-10-06 17:44,98.4,1.8
140,군산,2024-10-06 17:45,100.3,1.7
140,군산,2024-10-06 17:46,106,1.6
140,군산,2024-10-06 17:47,100.2,1.4
140,군산,2024-10-06 17:48,98.6,1.5
140,군산,2024-10-06 17:49,97.6,1.7
140,군산,2024-10-06 17:50,105.6,1.7
140,군산,2024-10-06 17:51,109.1,2.3
140,군산,2024-10-06 17:52,106.4,1.9
140,군산,2024-10-06 17:53,106.4,1.7
140,군산,2024-10-06 17:54,90.1,1.1
140,군산,2024-10-06 17:55,123.8,.5
140,군산,2024-10-06 17:56,119.5,.8
140,군산,2024-10-06 17:57,157.5,.6
140,군산,2024-10-06 17:58,88.8,.1
140,군산,2024-10-06 17:59,137.8,.2
140,군산,2024-10-06 18:00,138.5,0
140,군산,2024-10-06 18:01,263,0
140,군산,2024-10-06 18:02,263,0
140,군산,2024-10-06 18:03,330.5,0
140,군산,2024-10-06 18:04,267.2,0
140,군산,2024-10-06 18:05,337.5,.1
140,군산,2024-10-06 18:06,294.5,.2
140,군산,2024-10-06 18:07,298.1,0
140,군산,2024-10-06 18:08,298.1,0
140,군산,2024-10-06 18:09,298.1,0
140,군산,2024-10-06 18:10,337.5,0
140,군산,2024-10-06 18:11,337.5,0
140,군산,2024-10-06 18:12,337.5,0
140,군산,2024-10-06 18:13,337.5,0
140,군산,2024-10-06 18:14,337.5,0
140,군산,2024-10-06 18:15,337.5,0
140,군산,2024-10-06 18:16,337.5,0
140,군산,2024-10-06 18:17,337.5,0
140,군산,2024-10-06 18:18,337.5,0
140,군산,2024-10-06 18:19,327.7,.3
140,군산,2024-10-06 18:20,314.4,.4
140,군산,2024-10-06 18:21,301.8,.5
140,군산,2024-10-06 18:22,302.8,.6
140,군산,2024-10-06 18:23,312.8,.6
140,군산,2024-10-06 18:24,322,.9
140,군산,2024-10-06 18:25,334.7,.7
140,군산,2024-10-06 18:26,345.9,.4
140,군산,2024-10-06 18:27,349.9,.5
140,군산,2024-10-06 18:28,24.1,.2
140,군산,2024-10-06 18:29,69.7,.1
140,군산,2024-10-06 18:30,25.7,0
140,군산,2024-10-06 18:31,22.7,.6
140,군산,2024-10-06 18:32,36,.5
140,군산,2024-10-06 18:33,38.2,.7
140,군산,2024-10-06 18:34,70.2,.6
140,군산,2024-10-06 18:35,81.2,.8
140,군산,2024-10-06 18:36,60.8,.8
140,군산,2024-10-06 18:37,78.7,1.1
140,군산,2024-10-06 18:38,81.1,1.3
140,군산,2024-10-06 18:39,85.2,1.6
140,군산,2024-10-06 18:40,86.2,1.6
140,군산,2024-10-06 18:41,90,1.7
140,군산,2024-10-06 18:42,88.5,1.7
140,군산,2024-10-06 18:43,84.5,1.8
140,군산,2024-10-06 18:44,92,2.1
140,군산,2024-10-06 18:45,86.9,1.6
140,군산,2024-10-06 18:46,96.4,2.3
140,군산,2024-10-06 18:47,90,2.2
140,군산,2024-10-06 18:48,87.5,2
140,군산,2024-10-06 18:49,90.5,1.8
140,군산,2024-10-06 18:50,91.5,1.7
140,군산,2024-10-06 18:51,83.6,1.5
140,군산,2024-10-06 18:52,88.7,1.3
140,군산,2024-10-06 18:53,79.8,1.1
140,군산,2024-10-06 18:54,71.4,.6
140,군산,2024-10-06 18:55,57.7,.3
140,군산,2024-10-06 18:56,109.9,.5
140,군산,2024-10-06 18:57,78.3,.6
140,군산,2024-10-06 18:58,75.6,.6
140,군산,2024-10-06 18:59,74.6,.9
140,군산,2024-10-06 19:00,58.4,.7
140,군산,2024-10-06 19:01,90.9,.4
140,군산,2024-10-06 19:02,96.9,.6
140,군산,2024-10-06 19:03,86.7,.6
140,군산,2024-10-06 19:04,94,.7
140,군산,2024-10-06 19:05,81.3,.7
140,군산,2024-10-06 19:06,87.7,.9
140,군산,2024-10-06 19:07,91.8,1
140,군산,2024-10-06 19:08,90.2,1.2
140,군산,2024-10-06 19:09,95.3,1
140,군산,2024-10-06 19:10,102.1,1.4
140,군산,2024-10-06 19:11,98.9,1.4
140,군산,2024-10-06 19:12,98.3,1.4
140,군산,2024-10-06 19:13,107.7,1.7
140,군산,2024-10-06 19:14,106.1,1.3
140,군산,2024-10-06 19:15,101.7,1.5
140,군산,2024-10-06 19:16,96.1,1.4
140,군산,2024-10-06 19:17,95.3,1.3
140,군산,2024-10-06 19:18,97,1.4
140,군산,2024-10-06 19:19,99.6,1.4
140,군산,2024-10-06 19:20,98.8,1.4
140,군산,2024-10-06 19:21,95,1.7
140,군산,2024-10-06 19:22,90.5,1.8
140,군산,2024-10-06 19:23,96.3,1.8
140,군산,2024-10-06 19:24,98.4,1.6
140,군산,2024-10-06 19:25,91.8,1.4
140,군산,2024-10-06 19:26,94.7,1.4
140,군산,2024-10-06 19:27,89.8,1.2
140,군산,2024-10-06 19:28,86.7,1.3
140,군산,2024-10-06 19:29,98.8,1.2
140,군산,2024-10-06 19:30,98.4,1.3
140,군산,2024-10-06 19:31,102.8,1.5
140,군산,2024-10-06 19:32,101.5,1.3
140,군산,2024-10-06 19:33,101.3,1.5
140,군산,2024-10-06 19:34,98.8,1.3
140,군산,2024-10-06 19:35,92,1.5
140,군산,2024-10-06 19:36,89.1,1.3
140,군산,2024-10-06 19:37,89,1.4
140,군산,2024-10-06 19:38,91.9,1.3
140,군산,2024-10-06 19:39,83.5,1
140,군산,2024-10-06 19:40,89.4,.8
140,군산,2024-10-06 19:41,86.7,1.1
140,군산,2024-10-06 19:42,96,1
140,군산,2024-10-06 19:43,93.6,1
140,군산,2024-10-06 19:44,98.4,1
140,군산,2024-10-06 19:45,98.3,1
140,군산,2024-10-06 19:46,97.1,1.2
140,군산,2024-10-06 19:47,98.2,1
140,군산,2024-10-06 19:48,90.1,1.3
140,군산,2024-10-06 19:49,98.4,1.4
140,군산,2024-10-06 19:50,92.1,1.3
140,군산,2024-10-06 19:51,97.5,1.2
140,군산,2024-10-06 19:52,92.7,1.4
140,군산,2024-10-06 19:53,99.7,1.3
140,군산,2024-10-06 19:54,100.1,1.6
140,군산,2024-10-06 19:55,100.2,1.6
140,군산,2024-10-06 19:56,99.7,1.8
140,군산,2024-10-06 19:57,100.2,1.5
140,군산,2024-10-06 19:58,93.6,1.9
140,군산,2024-10-06 19:59,93,1.8
140,군산,2024-10-06 20:00,92.3,2
140,군산,2024-10-06 20:01,84.4,1.7
140,군산,2024-10-06 20:02,86,1.7
140,군산,2024-10-06 20:03,82.3,1.5
140,군산,2024-10-06 20:04,81.3,1.3
140,군산,2024-10-06 20:05,102.6,1
140,군산,2024-10-06 20:06,96.5,1.1
140,군산,2024-10-06 20:07,89,1.3
140,군산,2024-10-06 20:08,85.8,1.3
140,군산,2024-10-06 20:09,79.2,.9
140,군산,2024-10-06 20:10,83.2,1.1
140,군산,2024-10-06 20:11,87.3,1
140,군산,2024-10-06 20:12,95.1,1.4
140,군산,2024-10-06 20:13,91.9,1.3
140,군산,2024-10-06 20:14,89.7,1.2
140,군산,2024-10-06 20:15,85.3,1.2
140,군산,2024-10-06 20:16,90.7,1.2
140,군산,2024-10-06 20:17,89.5,.8
140,군산,2024-10-06 20:18,83,.6
140,군산,2024-10-06 20:19,83,.4
140,군산,2024-10-06 20:20,80.2,.5
140,군산,2024-10-06 20:21,53.4,.2
140,군산,2024-10-06 20:22,68.9,.6
140,군산,2024-10-06 20:23,66.1,.2
140,군산,2024-10-06 20:24,97,.7
140,군산,2024-10-06 20:25,109.7,.4
140,군산,2024-10-06 20:26,96.9,.4
140,군산,2024-10-06 20:27,93.2,.3
140,군산,2024-10-06 20:28,90,.3
140,군산,2024-10-06 20:29,93.3,.6
140,군산,2024-10-06 20:30,80.2,.4
140,군산,2024-10-06 20:31,92.8,.7
140,군산,2024-10-06 20:32,93.2,.9
140,군산,2024-10-06 20:33,91.4,.9
140,군산,2024-10-06 20:34,91.4,1.1
140,군산,2024-10-06 20:35,87.2,1.3
140,군산,2024-10-06 20:36,85.8,1.1
140,군산,2024-10-06 20:37,105.9,1.2
140,군산,2024-10-06 20:38,97.4,.9
140,군산,2024-10-06 20:39,115.9,.6
140,군산,2024-10-06 20:40,84.8,.7
140,군산,2024-10-06 20:41,81.8,.7
140,군산,2024-10-06 20:42,86.7,.7
140,군산,2024-10-06 20:43,100.2,.7
140,군산,2024-10-06 20:44,102.6,.7
140,군산,2024-10-06 20:45,78.2,.9
140,군산,2024-10-06 20:46,69.9,1.4
140,군산,2024-10-06 20:47,90.7,1.2
140,군산,2024-10-06 20:48,91.4,1.2
140,군산,2024-10-06 20:49,97.5,.9
140,군산,2024-10-06 20:50,76.1,1.3
140,군산,2024-10-06 20:51,60.6,1.2
140,군산,2024-10-06 20:52,93.5,1.6
140,군산,2024-10-06 20:53,84.5,1.6
140,군산,2024-10-06 20:54,96.7,1.4
140,군산,2024-10-06 20:55,93.3,1.4
140,군산,2024-10-06 20:56,91.8,1.5
140,군산,2024-10-06 20:57,102.7,1.8
140,군산,2024-10-06 20:58,98.2,1.8
140,군산,2024-10-06 20:59,102.7,1.8
140,군산,2024-10-06 21:00,107.6,1.9
140,군산,2024-10-06 21:01,110.9,1.5
140,군산,2024-10-06 21:02,111.3,1.6
140,군산,2024-10-06 21:03,110.3,1.4
140,군산,2024-10-06 21:04,102.2,1.3
140,군산,2024-10-06 21:05,105.5,1.5
140,군산,2024-10-06 21:06,101.1,1.5
140,군산,2024-10-06 21:07,112.2,1.5
140,군산,2024-10-06 21:08,102.2,1.8
140,군산,2024-10-06 21:09,98.7,1.8
140,군산,2024-10-06 21:10,108.8,1.2
140,군산,2024-10-06 21:11,119.8,1.4
140,군산,2024-10-06 21:12,108.8,1
140,군산,2024-10-06 21:13,99.7,1
140,군산,2024-10-06 21:14,96.8,1.1
140,군산,2024-10-06 21:15,107.5,1
140,군산,2024-10-06 21:16,104.3,1.4
140,군산,2024-10-06 21:17,102.9,.7
140,군산,2024-10-06 21:18,119.9,1.2
140,군산,2024-10-06 21:19,109.1,.9
140,군산,2024-10-06 21:20,120.9,.6
140,군산,2024-10-06 21:21,132,.4
140,군산,2024-10-06 21:22,138.2,.8
140,군산,2024-10-06 21:23,131.2,1
140,군산,2024-10-06 21:24,107.3,.8
140,군산,2024-10-06 21:25,123.4,.7
140,군산,2024-10-06 21:26,92.1,.9
140,군산,2024-10-06 21:27,100.9,.5
140,군산,2024-10-06 21:28,112.4,.6
140,군산,2024-10-06 21:29,99,.6
140,군산,2024-10-06 21:30,103.6,.6
140,군산,2024-10-06 21:31,100.3,.3
140,군산,2024-10-06 21:32,90.8,.2
140,군산,2024-10-06 21:33,63.6,0
140,군산,2024-10-06 21:34,68.9,0
140,군산,2024-10-06 21:35,47.8,0
140,군산,2024-10-06 21:36,38,0
140,군산,2024-10-06 21:37,40.8,0
140,군산,2024-10-06 21:38,97.9,.4
140,군산,2024-10-06 21:39,125.6,0
140,군산,2024-10-06 21:40,108.5,0
140,군산,2024-10-06 21:41,84.3,.2
140,군산,2024-10-06 21:42,90.2,.2
140,군산,2024-10-06 21:43,66.9,.1
140,군산,2024-10-06 21:44,51.5,.2
140,군산,2024-10-06 21:45,40.1,.2
140,군산,2024-10-06 21:46,39.6,.4
140,군산,2024-10-06 21:47,73.9,1
140,군산,2024-10-06 21:48,65.1,.8
140,군산,2024-10-06 21:49,85.8,.3
140,군산,2024-10-06 21:50,52.5,1.1
140,군산,2024-10-06 21:51,44.3,.6
140,군산,2024-10-06 21:52,42.7,.4
140,군산,2024-10-06 21:53,79.3,.5
140,군산,2024-10-06 21:54,28.4,.4
140,군산,2024-10-06 21:55,39.1,.4
140,군산,2024-10-06 21:56,28.6,.9
140,군산,2024-10-06 21:57,16.4,1.2
140,군산,2024-10-06 21:58,7.3,1.7
140,군산,2024-10-06 21:59,130.2,.7
140,군산,2024-10-06 22:00,17.8,1.3
140,군산,2024-10-06 22:01,15,1.6
140,군산,2024-10-06 22:02,13.3,1.2
140,군산,2024-10-06 22:03,14.8,1.7
140,군산,2024-10-06 22:04,70.5,1.5
140,군산,2024-10-06 22:05,209.2,1.7
140,군산,2024-10-06 22:06,15,.7
140,군산,2024-10-06 22:07,33.7,1.1
140,군산,2024-10-06 22:08,179,.6
140,군산,2024-10-06 22:09,352.9,1.1
140,군산,2024-10-06 22:10,254.9,.8
140,군산,2024-10-06 22:11,319.2,.9
140,군산,2024-10-06 22:12,316.9,.7
140,군산,2024-10-06 22:13,308,0
140,군산,2024-10-06 22:14,296,0
140,군산,2024-10-06 22:15,289.7,0
140,군산,2024-10-06 22:16,296,0
140,군산,2024-10-06 22:17,312.3,.3
140,군산,2024-10-06 22:18,289.4,.7
140,군산,2024-10-06 22:19,300.9,1
140,군산,2024-10-06 22:20,299.2,1.1
140,군산,2024-10-06 22:21,305.4,1.1
140,군산,2024-10-06 22:22,334.2,.8
140,군산,2024-10-06 22:23,319.2,.8
140,군산,2024-10-06 22:24,340.5,1.2
140,군산,2024-10-06 22:25,337.3,1.5
140,군산,2024-10-06 22:26,346.2,1.5
140,군산,2024-10-06 22:27,354.6,1
140,군산,2024-10-06 22:28,351.1,1.6
140,군산,2024-10-06 22:29,324.5,1.1
140,군산,2024-10-06 22:30,120.9,1.9
140,군산,2024-10-06 22:31,182.9,1
140,군산,2024-10-06 22:32,120.8,1.6
140,군산,2024-10-06 22:33,150.1,1.3
140,군산,2024-10-06 22:34,178.3,.5
140,군산,2024-10-06 22:35,305.4,1
140,군산,2024-10-06 22:36,322,.6
140,군산,2024-10-06 22:37,332.8,.5
140,군산,2024-10-06 22:38,319,0
140,군산,2024-10-06 22:39,321.3,.7
140,군산,2024-10-06 22:40,332.5,1
140,군산,2024-10-06 22:41,336.2,1.1
140,군산,2024-10-06 22:42,349.9,1
140,군산,2024-10-06 22:43,351.9,.6
140,군산,2024-10-06 22:44,7.1,1.1
140,군산,2024-10-06 22:45,334.9,.3
140,군산,2024-10-06 22:46,314.8,.7
140,군산,2024-10-06 22:47,18.8,1.5
140,군산,2024-10-06 22:48,90.6,1.1
140,군산,2024-10-06 22:49,335,1.1
140,군산,2024-10-06 22:50,324,1.1
140,군산,2024-10-06 22:51,341.5,1.3
140,군산,2024-10-06 22:52,331.5,1.3
140,군산,2024-10-06 22:53,202.3,1.6
140,군산,2024-10-06 22:54,350.9,1.2
140,군산,2024-10-06 22:55,340.9,.9
140,군산,2024-10-06 22:56,7.9,1.5
140,군산,2024-10-06 22:57,321.3,.9
140,군산,2024-10-06 22:58,346.2,1.2
140,군산,2024-10-06 22:59,316.2,1
140,군산,2024-10-06 23:00,325.4,.6
140,군산,2024-10-06 23:01,337.9,.3
140,군산,2024-10-06 23:02,329.6,.7
140,군산,2024-10-06 23:03,353.7,.4
140,군산,2024-10-06 23:04,330.5,0
140,군산,2024-10-06 23:05,351.6,.2
140,군산,2024-10-06 23:06,14.1,.3
140,군산,2024-10-06 23:07,23.6,.2
140,군산,2024-10-06 23:08,30.9,0
140,군산,2024-10-06 23:09,35.2,.7
140,군산,2024-10-06 23:10,35.2,.5
140,군산,2024-10-06 23:11,64.7,.5
140,군산,2024-10-06 23:12,64.7,.6
140,군산,2024-10-06 23:13,64.7,.5
140,군산,2024-10-06 23:14,67.5,.4
140,군산,2024-10-06 23:15,68.9,.5
140,군산,2024-10-06 23:16,68.9,.5
140,군산,2024-10-06 23:17,70.2,.6
140,군산,2024-10-06 23:18,71.9,.8
140,군산,2024-10-06 23:19,75.9,.7
140,군산,2024-10-06 23:20,77.2,.9
140,군산,2024-10-06 23:21,83,.7
140,군산,2024-10-06 23:22,85.8,.7
140,군산,2024-10-06 23:23,88.6,.5
140,군산,2024-10-06 23:24,92.8,.6
140,군산,2024-10-06 23:25,94.2,.5
140,군산,2024-10-06 23:26,94.2,.3
140,군산,2024-10-06 23:27,94.2,0
140,군산,2024-10-06 23:28,94.2,0
140,군산,2024-10-06 23:29,94.2,0
140,군산,2024-10-06 23:30,94.2,0
140,군산,2024-10-06 23:31,94.2,0
140,군산,2024-10-06 23:32,94.2,0
140,군산,2024-10-06 23:33,94.2,0
140,군산,2024-10-06 23:34,94.2,0
140,군산,2024-10-06 23:35,94.2,0
140,군산,2024-10-06 23:36,94.2,0
140,군산,2024-10-06 23:37,94.2,.5
140,군산,2024-10-06 23:38,94.2,.2
140,군산,2024-10-06 23:39,94.2,0
140,군산,2024-10-06 23:40,94.2,.1
140,군산,2024-10-06 23:41,94.2,0
140,군산,2024-10-06 23:42,94.2,.1
140,군산,2024-10-06 23:43,94.2,0
140,군산,2024-10-06 23:44,94.2,0
140,군산,2024-10-06 23:45,94.2,.3
140,군산,2024-10-06 23:46,92.8,.3
140,군산,2024-10-06 23:47,357.2,.4
140,군산,2024-10-06 23:48,236.9,.4
140,군산,2024-10-06 23:49,93.9,.9
140,군산,2024-10-06 23:50,324.6,.5
140,군산,2024-10-06 23:51,343.1,.4
140,군산,2024-10-06 23:52,355.3,1
140,군산,2024-10-06 23:53,306.1,.8
140,군산,2024-10-06 23:54,301.3,.8
140,군산,2024-10-06 23:55,345.6,0
140,군산,2024-10-06 23:56,354.5,0
140,군산,2024-10-06 23:57,357.2,0
140,군산,2024-10-06 23:58,5.6,0
140,군산,2024-10-06 23:59,10.6,.7
140,군산,2024-10-07 00:00,5.9,.8
146,전주,2024-10-06 00:01,139.6,.8
146,전주,2024-10-06 00:02,142.1,.8
146,전주,2024-10-06 00:03,138.6,.7
146,전주,2024-10-06 00:04,129.3,.8
146,전주,2024-10-06 00:05,123.9,.7
146,전주,2024-10-06 00:06,133.1,.8
146,전주,2024-10-06 00:07,123.8,.9
146,전주,2024-10-06 00:08,126.5,.8
146,전주,2024-10-06 00:09,125.6,.7
146,전주,2024-10-06 00:10,108.1,.8
146,전주,2024-10-06 00:11,107.2,.9
146,전주,2024-10-06 00:12,110.1,.9
146,전주,2024-10-06 00:13,125.8,.9
146,전주,2024-10-06 00:14,119.3,.9
146,전주,2024-10-06 00:15,122.2,.8
146,전주,2024-10-06 00:16,116.1,.9
146,전주,2024-10-06 00:17,116.1,.9
146,전주,2024-10-06 00:18,112.6,1.1
146,전주,2024-10-06 00:19,110.2,1.1
146,전주,2024-10-06 00:20,112.5,1.2
146,전주,2024-10-06 00:21,107.7,1.1
146,전주,2024-10-06 00:22,98.3,.9
146,전주,2024-10-06 00:23,112.3,.9
146,전주,2024-10-06 00:24,114.4,.8
146,전주,2024-10-06 00:25,115.9,.9
146,전주,2024-10-06 00:26,116.6,.9
146,전주,2024-10-06 00:27,107.1,.8
146,전주,2024-10-06 00:28,114.3,.8
146,전주,2024-10-06 00:29,115.4,1
146,전주,2024-10-06 00:30,121.7,.9
146,전주,2024-10-06 00:31,125.3,.8
146,전주,2024-10-06 00:32,128.6,.8
146,전주,2024-10-06 00:33,133.4,.7
146,전주,2024-10-06 00:34,142,.7
146,전주,2024-10-06 00:35,147.4,.7
146,전주,2024-10-06 00:36,147.3,.7
146,전주,2024-10-06 00:37,148.7,.7
146,전주,2024-10-06 00:38,140.9,.6
146,전주,2024-10-06 00:39,128.4,.6
146,전주,2024-10-06 00:40,134.2,.7
146,전주,2024-10-06 00:41,135.9,.8
146,전주,2024-10-06 00:42,133.7,.9
146,전주,2024-10-06 00:43,129.4,1.1
146,전주,2024-10-06 00:44,131.2,1.2
146,전주,2024-10-06 00:45,127.6,1.3
146,전주,2024-10-06 00:46,120.1,1.3
146,전주,2024-10-06 00:47,125.9,1.4
146,전주,2024-10-06 00:48,122.2,1.4
146,전주,2024-10-06 00:49,119.1,1.4
146,전주,2024-10-06 00:50,112.9,1.4
146,전주,2024-10-06 00:51,110.3,1.5
146,전주,2024-10-06 00:52,111.2,1.5
146,전주,2024-10-06 00:53,109.8,1.6
146,전주,2024-10-06 00:54,109.3,1.7
146,전주,2024-10-06 00:55,113.7,1.4
146,전주,2024-10-06 00:56,113.9,1.5
146,전주,2024-10-06 00:57,109.1,1.4
146,전주,2024-10-06 00:58,115.4,1.3
146,전주,2024-10-06 00:59,111.8,1.3
146,전주,2024-10-06 01:00,101,1.2
146,전주,2024-10-06 01:01,106.2,1.4
146,전주,2024-10-06 01:02,100.6,1.2
146,전주,2024-10-06 01:03,100.5,1.1
146,전주,2024-10-06 01:04,107.8,1.1
146,전주,2024-10-06 01:05,108.5,1.1
146,전주,2024-10-06 01:06,108.7,1
146,전주,2024-10-06 01:07,112.7,1
146,전주,2024-10-06 01:08,113.4,1.1
146,전주,2024-10-06 01:09,108.9,1.1
146,전주,2024-10-06 01:10,111.7,1.1
146,전주,2024-10-06 01:11,116.5,1
146,전주,2024-10-06 01:12,122.8,.8
146,전주,2024-10-06 01:13,112,.9
146,전주,2024-10-06 01:14,111.7,1
146,전주,2024-10-06 01:15,107.7,1.1
146,전주,2024-10-06 01:16,111.9,1.2
146,전주,2024-10-06 01:17,110.6,1.3
146,전주,2024-10-06 01:18,118.9,1.1
146,전주,2024-10-06 01:19,115.4,1.1
146,전주,2024-10-06 01:20,114.7,1.2
146,전주,2024-10-06 01:21,112.9,1
146,전주,2024-10-06 01:22,108.1,1
146,전주,2024-10-06 01:23,106.5,1
146,전주,2024-10-06 01:24,102.2,1
146,전주,2024-10-06 01:25,104.5,.9
146,전주,2024-10-06 01:26,113.6,.9
146,전주,2024-10-06 01:27,110.6,1.1
146,전주,2024-10-06 01:28,114.2,1
146,전주,2024-10-06 01:29,113.4,1
146,전주,2024-10-06 01:30,119.9,1.1
146,전주,2024-10-06 01:31,121.5,.9
146,전주,2024-10-06 01:32,130.6,.6
146,전주,2024-10-06 01:33,146.8,.4
146,전주,2024-10-06 01:34,148.7,.4
146,전주,2024-10-06 01:35,146.2,.3
146,전주,2024-10-06 01:36,154.5,.4
146,전주,2024-10-06 01:37,158.9,.4
146,전주,2024-10-06 01:38,145,.4
146,전주,2024-10-06 01:39,140.8,.4
146,전주,2024-10-06 01:40,137.9,.5
146,전주,2024-10-06 01:41,134.8,.5
146,전주,2024-10-06 01:42,129.8,.5
146,전주,2024-10-06 01:43,122.4,.5
146,전주,2024-10-06 01:44,111.7,.5
146,전주,2024-10-06 01:45,113.8,.5
146,전주,2024-10-06 01:46,111.8,.6
146,전주,2024-10-06 01:47,110.2,.7
146,전주,2024-10-06 01:48,113.9,.7
146,전주,2024-10-06 01:49,106.7,.8
146,전주,2024-10-06 01:50,121,.8
146,전주,2024-10-06 01:51,125.9,.7
146,전주,2024-10-06 01:52,128.6,.7
146,전주,2024-10-06 01:53,136.2,.6
146,전주,2024-10-06 01:54,121.2,.6
146,전주,2024-10-06 01:55,121.2,.6
146,전주,2024-10-06 01:56,124.4,.7
146,전주,2024-10-06 01:57,127.7,.7
146,전주,2024-10-06 01:58,129.5,.7
146,전주,2024-10-06 01:59,125.6,.8
146,전주,2024-10-06 02:00,129.4,1
146,전주,2024-10-06 02:01,126.2,1
146,전주,2024-10-06 02:02,127.8,1.1
146,전주,2024-10-06 02:03,124.9,1.1
146,전주,2024-10-06 02:04,128.3,1.1
146,전주,2024-10-06 02:05,122.5,1.2
146,전주,2024-10-06 02:06,125.5,1.3
146,전주,2024-10-06 02:07,123.1,1.2
146,전주,2024-10-06 02:08,119,1.1
146,전주,2024-10-06 02:09,117.4,1.2
146,전주,2024-10-06 02:10,117.6,1.1
146,전주,2024-10-06 02:11,119.1,1
146,전주,2024-10-06 02:12,125,1
146,전주,2024-10-06 02:13,122.9,1
146,전주,2024-10-06 02:14,129.7,1.3
146,전주,2024-10-06 02:15,132.1,1.4
146,전주,2024-10-06 02:16,132.8,1.4
146,전주,2024-10-06 02:17,139.7,1.3
146,전주,2024-10-06 02:18,138.5,1.4
146,전주,2024-10-06 02:19,136.3,1.1
146,전주,2024-10-06 02:20,136.5,1
146,전주,2024-10-06 02:21,134.8,1.2
146,전주,2024-10-06 02:22,135.6,1.5
146,전주,2024-10-06 02:23,133,1.5
146,전주,2024-10-06 02:24,135,1.6
146,전주,2024-10-06 02:25,134,1.5
146,전주,2024-10-06 02:26,132,1.4
146,전주,2024-10-06 02:27,129.7,1.2
146,전주,2024-10-06 02:28,128.7,1.4
146,전주,2024-10-06 02:29,127,1.4
146,전주,2024-10-06 02:30,128,1.4
146,전주,2024-10-06 02:31,134.2,1.6
146,전주,2024-10-06 02:32,131.8,1.5
146,전주,2024-10-06 02:33,137.1,1.4
146,전주,2024-10-06 02:34,131.2,1.4
146,전주,2024-10-06 02:35,133.3,1.5
146,전주,2024-10-06 02:36,131.2,1.6
146,전주,2024-10-06 02:37,127.6,1.7
146,전주,2024-10-06 02:38,134.3,1.7
146,전주,2024-10-06 02:39,132.1,1.7
146,전주,2024-10-06 02:40,130.4,1.9
146,전주,2024-10-06 02:41,123.4,1.8
146,전주,2024-10-06 02:42,119.9,1.5
146,전주,2024-10-06 02:43,113,1.1
146,전주,2024-10-06 02:44,130.8,1.2
146,전주,2024-10-06 02:45,123,1.3
146,전주,2024-10-06 02:46,134.8,1.5
146,전주,2024-10-06 02:47,131.9,1.6
146,전주,2024-10-06 02:48,126.4,1.6
146,전주,2024-10-06 02:49,120.9,1.4
146,전주,2024-10-06 02:50,127.8,1.4
146,전주,2024-10-06 02:51,126.3,1.5
146,전주,2024-10-06 02:52,124.2,1.5
146,전주,2024-10-06 02:53,132.5,1.8
146,전주,2024-10-06 02:54,118.1,1.6
146,전주,2024-10-06 02:55,117.8,1.6
146,전주,2024-10-06 02:56,118.5,1.3
146,전주,2024-10-06 02:57,115.1,1
146,전주,2024-10-06 02:58,124.4,1.4
146,전주,2024-10-06 02:59,123.8,1.5
146,전주,2024-10-06 03:00,125.2,1.4
146,전주,2024-10-06 03:01,120.5,1.3
146,전주,2024-10-06 03:02,124.6,1.4
146,전주,2024-10-06 03:03,115.2,1.5
146,전주,2024-10-06 03:04,115,1.4
146,전주,2024-10-06 03:05,113.8,1.5
146,전주,2024-10-06 03:06,117,1.5
146,전주,2024-10-06 03:07,118.2,1.4
146,전주,2024-10-06 03:08,119.8,1.4
146,전주,2024-10-06 03:09,108.1,1.1
146,전주,2024-10-06 03:10,101.4,1.4
146,전주,2024-10-06 03:11,105.4,1.3
146,전주,2024-10-06 03:12,106.7,1.3
146,전주,2024-10-06 03:13,107.3,1.4
146,전주,2024-10-06 03:14,107.6,1.2
146,전주,2024-10-06 03:15,120.1,1.2
146,전주,2024-10-06 03:16,116.8,1.2
146,전주,2024-10-06 03:17,110.5,1.2
146,전주,2024-10-06 03:18,116.7,1.1
146,전주,2024-10-06 03:19,112.5,1
146,전주,2024-10-06 03:20,114.3,1
146,전주,2024-10-06 03:21,123.6,1.3
146,전주,2024-10-06 03:22,127.8,1.4
146,전주,2024-10-06 03:23,130.5,1
146,전주,2024-10-06 03:24,129.8,1.2
146,전주,2024-10-06 03:25,125.3,1
146,전주,2024-10-06 03:26,126.1,.8
146,전주,2024-10-06 03:27,121.4,.8
146,전주,2024-10-06 03:28,119.7,.9
146,전주,2024-10-06 03:29,112.2,1.1
146,전주,2024-10-06 03:30,111.6,1
146,전주,2024-10-06 03:31,115,1
146,전주,2024-10-06 03:32,113.6,1
146,전주,2024-10-06 03:33,114.7,.9
146,전주,2024-10-06 03:34,116.4,.9
146,전주,2024-10-06 03:35,120.2,.9
146,전주,2024-10-06 03:36,129.9,.8
146,전주,2024-10-06 03:37,126.4,.8
146,전주,2024-10-06 03:38,130.3,.9
146,전주,2024-10-06 03:39,133.6,.9
146,전주,2024-10-06 03:40,143.8,.9
146,전주,2024-10-06 03:41,142.5,.8
146,전주,2024-10-06 03:42,150.4,.8
146,전주,2024-10-06 03:43,152.7,.7
146,전주,2024-10-06 03:44,163.1,.7
146,전주,2024-10-06 03:45,164.2,.8
146,전주,2024-10-06 03:46,170.6,.7
146,전주,2024-10-06 03:47,160.7,.7
146,전주,2024-10-06 03:48,165.7,.6
146,전주,2024-10-06 03:49,167.2,.6
146,전주,2024-10-06 03:50,163.4,.6
146,전주,2024-10-06 03:51,167.2,.7
146,전주,2024-10-06 03:52,164,.8
146,전주,2024-10-06 03:53,160,.9
146,전주,2024-10-06 03:54,155.6,.8
146,전주,2024-10-06 03:55,158,.7
146,전주,2024-10-06 03:56,144.9,.6
146,전주,2024-10-06 03:57,133.6,.5
146,전주,2024-10-06 03:58,120.7,.6
146,전주,2024-10-06 03:59,105.3,.7
146,전주,2024-10-06 04:00,95.7,.7
146,전주,2024-10-06 04:01,80.7,.6
146,전주,2024-10-06 04:02,80.3,.5
146,전주,2024-10-06 04:03,74.7,.2
146,전주,2024-10-06 04:04,73.7,0
146,전주,2024-10-06 04:05,54,.2
146,전주,2024-10-06 04:06,72.9,.4
146,전주,2024-10-06 04:07,83.5,.3
146,전주,2024-10-06 04:08,104.6,.6
146,전주,2024-10-06 04:09,110.4,.4
146,전주,2024-10-06 04:10,110.2,.5
146,전주,2024-10-06 04:11,109.2,.6
146,전주,2024-10-06 04:12,106.9,.7
146,전주,2024-10-06 04:13,102.5,.7
146,전주,2024-10-06 04:14,113.5,.7
146,전주,2024-10-06 04:15,112.7,.7
146,전주,2024-10-06 04:16,111.8,.6
146,전주,2024-10-06 04:17,104.5,.4
146,전주,2024-10-06 04:18,101.3,.3
146,전주,2024-10-06 04:19,122.8,.3
146,전주,2024-10-06 04:20,100.4,.3
146,전주,2024-10-06 04:21,118.4,.2
146,전주,2024-10-06 04:22,147.2,.3
146,전주,2024-10-06 04:23,150.3,.4
146,전주,2024-10-06 04:24,153.4,.3
146,전주,2024-10-06 04:25,167.4,.2
146,전주,2024-10-06 04:26,166.3,.2
146,전주,2024-10-06 04:27,184.4,.1
146,전주,2024-10-06 04:28,294,0
146,전주,2024-10-06 04:29,323.2,.3
146,전주,2024-10-06 04:30,336.1,.7
146,전주,2024-10-06 04:31,335.4,.9
146,전주,2024-10-06 04:32,333.7,1
146,전주,2024-10-06 04:33,333.8,1
146,전주,2024-10-06 04:34,334.1,.9
146,전주,2024-10-06 04:35,336.3,.8
146,전주,2024-10-06 04:36,348.5,.8
146,전주,2024-10-06 04:37,342.9,.7
146,전주,2024-10-06 04:38,340.1,.7
146,전주,2024-10-06 04:39,337.8,.7
146,전주,2024-10-06 04:40,340,.7
146,전주,2024-10-06 04:41,348.3,.7
146,전주,2024-10-06 04:42,350.4,.6
146,전주,2024-10-06 04:43,348.2,.6
146,전주,2024-10-06 04:44,348.6,.6
146,전주,2024-10-06 04:45,351.7,.5
146,전주,2024-10-06 04:46,358.4,.3
146,전주,2024-10-06 04:47,346.6,.2
146,전주,2024-10-06 04:48,345.3,.1
146,전주,2024-10-06 04:49,346.4,0
146,전주,2024-10-06 04:50,332,0
146,전주,2024-10-06 04:51,323,0
146,전주,2024-10-06 04:52,336.9,0
146,전주,2024-10-06 04:53,318.2,0
146,전주,2024-10-06 04:54,325.9,0
146,전주,2024-10-06 04:55,342.1,0
146,전주,2024-10-06 04:56,328.9,0
146,전주,2024-10-06 04:57,357.3,0
146,전주,2024-10-06 04:58,9.8,.2
146,전주,2024-10-06 04:59,23.3,.3
146,전주,2024-10-06 05:00,27.3,.5
146,전주,2024-10-06 05:01,28.8,.6
146,전주,2024-10-06 05:02,41.5,.6
146,전주,2024-10-06 05:03,46.2,.6
146,전주,2024-10-06 05:04,52.8,.6
146,전주,2024-10-06 05:05,52,.5
146,전주,2024-10-06 05:06,43.1,.4
146,전주,2024-10-06 05:07,44.5,.4
146,전주,2024-10-06 05:08,53.1,.3
146,전주,2024-10-06 05:09,59.1,.3
146,전주,2024-10-06 05:10,67.4,.4
146,전주,2024-10-06 05:11,73.6,.4
146,전주,2024-10-06 05:12,75.3,.4
146,전주,2024-10-06 05:13,75,.4
146,전주,2024-10-06 05:14,69.3,.3
146,전주,2024-10-06 05:15,80.7,.2
146,전주,2024-10-06 05:16,80,.3
146,전주,2024-10-06 05:17,79.3,.4
146,전주,2024-10-06 05:18,75.3,.4
146,전주,2024-10-06 05:19,76.6,.5
146,전주,2024-10-06 05:20,82,.5
146,전주,2024-10-06 05:21,86.1,.4
146,전주,2024-10-06 05:22,84.1,.2
146,전주,2024-10-06 05:23,95.1,.3
146,전주,2024-10-06 05:24,108.5,.4
146,전주,2024-10-06 05:25,119.7,.5
146,전주,2024-10-06 05:26,124.8,.6
146,전주,2024-10-06 05:27,135.4,.6
146,전주,2024-10-06 05:28,146.6,.5
146,전주,2024-10-06 05:29,151.9,.4
146,전주,2024-10-06 05:30,164.9,.4
146,전주,2024-10-06 05:31,159.6,.3
146,전주,2024-10-06 05:32,133.5,.3
146,전주,2024-10-06 05:33,120.6,.4
146,전주,2024-10-06 05:34,98.1,.3
146,전주,2024-10-06 05:35,98.9,.4
146,전주,2024-10-06 05:36,112.8,.4
146,전주,2024-10-06 05:37,105.3,.4
146,전주,2024-10-06 05:38,104.8,.4
146,전주,2024-10-06 05:39,95.2,.5
146,전주,2024-10-06 05:40,90,.5
146,전주,2024-10-06 05:41,98.3,.5
146,전주,2024-10-06 05:42,102,.7
146,전주,2024-10-06 05:43,99.5,.8
146,전주,2024-10-06 05:44,93.7,.8
146,전주,2024-10-06 05:45,93.7,.8
146,전주,2024-10-06 05:46,97,.7
146,전주,2024-10-06 05:47,92.5,.6
146,전주,2024-10-06 05:48,106.3,.7
146,전주,2024-10-06 05:49,112.7,.6
146,전주,2024-10-06 05:50,106,.6
146,전주,2024-10-06 05:51,111.7,.6
146,전주,2024-10-06 05:52,118.7,.6
146,전주,2024-10-06 05:53,122.3,.5
146,전주,2024-10-06 05:54,120.2,.4
146,전주,2024-10-06 05:55,131.5,.3
146,전주,2024-10-06 05:56,140.7,.3
146,전주,2024-10-06 05:57,153.9,.2
146,전주,2024-10-06 05:58,178.3,0
146,전주,2024-10-06 05:59,214.6,0
146,전주,2024-10-06 06:00,223.7,.1
146,전주,2024-10-06 06:01,235.5,.2
146,전주,2024-10-06 06:02,254.9,.2
146,전주,2024-10-06 06:03,256.4,.1
146,전주,2024-10-06 06:04,297.9,0
146,전주,2024-10-06 06:05,319.4,0
146,전주,2024-10-06 06:06,337,0
146,전주,2024-10-06 06:07,346.1,0
146,전주,2024-10-06 06:08,1.4,0
146,전주,2024-10-06 06:09,356.5,0
146,전주,2024-10-06 06:10,355.3,0
146,전주,2024-10-06 06:11,19.9,0
146,전주,2024-10-06 06:12,50.1,0
146,전주,2024-10-06 06:13,40.4,0
146,전주,2024-10-06 06:14,82.8,0
146,전주,2024-10-06 06:15,49,0
146,전주,2024-10-06 06:16,9.9,0
146,전주,2024-10-06 06:17,350.5,0
146,전주,2024-10-06 06:18,303.1,0
146,전주,2024-10-06 06:19,272.3,0
146,전주,2024-10-06 06:20,268.4,0
146,전주,2024-10-06 06:21,261.5,.2
146,전주,2024-10-06 06:22,274.5,.2
146,전주,2024-10-06 06:23,303.9,.1
146,전주,2024-10-06 06:24,347.4,0
146,전주,2024-10-06 06:25,13.2,0
146,전주,2024-10-06 06:26,42.3,0
146,전주,2024-10-06 06:27,69.2,.2
146,전주,2024-10-06 06:28,76.2,.3
146,전주,2024-10-06 06:29,81.8,.5
146,전주,2024-10-06 06:30,81.9,.7
146,전주,2024-10-06 06:31,86,.8
146,전주,2024-10-06 06:32,97.3,.8
146,전주,2024-10-06 06:33,101.7,.9
146,전주,2024-10-06 06:34,105.3,.9
146,전주,2024-10-06 06:35,107.4,1
146,전주,2024-10-06 06:36,108.2,1
146,전주,2024-10-06 06:37,103.6,1
146,전주,2024-10-06 06:38,99.4,.9
146,전주,2024-10-06 06:39,95.3,.8
146,전주,2024-10-06 06:40,94.9,.7
146,전주,2024-10-06 06:41,107.1,.5
146,전주,2024-10-06 06:42,109.1,.6
146,전주,2024-10-06 06:43,104.5,.7
146,전주,2024-10-06 06:44,94.6,.8
146,전주,2024-10-06 06:45,90.6,.6
146,전주,2024-10-06 06:46,89.5,.5
146,전주,2024-10-06 06:47,93.4,.5
146,전주,2024-10-06 06:48,95.1,.6
146,전주,2024-10-06 06:49,98.1,.6
146,전주,2024-10-06 06:50,86.2,.5
146,전주,2024-10-06 06:51,76.2,.4
146,전주,2024-10-06 06:52,75.6,.4
146,전주,2024-10-06 06:53,64.7,.3
146,전주,2024-10-06 06:54,42.4,.3
146,전주,2024-10-06 06:55,27.8,.3
146,전주,2024-10-06 06:56,41.9,.2
146,전주,2024-10-06 06:57,358.8,.1
146,전주,2024-10-06 06:58,358.1,.1
146,전주,2024-10-06 06:59,12.1,.1
146,전주,2024-10-06 07:00,15.6,0
146,전주,2024-10-06 07:01,13,0
146,전주,2024-10-06 07:02,23.7,0
146,전주,2024-10-06 07:03,331.3,0
146,전주,2024-10-06 07:04,324.6,0
146,전주,2024-10-06 07:05,36.3,0
146,전주,2024-10-06 07:06,112.5,0
146,전주,2024-10-06 07:07,36.8,0
146,전주,2024-10-06 07:08,340,0
146,전주,2024-10-06 07:09,351.4,0
146,전주,2024-10-06 07:10,339.1,0
146,전주,2024-10-06 07:11,341,0
146,전주,2024-10-06 07:12,355.9,0
146,전주,2024-10-06 07:13,57.5,0
146,전주,2024-10-06 07:14,72.3,.1
146,전주,2024-10-06 07:15,81.6,0
146,전주,2024-10-06 07:16,98.2,0
146,전주,2024-10-06 07:17,131.9,0
146,전주,2024-10-06 07:18,166.8,.1
146,전주,2024-10-06 07:19,149.7,.1
146,전주,2024-10-06 07:20,169.1,.1
146,전주,2024-10-06 07:21,197,.1
146,전주,2024-10-06 07:22,194.7,.1
146,전주,2024-10-06 07:23,183.3,0
146,전주,2024-10-06 07:24,185.1,0
146,전주,2024-10-06 07:25,158.4,0
146,전주,2024-10-06 07:26,146.7,0
146,전주,2024-10-06 07:27,155,.1
146,전주,2024-10-06 07:28,141.7,.2
146,전주,2024-10-06 07:29,116.7,.4
146,전주,2024-10-06 07:30,106.8,.7
146,전주,2024-10-06 07:31,101,.9
146,전주,2024-10-06 07:32,99.4,1
146,전주,2024-10-06 07:33,103.2,1.1
146,전주,2024-10-06 07:34,101,1
146,전주,2024-10-06 07:35,106.1,1.1
146,전주,2024-10-06 07:36,102.8,1.2
146,전주,2024-10-06 07:37,96.4,1.1
146,전주,2024-10-06 07:38,103,1
146,전주,2024-10-06 07:39,101.8,.9
146,전주,2024-10-06 07:40,98.9,.9
146,전주,2024-10-06 07:41,101.7,.7
146,전주,2024-10-06 07:42,102.4,.8
146,전주,2024-10-06 07:43,111.8,1
146,전주,2024-10-06 07:44,115.4,.7
146,전주,2024-10-06 07:45,116.5,.5
146,전주,2024-10-06 07:46,118.4,.5
146,전주,2024-10-06 07:47,96.1,.4
146,전주,2024-10-06 07:48,41.7,.2
146,전주,2024-10-06 07:49,352.7,.4
146,전주,2024-10-06 07:50,357.3,.6
146,전주,2024-10-06 07:51,357.9,.8
146,전주,2024-10-06 07:52,339.2,.9
146,전주,2024-10-06 07:53,323.3,.8
146,전주,2024-10-06 07:54,297.2,.6
146,전주,2024-10-06 07:55,290.5,.8
146,전주,2024-10-06 07:56,298.7,.9
146,전주,2024-10-06 07:57,306.2,.9
146,전주,2024-10-06 07:58,313,.8
146,전주,2024-10-06 07:59,311.9,.7
146,전주,2024-10-06 08:00,302.7,.7
146,전주,2024-10-06 08:01,297.3,.5
146,전주,2024-10-06 08:02,316.2,.4
146,전주,2024-10-06 08:03,336.1,.4
146,전주,2024-10-06 08:04,349.2,.5
146,전주,2024-10-06 08:05,.3,.4
146,전주,2024-10-06 08:06,13.3,.4
146,전주,2024-10-06 08:07,11.3,.4
146,전주,2024-10-06 08:08,15,.5
146,전주,2024-10-06 08:09,16.9,.6
146,전주,2024-10-06 08:10,26.5,.7
146,전주,2024-10-06 08:11,35.2,.8
146,전주,2024-10-06 08:12,37.9,1
146,전주,2024-10-06 08:13,36.6,1.1
146,전주,2024-10-06 08:14,43.5,1.2
146,전주,2024-10-06 08:15,48.3,1.1
146,전주,2024-10-06 08:16,50,.8
146,전주,2024-10-06 08:17,42.3,.5
146,전주,2024-10-06 08:18,27.1,.4
146,전주,2024-10-06 08:19,334.1,.3
146,전주,2024-10-06 08:20,244.6,.1
146,전주,2024-10-06 08:21,297.4,0
146,전주,2024-10-06 08:22,25.1,.2
146,전주,2024-10-06 08:23,27.3,.4
146,전주,2024-10-06 08:24,32.8,.8
146,전주,2024-10-06 08:25,31.8,1
146,전주,2024-10-06 08:26,29.7,1.1
146,전주,2024-10-06 08:27,26.2,.9
146,전주,2024-10-06 08:28,39,.7
146,전주,2024-10-06 08:29,38.8,.7
146,전주,2024-10-06 08:30,44.2,.5
146,전주,2024-10-06 08:31,49.2,.6
146,전주,2024-10-06 08:32,43.8,.8
146,전주,2024-10-06 08:33,27.5,.6
146,전주,2024-10-06 08:34,16.1,.3
146,전주,2024-10-06 08:35,13.7,.2
146,전주,2024-10-06 08:36,16.7,.1
146,전주,2024-10-06 08:37,30.2,.1
146,전주,2024-10-06 08:38,18.5,.1
146,전주,2024-10-06 08:39,23.6,.2
146,전주,2024-10-06 08:40,1.9,.2
146,전주,2024-10-06 08:41,8,.3
146,전주,2024-10-06 08:42,20.7,.2
146,전주,2024-10-06 08:43,346.4,.2
146,전주,2024-10-06 08:44,359.2,.4
146,전주,2024-10-06 08:45,334.9,.5
146,전주,2024-10-06 08:46,317.1,.6
146,전주,2024-10-06 08:47,323.4,.6
146,전주,2024-10-06 08:48,328.2,.6
146,전주,2024-10-06 08:49,340.8,.4
146,전주,2024-10-06 08:50,332.7,.6
146,전주,2024-10-06 08:51,345.7,.6
146,전주,2024-10-06 08:52,1.2,.5
146,전주,2024-10-06 08:53,6.2,.5
146,전주,2024-10-06 08:54,22.1,.5
146,전주,2024-10-06 08:55,53.1,.4
146,전주,2024-10-06 08:56,43.5,.5
146,전주,2024-10-06 08:57,50.2,.3
146,전주,2024-10-06 08:58,62.1,.5
146,전주,2024-10-06 08:59,79.5,.7
146,전주,2024-10-06 09:00,78.9,.7
146,전주,2024-10-06 09:01,82.9,.6
146,전주,2024-10-06 09:02,78.7,.9
146,전주,2024-10-06 09:03,65.7,.8
146,전주,2024-10-06 09:04,68.6,.8
146,전주,2024-10-06 09:05,86.6,.5
146,전주,2024-10-06 09:06,106.2,.6
146,전주,2024-10-06 09:07,80.6,.7
146,전주,2024-10-06 09:08,71.4,1
146,전주,2024-10-06 09:09,73.2,1.3
146,전주,2024-10-06 09:10,68.5,1.2
146,전주,2024-10-06 09:11,77.5,1.4
146,전주,2024-10-06 09:12,62.5,1.1
146,전주,2024-10-06 09:13,71.8,1.1
146,전주,2024-10-06 09:14,68.3,1.1
146,전주,2024-10-06 09:15,57.8,.8
146,전주,2024-10-06 09:16,59.3,.8
146,전주,2024-10-06 09:17,49,.8
146,전주,2024-10-06 09:18,72.9,1.2
146,전주,2024-10-06 09:19,77.8,1.4
146,전주,2024-10-06 09:20,88.2,1.6
146,전주,2024-10-06 09:21,77.2,1.4
146,전주,2024-10-06 09:22,78,1.3
146,전주,2024-10-06 09:23,75.1,1.1
146,전주,2024-10-06 09:24,49.7,.8
146,전주,2024-10-06 09:25,46.2,1
146,전주,2024-10-06 09:26,57.7,.8
146,전주,2024-10-06 09:27,64.8,.7
146,전주,2024-10-06 09:28,62,1.2
146,전주,2024-10-06 09:29,74.9,1.5
146,전주,2024-10-06 09:30,76.8,1.7
146,전주,2024-10-06 09:31,78.4,1.3
146,전주,2024-10-06 09:32,67.3,1
146,전주,2024-10-06 09:33,86,1.1
146,전주,2024-10-06 09:34,74.3,.9
146,전주,2024-10-06 09:35,83.7,1.1
146,전주,2024-10-06 09:36,36.2,.6
146,전주,2024-10-06 09:37,328.2,.2
146,전주,2024-10-06 09:38,329,0
146,전주,2024-10-06 09:39,319.7,.3
146,전주,2024-10-06 09:40,329,.3
146,전주,2024-10-06 09:41,.2,.5
146,전주,2024-10-06 09:42,24.3,.5
146,전주,2024-10-06 09:43,22.2,.6
146,전주,2024-10-06 09:44,22.2,.4
146,전주,2024-10-06 09:45,14.3,.4
146,전주,2024-10-06 09:46,21.9,.4
146,전주,2024-10-06 09:47,30.4,.5
146,전주,2024-10-06 09:48,62,.5
146,전주,2024-10-06 09:49,25,.4
146,전주,2024-10-06 09:50,7.7,.1
146,전주,2024-10-06 09:51,41.8,0
146,전주,2024-10-06 09:52,117,.1
146,전주,2024-10-06 09:53,98.7,.2
146,전주,2024-10-06 09:54,137.5,.1
146,전주,2024-10-06 09:55,121.5,.1
146,전주,2024-10-06 09:56,175.6,.1
146,전주,2024-10-06 09:57,321.4,0
146,전주,2024-10-06 09:58,8.6,0
146,전주,2024-10-06 09:59,17.5,.2
146,전주,2024-10-06 10:00,94.2,.1
146,전주,2024-10-06 10:01,42.5,0
146,전주,2024-10-06 10:02,21.6,.1
146,전주,2024-10-06 10:03,48.4,.2
146,전주,2024-10-06 10:04,76.8,.5
146,전주,2024-10-06 10:05,76.6,.7
146,전주,2024-10-06 10:06,90.8,.6
146,전주,2024-10-06 10:07,96.2,.5
146,전주,2024-10-06 10:08,93.8,.6
146,전주,2024-10-06 10:09,79,.6
146,전주,2024-10-06 10:10,80,.7
146,전주,2024-10-06 10:11,99.1,.8
146,전주,2024-10-06 10:12,81.3,.6
146,전주,2024-10-06 10:13,65.6,.6
146,전주,2024-10-06 10:14,92.7,.7
146,전주,2024-10-06 10:15,88.3,.9
146,전주,2024-10-06 10:16,65.9,.6
146,전주,2024-10-06 10:17,53.9,.8
146,전주,2024-10-06 10:18,72.4,.7
146,전주,2024-10-06 10:19,102.2,.6
146,전주,2024-10-06 10:20,118.9,.6
146,전주,2024-10-06 10:21,124.8,.4
146,전주,2024-10-06 10:22,135.9,.4
146,전주,2024-10-06 10:23,122.2,.5
146,전주,2024-10-06 10:24,103.1,.5
146,전주,2024-10-06 10:25,56.2,.5
146,전주,2024-10-06 10:26,46,.5
146,전주,2024-10-06 10:27,53.4,.8
146,전주,2024-10-06 10:28,29,.7
146,전주,2024-10-06 10:29,44,.3
146,전주,2024-10-06 10:30,55.4,.7
146,전주,2024-10-06 10:31,34.1,.4
146,전주,2024-10-06 10:32,329.7,.2
146,전주,2024-10-06 10:33,334.5,.2
146,전주,2024-10-06 10:34,328.2,.3
146,전주,2024-10-06 10:35,295.8,.4
146,전주,2024-10-06 10:36,266.4,.4
146,전주,2024-10-06 10:37,295,.2
146,전주,2024-10-06 10:38,336.4,.3
146,전주,2024-10-06 10:39,334.5,.6
146,전주,2024-10-06 10:40,342.2,.6
146,전주,2024-10-06 10:41,354.4,.6
146,전주,2024-10-06 10:42,.1,.8
146,전주,2024-10-06 10:43,7.7,1
146,전주,2024-10-06 10:44,8.1,1.2
146,전주,2024-10-06 10:45,6.9,1.1
146,전주,2024-10-06 10:46,355.3,.8
146,전주,2024-10-06 10:47,350.5,.5
146,전주,2024-10-06 10:48,355.1,.4
146,전주,2024-10-06 10:49,10.4,.4
146,전주,2024-10-06 10:50,18.8,.4
146,전주,2024-10-06 10:51,24.4,.4
146,전주,2024-10-06 10:52,16.3,.6
146,전주,2024-10-06 10:53,27.1,.6
146,전주,2024-10-06 10:54,5.6,.5
146,전주,2024-10-06 10:55,345,.4
146,전주,2024-10-06 10:56,294.2,.4
146,전주,2024-10-06 10:57,268.1,.3
146,전주,2024-10-06 10:58,250.1,.8
146,전주,2024-10-06 10:59,241.9,.9
146,전주,2024-10-06 11:00,243.4,.9
146,전주,2024-10-06 11:01,255.8,.9
146,전주,2024-10-06 11:02,250.4,.7
146,전주,2024-10-06 11:03,245.2,.5
146,전주,2024-10-06 11:04,281.5,.3
146,전주,2024-10-06 11:05,263.4,.5
146,전주,2024-10-06 11:06,269.9,.5
146,전주,2024-10-06 11:07,291.8,.5
146,전주,2024-10-06 11:08,293.3,.6
146,전주,2024-10-06 11:09,284.4,.8
146,전주,2024-10-06 11:10,279,.9
146,전주,2024-10-06 11:11,310.2,.8
146,전주,2024-10-06 11:12,342.9,.8
146,전주,2024-10-06 11:13,324.6,.7
146,전주,2024-10-06 11:14,316.6,.7
146,전주,2024-10-06 11:15,313.5,.5
146,전주,2024-10-06 11:16,313.9,.5
146,전주,2024-10-06 11:17,313.2,.5
146,전주,2024-10-06 11:18,308.3,.5
146,전주,2024-10-06 11:19,282.6,.4
146,전주,2024-10-06 11:20,290.4,.5
146,전주,2024-10-06 11:21,261,.6
146,전주,2024-10-06 11:22,269.3,.7
146,전주,2024-10-06 11:23,263.7,.9
146,전주,2024-10-06 11:24,258.1,.8
146,전주,2024-10-06 11:25,272.3,.9
146,전주,2024-10-06 11:26,256,1
146,전주,2024-10-06 11:27,237.7,1
146,전주,2024-10-06 11:28,243.2,1.1
146,전주,2024-10-06 11:29,248.6,1
146,전주,2024-10-06 11:30,278.5,.8
146,전주,2024-10-06 11:31,291.8,.9
146,전주,2024-10-06 11:32,301.3,.8
146,전주,2024-10-06 11:33,293.4,1
146,전주,2024-10-06 11:34,311.4,.7
146,전주,2024-10-06 11:35,291,.9
146,전주,2024-10-06 11:36,290.9,.7
146,전주,2024-10-06 11:37,300.9,.9
146,전주,2024-10-06 11:38,296.9,1.1
146,전주,2024-10-06 11:39,283.5,1.1
146,전주,2024-10-06 11:40,296.7,1.1
146,전주,2024-10-06 11:41,279,1.1
146,전주,2024-10-06 11:42,282.7,.9
146,전주,2024-10-06 11:43,297.6,.8
146,전주,2024-10-06 11:44,318.4,1.4
146,전주,2024-10-06 11:45,323.8,1.9
146,전주,2024-10-06 11:46,326.9,2.1
146,전주,2024-10-06 11:47,332.1,2.2
146,전주,2024-10-06 11:48,325,1.8
146,전주,2024-10-06 11:49,315.6,1.4
146,전주,2024-10-06 11:50,310.8,1.2
146,전주,2024-10-06 11:51,321.8,1.7
146,전주,2024-10-06 11:52,328.2,1.7
146,전주,2024-10-06 11:53,330.6,2
146,전주,2024-10-06 11:54,320.2,2.3
146,전주,2024-10-06 11:55,322.1,2
146,전주,2024-10-06 11:56,301.6,1.3
146,전주,2024-10-06 11:57,324,1.6
146,전주,2024-10-06 11:58,338.2,1.8
146,전주,2024-10-06 11:59,352.7,2.1
146,전주,2024-10-06 12:00,337.6,2
146,전주,2024-10-06 12:01,339.4,1.9
146,전주,2024-10-06 12:02,319.4,1.8
146,전주,2024-10-06 12:03,313.2,1.7
146,전주,2024-10-06 12:04,326.2,1.4
146,전주,2024-10-06 12:05,334,1.6
146,전주,2024-10-06 12:06,333.8,2
146,전주,2024-10-06 12:07,328.4,2.6
146,전주,2024-10-06 12:08,328.1,2.4
146,전주,2024-10-06 12:09,329.2,1.7
146,전주,2024-10-06 12:10,315.4,1.5
146,전주,2024-10-06 12:11,312.8,1.3
146,전주,2024-10-06 12:12,319.1,1.7
146,전주,2024-10-06 12:13,330.2,1.5
146,전주,2024-10-06 12:14,326.5,1.6
146,전주,2024-10-06 12:15,333.5,1.8
146,전주,2024-10-06 12:16,330.5,2.7
146,전주,2024-10-06 12:17,333.9,2.3
146,전주,2024-10-06 12:18,330.4,2.2
146,전주,2024-10-06 12:19,332,2.2
146,전주,2024-10-06 12:20,331.9,2.4
146,전주,2024-10-06 12:21,344.4,2.3
146,전주,2024-10-06 12:22,339.5,2.3
146,전주,2024-10-06 12:23,318.5,1.9
146,전주,2024-10-06 12:24,319.8,2
146,전주,2024-10-06 12:25,312.9,1.9
146,전주,2024-10-06 12:26,309.9,2
146,전주,2024-10-06 12:27,313.8,1.9
146,전주,2024-10-06 12:28,316.3,2.1
146,전주,2024-10-06 12:29,325.8,1.8
146,전주,2024-10-06 12:30,328.6,1.3
146,전주,2024-10-06 12:31,314.7,1.3
146,전주,2024-10-06 12:32,321.5,1.5
146,전주,2024-10-06 12:33,330,1.4
146,전주,2024-10-06 12:34,337.6,1.2
146,전주,2024-10-06 12:35,339.8,.8
146,전주,2024-10-06 12:36,334.9,1.2
146,전주,2024-10-06 12:37,339.2,.9
146,전주,2024-10-06 12:38,356.9,.9
146,전주,2024-10-06 12:39,335,.7
146,전주,2024-10-06 12:40,342.5,.8
146,전주,2024-10-06 12:41,10.5,1.2
146,전주,2024-10-06 12:42,18.1,1.3
146,전주,2024-10-06 12:43,12.5,1.4
146,전주,2024-10-06 12:44,21.3,1.3
146,전주,2024-10-06 12:45,21.5,.8
146,전주,2024-10-06 12:46,33.1,.9
146,전주,2024-10-06 12:47,25.1,1.2
146,전주,2024-10-06 12:48,26.4,1.3
146,전주,2024-10-06 12:49,16.4,1.5
146,전주,2024-10-06 12:50,6.3,1.7
146,전주,2024-10-06 12:51,11.1,1.7
146,전주,2024-10-06 12:52,6.2,1.8
146,전주,2024-10-06 12:53,5.4,1.7
146,전주,2024-10-06 12:54,6.4,1.8
146,전주,2024-10-06 12:55,3.7,1.5
146,전주,2024-10-06 12:56,13.4,1.4
146,전주,2024-10-06 12:57,20.9,1.3
146,전주,2024-10-06 12:58,18.6,.9
146,전주,2024-10-06 12:59,20.2,1.1
146,전주,2024-10-06 13:00,39.7,1.2
146,전주,2024-10-06 13:01,42.3,1.6
146,전주,2024-10-06 13:02,40.2,1.5
146,전주,2024-10-06 13:03,44.1,1.8
146,전주,2024-10-06 13:04,42.5,2
146,전주,2024-10-06 13:05,42.7,1.9
146,전주,2024-10-06 13:06,32.5,1.6
146,전주,2024-10-06 13:07,36.1,1.2
146,전주,2024-10-06 13:08,18.6,.9
146,전주,2024-10-06 13:09,25.8,.8
146,전주,2024-10-06 13:10,43.5,.6
146,전주,2024-10-06 13:11,16.2,.5
146,전주,2024-10-06 13:12,28,.9
146,전주,2024-10-06 13:13,38.4,.9
146,전주,2024-10-06 13:14,14,.7
146,전주,2024-10-06 13:15,349.2,.7
146,전주,2024-10-06 13:16,358,.7
146,전주,2024-10-06 13:17,359.4,.8
146,전주,2024-10-06 13:18,358.6,1
146,전주,2024-10-06 13:19,345.8,1
146,전주,2024-10-06 13:20,8.6,.7
146,전주,2024-10-06 13:21,32,.6
146,전주,2024-10-06 13:22,8.3,.4
146,전주,2024-10-06 13:23,2.8,.4
146,전주,2024-10-06 13:24,355.2,.5
146,전주,2024-10-06 13:25,354.9,.6
146,전주,2024-10-06 13:26,349.7,.5
146,전주,2024-10-06 13:27,358.6,.3
146,전주,2024-10-06 13:28,348.6,.4
146,전주,2024-10-06 13:29,335.7,.3
146,전주,2024-10-06 13:30,321.1,0
146,전주,2024-10-06 13:31,324.8,.1
146,전주,2024-10-06 13:32,287.6,.1
146,전주,2024-10-06 13:33,279.4,.2
146,전주,2024-10-06 13:34,274.1,.4
146,전주,2024-10-06 13:35,299.4,.5
146,전주,2024-10-06 13:36,291,.7
146,전주,2024-10-06 13:37,287.3,.6
146,전주,2024-10-06 13:38,286.5,.8
146,전주,2024-10-06 13:39,289.6,1
146,전주,2024-10-06 13:40,294.4,1
146,전주,2024-10-06 13:41,303.9,.8
146,전주,2024-10-06 13:42,311.4,.7
146,전주,2024-10-06 13:43,291.4,.8
146,전주,2024-10-06 13:44,269.5,1
146,전주,2024-10-06 13:45,287.7,.9
146,전주,2024-10-06 13:46,259.6,1
146,전주,2024-10-06 13:47,256.1,1
146,전주,2024-10-06 13:48,261.2,1.1
146,전주,2024-10-06 13:49,268.9,.8
146,전주,2024-10-06 13:50,266.2,.8
146,전주,2024-10-06 13:51,255.3,1.2
146,전주,2024-10-06 13:52,258.5,1.2
146,전주,2024-10-06 13:53,254.7,1.3
146,전주,2024-10-06 13:54,267.3,1
146,전주,2024-10-06 13:55,260.8,.9
146,전주,2024-10-06 13:56,250.5,1
146,전주,2024-10-06 13:57,252.4,1.1
146,전주,2024-10-06 13:58,253.4,1.2
146,전주,2024-10-06 13:59,254.9,1.2
146,전주,2024-10-06 14:00,254.4,1.1
146,전주,2024-10-06 14:01,254.1,.9
146,전주,2024-10-06 14:02,260.7,.8
146,전주,2024-10-06 14:03,269,.8
146,전주,2024-10-06 14:04,267.8,.6
146,전주,2024-10-06 14:05,267.7,.7
146,전주,2024-10-06 14:06,271.4,.6
146,전주,2024-10-06 14:07,263.5,.7
146,전주,2024-10-06 14:08,254.7,.8
146,전주,2024-10-06 14:09,266.4,.9
146,전주,2024-10-06 14:10,266.5,.9
146,전주,2024-10-06 14:11,264.4,1.1
146,전주,2024-10-06 14:12,271.4,1
146,전주,2024-10-06 14:13,263.6,.9
146,전주,2024-10-06 14:14,256.5,1
146,전주,2024-10-06 14:15,264.7,1
146,전주,2024-10-06 14:16,278.7,1
146,전주,2024-10-06 14:17,277.3,1
146,전주,2024-10-06 14:18,271.5,.8
146,전주,2024-10-06 14:19,274.8,.9
146,전주,2024-10-06 14:20,265.6,.8
146,전주,2024-10-06 14:21,253.7,.9
146,전주,2024-10-06 14:22,265.3,1.1
146,전주,2024-10-06 14:23,265.9,.9
146,전주,2024-10-06 14:24,272.6,1
146,전주,2024-10-06 14:25,260.7,.8
146,전주,2024-10-06 14:26,263.6,.7
146,전주,2024-10-06 14:27,255.9,.7
146,전주,2024-10-06 14:28,262.6,.8
146,전주,2024-10-06 14:29,259.6,.7
146,전주,2024-10-06 14:30,257.6,.5
146,전주,2024-10-06 14:31,279.8,.2
146,전주,2024-10-06 14:32,23,0
146,전주,2024-10-06 14:33,155.7,.4
146,전주,2024-10-06 14:34,181.2,.6
146,전주,2024-10-06 14:35,196.1,.8
146,전주,2024-10-06 14:36,197.6,.8
146,전주,2024-10-06 14:37,185.9,.6
146,전주,2024-10-06 14:38,210.4,.7
146,전주,2024-10-06 14:39,225.9,.8
146,전주,2024-10-06 14:40,224.1,.8
146,전주,2024-10-06 14:41,219.8,.9
146,전주,2024-10-06 14:42,219.2,1
146,전주,2024-10-06 14:43,188.6,.9
146,전주,2024-10-06 14:44,181.3,.9
146,전주,2024-10-06 14:45,175.5,1.2
146,전주,2024-10-06 14:46,180,1.3
146,전주,2024-10-06 14:47,158.5,1.2
146,전주,2024-10-06 14:48,180.2,1.1
146,전주,2024-10-06 14:49,182,1.1
146,전주,2024-10-06 14:50,199.9,1.1
146,전주,2024-10-06 14:51,173.4,1.3
146,전주,2024-10-06 14:52,174,.8
146,전주,2024-10-06 14:53,187.3,.8
146,전주,2024-10-06 14:54,191.6,.9
146,전주,2024-10-06 14:55,182.9,.9
146,전주,2024-10-06 14:56,206.8,.9
146,전주,2024-10-06 14:57,198.2,.8
146,전주,2024-10-06 14:58,163.6,.8
146,전주,2024-10-06 14:59,201.7,.7
146,전주,2024-10-06 15:00,223.2,.6
146,전주,2024-10-06 15:01,220,.6
146,전주,2024-10-06 15:02,213,.8
146,전주,2024-10-06 15:03,231.5,1.2
146,전주,2024-10-06 15:04,215.9,1.2
146,전주,2024-10-06 15:05,229.8,1.1
146,전주,2024-10-06 15:06,217.8,1.1
146,전주,2024-10-06 15:07,219.4,1
146,전주,2024-10-06 15:08,201.3,1.2
146,전주,2024-10-06 15:09,210.6,.9
146,전주,2024-10-06 15:10,199.4,.7
146,전주,2024-10-06 15:11,235.4,.4
146,전주,2024-10-06 15:12,246.4,.2
146,전주,2024-10-06 15:13,251.2,.5
146,전주,2024-10-06 15:14,235,.6
146,전주,2024-10-06 15:15,244.2,.8
146,전주,2024-10-06 15:16,225,.9
146,전주,2024-10-06 15:17,232.2,.8
146,전주,2024-10-06 15:18,242,.9
146,전주,2024-10-06 15:19,242,.7
146,전주,2024-10-06 15:20,242.7,.9
146,전주,2024-10-06 15:21,248.8,1.3
146,전주,2024-10-06 15:22,250.3,1.3
146,전주,2024-10-06 15:23,244.3,1.3
146,전주,2024-10-06 15:24,253.8,1.2
146,전주,2024-10-06 15:25,257.3,1.2
146,전주,2024-10-06 15:26,248.5,1.3
146,전주,2024-10-06 15:27,241.2,1.4
146,전주,2024-10-06 15:28,234.9,1.2
146,전주,2024-10-06 15:29,244.2,1
146,전주,2024-10-06 15:30,266.8,.7
146,전주,2024-10-06 15:31,284.4,.5
146,전주,2024-10-06 15:32,270,.7
146,전주,2024-10-06 15:33,257.7,.8
146,전주,2024-10-06 15:34,262.7,.9
146,전주,2024-10-06 15:35,239.1,1.1
146,전주,2024-10-06 15:36,237,1.1
146,전주,2024-10-06 15:37,223.6,1.2
146,전주,2024-10-06 15:38,215.8,1.3
146,전주,2024-10-06 15:39,217.3,1.4
146,전주,2024-10-06 15:40,217.9,1.4
146,전주,2024-10-06 15:41,219.9,1.2
146,전주,2024-10-06 15:42,216.6,1
146,전주,2024-10-06 15:43,234.2,1.6
146,전주,2024-10-06 15:44,246.6,1.7
146,전주,2024-10-06 15:45,247.2,1.8
146,전주,2024-10-06 15:46,243.5,1.9
146,전주,2024-10-06 15:47,259.7,1.7
146,전주,2024-10-06 15:48,252.8,1.6
146,전주,2024-10-06 15:49,255.8,1.4
146,전주,2024-10-06 15:50,267.2,1.2
146,전주,2024-10-06 15:51,258.1,1.3
146,전주,2024-10-06 15:52,248,1.3
146,전주,2024-10-06 15:53,256.6,1.4
146,전주,2024-10-06 15:54,261.5,1.9
146,전주,2024-10-06 15:55,259.6,1.7
146,전주,2024-10-06 15:56,268.9,1.2
146,전주,2024-10-06 15:57,272.7,.9
146,전주,2024-10-06 15:58,277.6,.8
146,전주,2024-10-06 15:59,273.7,1
146,전주,2024-10-06 16:00,265.4,1.3
146,전주,2024-10-06 16:01,268.9,1.3
146,전주,2024-10-06 16:02,275.3,1.3
146,전주,2024-10-06 16:03,281.2,1.9
146,전주,2024-10-06 16:04,273.9,1.7
146,전주,2024-10-06 16:05,274.9,1.2
146,전주,2024-10-06 16:06,270.7,1.2
146,전주,2024-10-06 16:07,249.5,1.6
146,전주,2024-10-06 16:08,276.8,1.2
146,전주,2024-10-06 16:09,267.6,1.3
146,전주,2024-10-06 16:10,260.4,1.3
146,전주,2024-10-06 16:11,286.1,1.5
146,전주,2024-10-06 16:12,286.8,1.3
146,전주,2024-10-06 16:13,285.9,1.8
146,전주,2024-10-06 16:14,285.8,1.4
146,전주,2024-10-06 16:15,262.6,1.8
146,전주,2024-10-06 16:16,261.4,2.2
146,전주,2024-10-06 16:17,271.2,1.7
146,전주,2024-10-06 16:18,252.2,1.7
146,전주,2024-10-06 16:19,264.3,1.8
146,전주,2024-10-06 16:20,280,1.2
146,전주,2024-10-06 16:21,260.8,1.1
146,전주,2024-10-06 16:22,274.4,1
146,전주,2024-10-06 16:23,260.8,1
146,전주,2024-10-06 16:24,267,1
146,전주,2024-10-06 16:25,253.7,1
146,전주,2024-10-06 16:26,295.7,1.1
146,전주,2024-10-06 16:27,289.4,1.3
146,전주,2024-10-06 16:28,289.6,1.4
146,전주,2024-10-06 16:29,286.9,1.1
146,전주,2024-10-06 16:30,267,.8
146,전주,2024-10-06 16:31,266.2,1.3
146,전주,2024-10-06 16:32,264.8,1.2
146,전주,2024-10-06 16:33,273.2,1.2
146,전주,2024-10-06 16:34,266.2,1
146,전주,2024-10-06 16:35,267.4,.9
146,전주,2024-10-06 16:36,259.8,1
146,전주,2024-10-06 16:37,258.9,1.1
146,전주,2024-10-06 16:38,260,1.3
146,전주,2024-10-06 16:39,247,1.2
146,전주,2024-10-06 16:40,260.5,1.3
146,전주,2024-10-06 16:41,261.5,1.1
146,전주,2024-10-06 16:42,266.8,1.1
146,전주,2024-10-06 16:43,271.4,.9
146,전주,2024-10-06 16:44,277.3,1
146,전주,2024-10-06 16:45,263.6,1.2
146,전주,2024-10-06 16:46,261.2,1.3
146,전주,2024-10-06 16:47,260.6,1.3
146,전주,2024-10-06 16:48,269.3,1.3
146,전주,2024-10-06 16:49,275.2,1.2
146,전주,2024-10-06 16:50,275.5,1.3
146,전주,2024-10-06 16:51,277.6,1.4
146,전주,2024-10-06 16:52,275.8,1.2
146,전주,2024-10-06 16:53,257.6,1.2
146,전주,2024-10-06 16:54,270.8,1.1
146,전주,2024-10-06 16:55,276,1.2
146,전주,2024-10-06 16:56,261.8,1
146,전주,2024-10-06 16:57,273.4,1
146,전주,2024-10-06 16:58,279.6,1.2
146,전주,2024-10-06 16:59,273.8,1.2
146,전주,2024-10-06 17:00,264.6,1.1
146,전주,2024-10-06 17:01,250.8,1.1
146,전주,2024-10-06 17:02,264.2,1.2
146,전주,2024-10-06 17:03,259.7,1.2
146,전주,2024-10-06 17:04,274,1.2
146,전주,2024-10-06 17:05,276,1.2
146,전주,2024-10-06 17:06,268.4,1.2
146,전주,2024-10-06 17:07,258,1.3
146,전주,2024-10-06 17:08,253,1.2
146,전주,2024-10-06 17:09,255.1,1.3
146,전주,2024-10-06 17:10,257.3,1.6
146,전주,2024-10-06 17:11,257.7,1.7
146,전주,2024-10-06 17:12,258.7,1.7
146,전주,2024-10-06 17:13,251.4,1.5
146,전주,2024-10-06 17:14,248.5,1.3
146,전주,2024-10-06 17:15,270.7,1.3
146,전주,2024-10-06 17:16,258.8,1.3
146,전주,2024-10-06 17:17,253.7,1.5
146,전주,2024-10-06 17:18,245.6,1.6
146,전주,2024-10-06 17:19,269.3,1.5
146,전주,2024-10-06 17:20,284.8,1.2
146,전주,2024-10-06 17:21,277.2,.9
146,전주,2024-10-06 17:22,271.9,1
146,전주,2024-10-06 17:23,268,1.2
146,전주,2024-10-06 17:24,252.5,1.3
146,전주,2024-10-06 17:25,262.5,1.4
146,전주,2024-10-06 17:26,265.9,1.2
146,전주,2024-10-06 17:27,276.5,.9
146,전주,2024-10-06 17:28,258.7,.9
146,전주,2024-10-06 17:29,266.5,.8
146,전주,2024-10-06 17:30,284.3,.7
146,전주,2024-10-06 17:31,281.9,.7
146,전주,2024-10-06 17:32,287.2,1
146,전주,2024-10-06 17:33,284.1,.9
146,전주,2024-10-06 17:34,275,.8
146,전주,2024-10-06 17:35,275,.8
146,전주,2024-10-06 17:36,273.1,.5
146,전주,2024-10-06 17:37,277.6,.4
146,전주,2024-10-06 17:38,264.3,.3
146,전주,2024-10-06 17:39,254.7,.2
146,전주,2024-10-06 17:40,278.1,0
146,전주,2024-10-06 17:41,271.4,0
146,전주,2024-10-06 17:42,283.1,0
146,전주,2024-10-06 17:43,211.5,0
146,전주,2024-10-06 17:44,174.4,0
146,전주,2024-10-06 17:45,180.9,.2
146,전주,2024-10-06 17:46,184.5,.2
146,전주,2024-10-06 17:47,221.2,.3
146,전주,2024-10-06 17:48,191.2,.1
146,전주,2024-10-06 17:49,3,0
146,전주,2024-10-06 17:50,341.8,0
146,전주,2024-10-06 17:51,209.1,.1
146,전주,2024-10-06 17:52,195.9,.2
146,전주,2024-10-06 17:53,191.4,.2
146,전주,2024-10-06 17:54,161.9,.2
146,전주,2024-10-06 17:55,152.6,.3
146,전주,2024-10-06 17:56,150.2,.2
146,전주,2024-10-06 17:57,164.3,.2
146,전주,2024-10-06 17:58,189.3,.1
146,전주,2024-10-06 17:59,195,.2
146,전주,2024-10-06 18:00,174.7,.2
146,전주,2024-10-06 18:01,158.1,.2
146,전주,2024-10-06 18:02,143.3,.2
146,전주,2024-10-06 18:03,142.8,.4
146,전주,2024-10-06 18:04,143.2,.5
146,전주,2024-10-06 18:05,157.8,.5
146,전주,2024-10-06 18:06,158.9,.4
146,전주,2024-10-06 18:07,168.7,.5
146,전주,2024-10-06 18:08,175.5,.5
146,전주,2024-10-06 18:09,152.1,.6
146,전주,2024-10-06 18:10,155.7,.6
146,전주,2024-10-06 18:11,154.5,.6
146,전주,2024-10-06 18:12,159.4,.7
146,전주,2024-10-06 18:13,158.8,.5
146,전주,2024-10-06 18:14,162.5,.6
146,전주,2024-10-06 18:15,160.1,.6
146,전주,2024-10-06 18:16,157,.8
146,전주,2024-10-06 18:17,159.6,.9
146,전주,2024-10-06 18:18,156.5,.9
146,전주,2024-10-06 18:19,156.8,.8
146,전주,2024-10-06 18:20,160.9,.6
146,전주,2024-10-06 18:21,164.1,.7
146,전주,2024-10-06 18:22,161.2,.7
146,전주,2024-10-06 18:23,176.6,.6
146,전주,2024-10-06 18:24,173,.7
146,전주,2024-10-06 18:25,175.8,.7
146,전주,2024-10-06 18:26,184.3,.6
146,전주,2024-10-06 18:27,182.4,.6
146,전주,2024-10-06 18:28,187.4,.4
146,전주,2024-10-06 18:29,181.6,.4
146,전주,2024-10-06 18:30,170.1,.6
146,전주,2024-10-06 18:31,183,.7
146,전주,2024-10-06 18:32,187.5,.7
146,전주,2024-10-06 18:33,199.4,.6
146,전주,2024-10-06 18:34,216.5,.6
146,전주,2024-10-06 18:35,207,.4
146,전주,2024-10-06 18:36,226.3,.4
146,전주,2024-10-06 18:37,232.7,.4
146,전주,2024-10-06 18:38,250.6,.5
146,전주,2024-10-06 18:39,245.5,.6
146,전주,2024-10-06 18:40,247.1,.6
146,전주,2024-10-06 18:41,255,.5
146,전주,2024-10-06 18:42,251.1,.5
146,전주,2024-10-06 18:43,246,.4
146,전주,2024-10-06 18:44,259.4,.3
146,전주,2024-10-06 18:45,257.8,.3
146,전주,2024-10-06 18:46,279.4,.2
146,전주,2024-10-06 18:47,262.8,.2
146,전주,2024-10-06 18:48,266.2,.1
146,전주,2024-10-06 18:49,287,0
146,전주,2024-10-06 18:50,296.1,0
146,전주,2024-10-06 18:51,296.1,0
146,전주,2024-10-06 18:52,143.3,0
146,전주,2024-10-06 18:53,146.5,.1
146,전주,2024-10-06 18:54,145.1,.3
146,전주,2024-10-06 18:55,144.4,.5
146,전주,2024-10-06 18:56,143.8,.6
146,전주,2024-10-06 18:57,134.6,.7
146,전주,2024-10-06 18:58,128.7,.8
146,전주,2024-10-06 18:59,135,.9
146,전주,2024-10-06 19:00,133.5,1
146,전주,2024-10-06 19:01,132.6,1
146,전주,2024-10-06 19:02,141.7,1
146,전주,2024-10-06 19:03,132,1.2
146,전주,2024-10-06 19:04,125.2,1.1
146,전주,2024-10-06 19:05,139.4,1.1
146,전주,2024-10-06 19:06,130.1,1.1
146,전주,2024-10-06 19:07,129.4,1.2
146,전주,2024-10-06 19:08,123,1.1
146,전주,2024-10-06 19:09,110,1.2
146,전주,2024-10-06 19:10,121.7,1.1
146,전주,2024-10-06 19:11,121.1,1.4
146,전주,2024-10-06 19:12,122.2,1.5
146,전주,2024-10-06 19:13,118.4,1.5
146,전주,2024-10-06 19:14,126.5,1.6
146,전주,2024-10-06 19:15,124.5,1.7
146,전주,2024-10-06 19:16,126.5,1.6
146,전주,2024-10-06 19:17,134.4,1.8
146,전주,2024-10-06 19:18,136.4,1.8
146,전주,2024-10-06 19:19,131.1,2
146,전주,2024-10-06 19:20,132.2,2.2
146,전주,2024-10-06 19:21,134.4,1.9
146,전주,2024-10-06 19:22,139.3,1.8
146,전주,2024-10-06 19:23,137.7,1.8
146,전주,2024-10-06 19:24,137.3,1.9
146,전주,2024-10-06 19:25,135.4,1.7
146,전주,2024-10-06 19:26,143.9,1.5
146,전주,2024-10-06 19:27,145.4,1.3
146,전주,2024-10-06 19:28,137.1,1
146,전주,2024-10-06 19:29,136.6,.9
146,전주,2024-10-06 19:30,141,1
146,전주,2024-10-06 19:31,132.5,1
146,전주,2024-10-06 19:32,141.4,1
146,전주,2024-10-06 19:33,133.6,1
146,전주,2024-10-06 19:34,118.4,1
146,전주,2024-10-06 19:35,130.4,1.5
146,전주,2024-10-06 19:36,133.8,1.3
146,전주,2024-10-06 19:37,139.1,1.3
146,전주,2024-10-06 19:38,150.6,1.5
146,전주,2024-10-06 19:39,146.6,1.2
146,전주,2024-10-06 19:40,162.6,.9
146,전주,2024-10-06 19:41,182.4,.6
146,전주,2024-10-06 19:42,255,.2
146,전주,2024-10-06 19:43,312.9,0
146,전주,2024-10-06 19:44,341,.3
146,전주,2024-10-06 19:45,356.4,.6
146,전주,2024-10-06 19:46,355.4,1
146,전주,2024-10-06 19:47,358.5,1.1
146,전주,2024-10-06 19:48,4.5,1.1
146,전주,2024-10-06 19:49,21,.9
146,전주,2024-10-06 19:50,42.3,.6
146,전주,2024-10-06 19:51,83.9,.5
146,전주,2024-10-06 19:52,101.6,.6
146,전주,2024-10-06 19:53,106.2,.8
146,전주,2024-10-06 19:54,112.1,.8
146,전주,2024-10-06 19:55,99.8,.9
146,전주,2024-10-06 19:56,95.4,.8
146,전주,2024-10-06 19:57,76.4,.8
146,전주,2024-10-06 19:58,78,.8
146,전주,2024-10-06 19:59,71.4,.7
146,전주,2024-10-06 20:00,25.1,.3
146,전주,2024-10-06 20:01,32.8,.3
146,전주,2024-10-06 20:02,22.5,.4
146,전주,2024-10-06 20:03,23.6,.4
146,전주,2024-10-06 20:04,8.1,.5
146,전주,2024-10-06 20:05,4.7,.5
146,전주,2024-10-06 20:06,14.6,.5
146,전주,2024-10-06 20:07,24.2,.5
146,전주,2024-10-06 20:08,25.1,.6
146,전주,2024-10-06 20:09,27.7,.5
146,전주,2024-10-06 20:10,46.5,.4
146,전주,2024-10-06 20:11,54.7,.3
146,전주,2024-10-06 20:12,49.5,.3
146,전주,2024-10-06 20:13,27.7,.5
146,전주,2024-10-06 20:14,1.1,.5
146,전주,2024-10-06 20:15,.8,.6
146,전주,2024-10-06 20:16,359.3,.8
146,전주,2024-10-06 20:17,351.6,1.2
146,전주,2024-10-06 20:18,339,1
146,전주,2024-10-06 20:19,323.8,1
146,전주,2024-10-06 20:20,324.2,1
146,전주,2024-10-06 20:21,313.8,.9
146,전주,2024-10-06 20:22,315.8,.9
146,전주,2024-10-06 20:23,311,.8
146,전주,2024-10-06 20:24,312.9,.9
146,전주,2024-10-06 20:25,315.9,.9
146,전주,2024-10-06 20:26,331.7,.9
146,전주,2024-10-06 20:27,3.8,.7
146,전주,2024-10-06 20:28,18.3,.6
146,전주,2024-10-06 20:29,22.3,.6
146,전주,2024-10-06 20:30,40.1,.6
146,전주,2024-10-06 20:31,56.4,.8
146,전주,2024-10-06 20:32,57.1,1
146,전주,2024-10-06 20:33,70.2,1
146,전주,2024-10-06 20:34,72.6,1.1
146,전주,2024-10-06 20:35,78.8,1
146,전주,2024-10-06 20:36,81.6,.8
146,전주,2024-10-06 20:37,75.4,1
146,전주,2024-10-06 20:38,71.2,1
146,전주,2024-10-06 20:39,69.7,.9
146,전주,2024-10-06 20:40,75.1,.8
146,전주,2024-10-06 20:41,69,.8
146,전주,2024-10-06 20:42,77.9,.6
146,전주,2024-10-06 20:43,80.4,.3
146,전주,2024-10-06 20:44,92,.2
146,전주,2024-10-06 20:45,85.3,.2
146,전주,2024-10-06 20:46,90.9,.2
146,전주,2024-10-06 20:47,102.7,.2
146,전주,2024-10-06 20:48,97.6,.2
146,전주,2024-10-06 20:49,100.4,.1
146,전주,2024-10-06 20:50,88.9,0
146,전주,2024-10-06 20:51,71.4,0
146,전주,2024-10-06 20:52,69.2,0
146,전주,2024-10-06 20:53,110.8,0
146,전주,2024-10-06 20:54,121.8,.2
146,전주,2024-10-06 20:55,109.9,.2
146,전주,2024-10-06 20:56,107.8,.3
146,전주,2024-10-06 20:57,105.2,.4
146,전주,2024-10-06 20:58,101.4,.5
146,전주,2024-10-06 20:59,93.8,.6
146,전주,2024-10-06 21:00,88.8,.6
146,전주,2024-10-06 21:01,88.6,.6
146,전주,2024-10-06 21:02,86.4,.7
146,전주,2024-10-06 21:03,84.2,.6
146,전주,2024-10-06 21:04,88.4,.7
146,전주,2024-10-06 21:05,99,.8
146,전주,2024-10-06 21:06,97.4,.9
146,전주,2024-10-06 21:07,94.3,.8
146,전주,2024-10-06 21:08,94.6,.8
146,전주,2024-10-06 21:09,96.2,.8
146,전주,2024-10-06 21:10,101.5,.8
146,전주,2024-10-06 21:11,108.5,.9
146,전주,2024-10-06 21:12,112.5,.8
146,전주,2024-10-06 21:13,114.5,.8
146,전주,2024-10-06 21:14,115.5,.8
146,전주,2024-10-06 21:15,120.3,.8
146,전주,2024-10-06 21:16,122.6,.8
146,전주,2024-10-06 21:17,123.3,.8
146,전주,2024-10-06 21:18,112.2,.8
146,전주,2024-10-06 21:19,132.3,.6
146,전주,2024-10-06 21:20,118.7,.7
146,전주,2024-10-06 21:21,131,.5
146,전주,2024-10-06 21:22,128.6,.9
146,전주,2024-10-06 21:23,128.9,1.3
146,전주,2024-10-06 21:24,135.8,1.1
146,전주,2024-10-06 21:25,135.8,1.3
146,전주,2024-10-06 21:26,139.2,1.1
146,전주,2024-10-06 21:27,133.9,1.2
146,전주,2024-10-06 21:28,136.5,1.3
146,전주,2024-10-06 21:29,139.8,1.1
146,전주,2024-10-06 21:30,145.5,.8
146,전주,2024-10-06 21:31,138,.9
146,전주,2024-10-06 21:32,128.5,1
146,전주,2024-10-06 21:33,130.9,.9
146,전주,2024-10-06 21:34,131.2,.8
146,전주,2024-10-06 21:35,132.8,.8
146,전주,2024-10-06 21:36,136.6,.8
146,전주,2024-10-06 21:37,128.5,.8
146,전주,2024-10-06 21:38,130.3,.9
146,전주,2024-10-06 21:39,129.9,.8
146,전주,2024-10-06 21:40,119.9,.6
146,전주,2024-10-06 21:41,119.5,.7
146,전주,2024-10-06 21:42,116.2,.8
146,전주,2024-10-06 21:43,115.7,.7
146,전주,2024-10-06 21:44,108.3,.6
146,전주,2024-10-06 21:45,116,.9
146,전주,2024-10-06 21:46,120.6,1
146,전주,2024-10-06 21:47,121.5,1
146,전주,2024-10-06 21:48,127.4,1.1
146,전주,2024-10-06 21:49,126.1,1
146,전주,2024-10-06 21:50,123.2,1.1
146,전주,2024-10-06 21:51,123.5,1
146,전주,2024-10-06 21:52,128.3,.9
146,전주,2024-10-06 21:53,126.3,.7
146,전주,2024-10-06 21:54,136.7,.7
146,전주,2024-10-06 21:55,132.3,.6
146,전주,2024-10-06 21:56,129.3,.7
146,전주,2024-10-06 21:57,117.1,.8
146,전주,2024-10-06 21:58,123.9,.8
146,전주,2024-10-06 21:59,129,1
146,전주,2024-10-06 22:00,125.3,1.2
146,전주,2024-10-06 22:01,125.4,1.1
146,전주,2024-10-06 22:02,129.7,1.2
146,전주,2024-10-06 22:03,127.8,1.2
146,전주,2024-10-06 22:04,129.1,1.5
146,전주,2024-10-06 22:05,125.3,1.3
146,전주,2024-10-06 22:06,111.3,1.3
146,전주,2024-10-06 22:07,128.6,1.2
146,전주,2024-10-06 22:08,119.1,1.2
146,전주,2024-10-06 22:09,122.9,1.2
146,전주,2024-10-06 22:10,134,1
146,전주,2024-10-06 22:11,123.9,.7
146,전주,2024-10-06 22:12,136.8,.8
146,전주,2024-10-06 22:13,136.3,1
146,전주,2024-10-06 22:14,142.6,.8
146,전주,2024-10-06 22:15,134.7,.6
146,전주,2024-10-06 22:16,158.1,.5
146,전주,2024-10-06 22:17,175.8,.5
146,전주,2024-10-06 22:18,170.7,.6
146,전주,2024-10-06 22:19,182.7,.7
146,전주,2024-10-06 22:20,186.2,.7
146,전주,2024-10-06 22:21,161.2,.6
146,전주,2024-10-06 22:22,173,.3
146,전주,2024-10-06 22:23,176.3,.4
146,전주,2024-10-06 22:24,180.6,.3
146,전주,2024-10-06 22:25,177,.4
146,전주,2024-10-06 22:26,186.8,.5
146,전주,2024-10-06 22:27,181,.6
146,전주,2024-10-06 22:28,187.9,.7
146,전주,2024-10-06 22:29,172.6,.7
146,전주,2024-10-06 22:30,169.2,.7
146,전주,2024-10-06 22:31,210,.2
146,전주,2024-10-06 22:32,171.2,.4
146,전주,2024-10-06 22:33,188.4,.7
146,전주,2024-10-06 22:34,177.9,.6
146,전주,2024-10-06 22:35,230.8,.3
146,전주,2024-10-06 22:36,179.9,.7
146,전주,2024-10-06 22:37,173.5,.7
146,전주,2024-10-06 22:38,164.2,.8
146,전주,2024-10-06 22:39,146.9,.7
146,전주,2024-10-06 22:40,132.7,.6
146,전주,2024-10-06 22:41,134,.4
146,전주,2024-10-06 22:42,144.8,.4
146,전주,2024-10-06 22:43,134.9,.6
146,전주,2024-10-06 22:44,145.5,.5
146,전주,2024-10-06 22:45,116.1,.3
146,전주,2024-10-06 22:46,111.7,.2
146,전주,2024-10-06 22:47,134.1,.4
146,전주,2024-10-06 22:48,125.9,.6
146,전주,2024-10-06 22:49,126.2,.7
146,전주,2024-10-06 22:50,121.9,.8
146,전주,2024-10-06 22:51,128.1,.8
146,전주,2024-10-06 22:52,134.3,.8
146,전주,2024-10-06 22:53,132.9,.8
146,전주,2024-10-06 22:54,148.3,.7
146,전주,2024-10-06 22:55,146.9,.6
146,전주,2024-10-06 22:56,151.4,.3
146,전주,2024-10-06 22:57,152.3,.3
146,전주,2024-10-06 22:58,128.3,.3
146,전주,2024-10-06 22:59,131.5,.2
146,전주,2024-10-06 23:00,143.4,.3
146,전주,2024-10-06 23:01,144.5,.4
146,전주,2024-10-06 23:02,153.9,.3
146,전주,2024-10-06 23:03,171.8,.3
146,전주,2024-10-06 23:04,174.7,.4
146,전주,2024-10-06 23:05,173.9,.4
146,전주,2024-10-06 23:06,163,.4
146,전주,2024-10-06 23:07,151.6,.4
146,전주,2024-10-06 23:08,150.1,.4
146,전주,2024-10-06 23:09,157.8,.4
146,전주,2024-10-06 23:10,159.7,.5
146,전주,2024-10-06 23:11,156.5,.6
146,전주,2024-10-06 23:12,151.2,.6
146,전주,2024-10-06 23:13,139.8,.6
146,전주,2024-10-06 23:14,135.5,.6
146,전주,2024-10-06 23:15,142.8,.5
146,전주,2024-10-06 23:16,143.4,.5
146,전주,2024-10-06 23:17,151,.5
146,전주,2024-10-06 23:18,155.6,.5
146,전주,2024-10-06 23:19,155.3,.6
146,전주,2024-10-06 23:20,145.6,.5
146,전주,2024-10-06 23:21,138.6,.5
146,전주,2024-10-06 23:22,133,.5
146,전주,2024-10-06 23:23,128.7,.4
146,전주,2024-10-06 23:24,115.1,.5
146,전주,2024-10-06 23:25,107.9,.5
146,전주,2024-10-06 23:26,99.1,.7
146,전주,2024-10-06 23:27,103,.8
146,전주,2024-10-06 23:28,104.1,.8
146,전주,2024-10-06 23:29,101.5,.8
146,전주,2024-10-06 23:30,111.8,1
146,전주,2024-10-06 23:31,107.9,1.1
146,전주,2024-10-06 23:32,106.4,1
146,전주,2024-10-06 23:33,118.4,.8
146,전주,2024-10-06 23:34,124.2,.6
146,전주,2024-10-06 23:35,124,.5
146,전주,2024-10-06 23:36,131.9,.6
146,전주,2024-10-06 23:37,149.2,.6
146,전주,2024-10-06 23:38,168.9,.6
146,전주,2024-10-06 23:39,163.7,.6
146,전주,2024-10-06 23:40,155.5,.7
146,전주,2024-10-06 23:41,150,.7
146,전주,2024-10-06 23:42,145.1,.6
146,전주,2024-10-06 23:43,136.2,.7
146,전주,2024-10-06 23:44,147.3,.7
146,전주,2024-10-06 23:45,143.4,.6
146,전주,2024-10-06 23:46,146.5,.6
146,전주,2024-10-06 23:47,143.2,.6
146,전주,2024-10-06 23:48,153,.4
146,전주,2024-10-06 23:49,149.9,.2
146,전주,2024-10-06 23:50,143.4,.2
146,전주,2024-10-06 23:51,158.4,.1
146,전주,2024-10-06 23:52,182.7,.2
146,전주,2024-10-06 23:53,170.4,.3
146,전주,2024-10-06 23:54,159.6,.2
146,전주,2024-10-06 23:55,160,.4
146,전주,2024-10-06 23:56,156.7,.5
146,전주,2024-10-06 23:57,167.7,.5
146,전주,2024-10-06 23:58,168.5,.6
146,전주,2024-10-06 23:59,160.4,.5
146,전주,2024-10-07 00:00,156.3,.4
172,고창,2024-10-06 00:01,116.4,.9
172,고창,2024-10-06 00:02,116.1,.9
172,고창,2024-10-06 00:03,124.9,.7
172,고창,2024-10-06 00:04,130.8,.6
172,고창,2024-10-06 00:05,148.4,.8
172,고창,2024-10-06 00:06,155.6,.8
172,고창,2024-10-06 00:07,157.9,.7
172,고창,2024-10-06 00:08,152.4,.7
172,고창,2024-10-06 00:09,144.8,.7
172,고창,2024-10-06 00:10,126.7,.5
172,고창,2024-10-06 00:11,133.9,.8
172,고창,2024-10-06 00:12,125.4,1.2
172,고창,2024-10-06 00:13,119.8,1.1
172,고창,2024-10-06 00:14,134.3,1.2
172,고창,2024-10-06 00:15,140.8,1.3
172,고창,2024-10-06 00:16,142.9,1.1
172,고창,2024-10-06 00:17,150.9,1
172,고창,2024-10-06 00:18,147.9,1.1
172,고창,2024-10-06 00:19,150.7,.9
172,고창,2024-10-06 00:20,146.5,.8
172,고창,2024-10-06 00:21,143.2,.7
172,고창,2024-10-06 00:22,141.9,.7
172,고창,2024-10-06 00:23,135.5,.8
172,고창,2024-10-06 00:24,130.6,.8
172,고창,2024-10-06 00:25,127.8,.8
172,고창,2024-10-06 00:26,119.9,.8
172,고창,2024-10-06 00:27,121.4,.7
172,고창,2024-10-06 00:28,114,.6
172,고창,2024-10-06 00:29,104.8,.7
172,고창,2024-10-06 00:30,109.5,.8
172,고창,2024-10-06 00:31,110.1,1
172,고창,2024-10-06 00:32,119.2,1
172,고창,2024-10-06 00:33,119.9,1.1
172,고창,2024-10-06 00:34,121.5,1
172,고창,2024-10-06 00:35,122.3,1
172,고창,2024-10-06 00:36,120.2,.6
172,고창,2024-10-06 00:37,120.7,.4
172,고창,2024-10-06 00:38,115.3,.2
172,고창,2024-10-06 00:39,0,0
172,고창,2024-10-06 00:40,0,0
172,고창,2024-10-06 00:41,0,0
172,고창,2024-10-06 00:42,0,0
172,고창,2024-10-06 00:43,0,0
172,고창,2024-10-06 00:44,64.5,.5
172,고창,2024-10-06 00:45,62.4,.5
172,고창,2024-10-06 00:46,54.8,.7
172,고창,2024-10-06 00:47,67.3,.7
172,고창,2024-10-06 00:48,66,.6
172,고창,2024-10-06 00:49,61.7,.8
172,고창,2024-10-06 00:50,78.1,1.1
172,고창,2024-10-06 00:51,83.8,.9
172,고창,2024-10-06 00:52,87.2,1
172,고창,2024-10-06 00:53,85.6,1.3
172,고창,2024-10-06 00:54,81.2,.9
172,고창,2024-10-06 00:55,69.7,1.3
172,고창,2024-10-06 00:56,58.1,.4
172,고창,2024-10-06 00:57,61.3,1.2
172,고창,2024-10-06 00:58,66.9,.7
172,고창,2024-10-06 00:59,68,.9
172,고창,2024-10-06 01:00,79.9,1
172,고창,2024-10-06 01:01,84.3,.8
172,고창,2024-10-06 01:02,70.8,.9
172,고창,2024-10-06 01:03,60.1,.9
172,고창,2024-10-06 01:04,62.4,.7
172,고창,2024-10-06 01:05,63.7,1
172,고창,2024-10-06 01:06,44.3,1.1
172,고창,2024-10-06 01:07,38.4,.8
172,고창,2024-10-06 01:08,29.4,1.1
172,고창,2024-10-06 01:09,24.4,.9
172,고창,2024-10-06 01:10,22.1,1
172,고창,2024-10-06 01:11,8.2,.9
172,고창,2024-10-06 01:12,348.4,.7
172,고창,2024-10-06 01:13,357.9,1.2
172,고창,2024-10-06 01:14,343.1,1.4
172,고창,2024-10-06 01:15,349.9,1.1
172,고창,2024-10-06 01:16,354.6,1.7
172,고창,2024-10-06 01:17,342.5,1.1
172,고창,2024-10-06 01:18,1.6,1.8
172,고창,2024-10-06 01:19,351.4,1.9
172,고창,2024-10-06 01:20,345.3,1.1
172,고창,2024-10-06 01:21,356.4,2.4
172,고창,2024-10-06 01:22,351.1,1.7
172,고창,2024-10-06 01:23,350.3,1.3
172,고창,2024-10-06 01:24,352.5,1.6
172,고창,2024-10-06 01:25,1.9,1.4
172,고창,2024-10-06 01:26,13.1,1.6
172,고창,2024-10-06 01:27,24.5,1
172,고창,2024-10-06 01:28,30.4,1
172,고창,2024-10-06 01:29,39,1.7
172,고창,2024-10-06 01:30,55.2,.9
172,고창,2024-10-06 01:31,55.7,.9
172,고창,2024-10-06 01:32,43.5,1.1
172,고창,2024-10-06 01:33,42.8,1
172,고창,2024-10-06 01:34,39.4,.9
172,고창,2024-10-06 01:35,27.2,.8
172,고창,2024-10-06 01:36,48.2,.6
172,고창,2024-10-06 01:37,49.5,.7
172,고창,2024-10-06 01:38,44.8,.5
172,고창,2024-10-06 01:39,67.8,.5
172,고창,2024-10-06 01:40,83.6,.6
172,고창,2024-10-06 01:41,107.3,.5
172,고창,2024-10-06 01:42,90,.5
172,고창,2024-10-06 01:43,95.3,.5
172,고창,2024-10-06 01:44,117.6,.5
172,고창,2024-10-06 01:45,122.9,1.1
172,고창,2024-10-06 01:46,121.6,.9
172,고창,2024-10-06 01:47,119.9,.9
172,고창,2024-10-06 01:48,127.9,.8
172,고창,2024-10-06 01:49,126.3,.8
172,고창,2024-10-06 01:50,127.1,.7
172,고창,2024-10-06 01:51,142.4,1.1
172,고창,2024-10-06 01:52,135.8,1.1
172,고창,2024-10-06 01:53,137.2,1.1
172,고창,2024-10-06 01:54,129.7,1.4
172,고창,2024-10-06 01:55,126.7,1.6
172,고창,2024-10-06 01:56,126.5,1.6
172,고창,2024-10-06 01:57,125.4,1.5
172,고창,2024-10-06 01:58,126.5,1.7
172,고창,2024-10-06 01:59,121.5,1.9
172,고창,2024-10-06 02:00,119.3,1.6
172,고창,2024-10-06 02:01,129,1.6
172,고창,2024-10-06 02:02,119.6,1.6
172,고창,2024-10-06 02:03,117.3,1.5
172,고창,2024-10-06 02:04,124.9,1.4
172,고창,2024-10-06 02:05,125.3,1.4
172,고창,2024-10-06 02:06,124.7,1.7
172,고창,2024-10-06 02:07,118.5,1.6
172,고창,2024-10-06 02:08,126.7,1.3
172,고창,2024-10-06 02:09,127.4,1.1
172,고창,2024-10-06 02:10,119.5,1.2
172,고창,2024-10-06 02:11,128.4,.5
172,고창,2024-10-06 02:12,101.8,.2
172,고창,2024-10-06 02:13,282.5,.1
172,고창,2024-10-06 02:14,300.9,.3
172,고창,2024-10-06 02:15,267,.2
172,고창,2024-10-06 02:16,265.7,.1
172,고창,2024-10-06 02:17,0,0
172,고창,2024-10-06 02:18,237.7,.3
172,고창,2024-10-06 02:19,249.4,.8
172,고창,2024-10-06 02:20,255.3,.5
172,고창,2024-10-06 02:21,278,1
172,고창,2024-10-06 02:22,271,.9
172,고창,2024-10-06 02:23,292,1.2
172,고창,2024-10-06 02:24,291.3,.8
172,고창,2024-10-06 02:25,282.8,.5
172,고창,2024-10-06 02:26,288.8,.8
172,고창,2024-10-06 02:27,304.2,1.3
172,고창,2024-10-06 02:28,305.8,1.1
172,고창,2024-10-06 02:29,293.9,.4
172,고창,2024-10-06 02:30,270,.8
172,고창,2024-10-06 02:31,261.5,1.1
172,고창,2024-10-06 02:32,263.3,.9
172,고창,2024-10-06 02:33,281.1,.8
172,고창,2024-10-06 02:34,252.7,.6
172,고창,2024-10-06 02:35,253.9,.7
172,고창,2024-10-06 02:36,283.2,1.3
172,고창,2024-10-06 02:37,282,1.3
172,고창,2024-10-06 02:38,279.2,1.3
172,고창,2024-10-06 02:39,267.7,1.2
172,고창,2024-10-06 02:40,249.9,.9
172,고창,2024-10-06 02:41,247.7,.7
172,고창,2024-10-06 02:42,278.8,.6
172,고창,2024-10-06 02:43,88.8,.2
172,고창,2024-10-06 02:44,63,.3
172,고창,2024-10-06 02:45,40.6,.7
172,고창,2024-10-06 02:46,79.3,1.3
172,고창,2024-10-06 02:47,48,1.5
172,고창,2024-10-06 02:48,43.9,1.3
172,고창,2024-10-06 02:49,55.2,1.2
172,고창,2024-10-06 02:50,97.1,.7
172,고창,2024-10-06 02:51,35.1,.4
172,고창,2024-10-06 02:52,85.4,.5
172,고창,2024-10-06 02:53,67.3,.8
172,고창,2024-10-06 02:54,79.6,1
172,고창,2024-10-06 02:55,83.8,1
172,고창,2024-10-06 02:56,105.2,.8
172,고창,2024-10-06 02:57,110.9,.5
172,고창,2024-10-06 02:58,79.7,.6
172,고창,2024-10-06 02:59,99.4,.6
172,고창,2024-10-06 03:00,125.7,1.3
172,고창,2024-10-06 03:01,147.9,1.1
172,고창,2024-10-06 03:02,169.2,.8
172,고창,2024-10-06 03:03,211.6,.1
172,고창,2024-10-06 03:04,180.7,.2
172,고창,2024-10-06 03:05,232.2,.2
172,고창,2024-10-06 03:06,278.9,.7
172,고창,2024-10-06 03:07,305.5,.5
172,고창,2024-10-06 03:08,306.3,.4
172,고창,2024-10-06 03:09,295.1,.3
172,고창,2024-10-06 03:10,0,0
172,고창,2024-10-06 03:11,0,0
172,고창,2024-10-06 03:12,0,0
172,고창,2024-10-06 03:13,0,0
172,고창,2024-10-06 03:14,0,0
172,고창,2024-10-06 03:15,0,0
172,고창,2024-10-06 03:16,0,0
172,고창,2024-10-06 03:17,0,0
172,고창,2024-10-06 03:18,0,0
172,고창,2024-10-06 03:19,0,0
172,고창,2024-10-06 03:20,0,0
172,고창,2024-10-06 03:21,0,0
172,고창,2024-10-06 03:22,0,0
172,고창,2024-10-06 03:23,0,0
172,고창,2024-10-06 03:24,0,0
172,고창,2024-10-06 03:25,201.2,.8
172,고창,2024-10-06 03:26,180,.9
172,고창,2024-10-06 03:27,174.7,1
172,고창,2024-10-06 03:28,165.9,1.1
172,고창,2024-10-06 03:29,166.1,1.1
172,고창,2024-10-06 03:30,169.7,1
172,고창,2024-10-06 03:31,177.5,1.1
172,고창,2024-10-06 03:32,177.9,1.1
172,고창,2024-10-06 03:33,161.9,1.1
172,고창,2024-10-06 03:34,172.5,.8
172,고창,2024-10-06 03:35,213.1,.6
172,고창,2024-10-06 03:36,211.5,.3
172,고창,2024-10-06 03:37,255.4,.3
172,고창,2024-10-06 03:38,179.2,.3
172,고창,2024-10-06 03:39,182.1,.6
172,고창,2024-10-06 03:40,197.7,.7
172,고창,2024-10-06 03:41,217.3,.6
172,고창,2024-10-06 03:42,232.6,.3
172,고창,2024-10-06 03:43,242.9,.2
172,고창,2024-10-06 03:44,184.4,.3
172,고창,2024-10-06 03:45,158.1,.4
172,고창,2024-10-06 03:46,165.4,.6
172,고창,2024-10-06 03:47,132.9,.5
172,고창,2024-10-06 03:48,97.1,.2
172,고창,2024-10-06 03:49,0,0
172,고창,2024-10-06 03:50,130.5,.2
172,고창,2024-10-06 03:51,134.1,.5
172,고창,2024-10-06 03:52,113.2,.8
172,고창,2024-10-06 03:53,110.6,.8
172,고창,2024-10-06 03:54,112.7,.8
172,고창,2024-10-06 03:55,117.6,.4
172,고창,2024-10-06 03:56,151.7,.1
172,고창,2024-10-06 03:57,167.3,.1
172,고창,2024-10-06 03:58,201.5,.1
172,고창,2024-10-06 03:59,0,0
172,고창,2024-10-06 04:00,0,0
172,고창,2024-10-06 04:01,250.5,1.5
172,고창,2024-10-06 04:02,275.1,1.8
172,고창,2024-10-06 04:03,260.2,1.6
172,고창,2024-10-06 04:04,251.9,1.7
172,고창,2024-10-06 04:05,251.2,1.8
172,고창,2024-10-06 04:06,251.1,1.7
172,고창,2024-10-06 04:07,241.1,1.9
172,고창,2024-10-06 04:08,243.4,1.6
172,고창,2024-10-06 04:09,241.4,1.5
172,고창,2024-10-06 04:10,244.4,1.3
172,고창,2024-10-06 04:11,243.8,1.4
172,고창,2024-10-06 04:12,246.9,1.5
172,고창,2024-10-06 04:13,248.6,1.5
172,고창,2024-10-06 04:14,244.1,1.8
172,고창,2024-10-06 04:15,242.8,1.9
172,고창,2024-10-06 04:16,237.1,1.9
172,고창,2024-10-06 04:17,233.2,1.4
172,고창,2024-10-06 04:18,220.4,.9
172,고창,2024-10-06 04:19,189.2,.4
172,고창,2024-10-06 04:20,161.5,.1
172,고창,2024-10-06 04:21,138.2,.5
172,고창,2024-10-06 04:22,88.1,.8
172,고창,2024-10-06 04:23,98.4,.8
172,고창,2024-10-06 04:24,121.4,1
172,고창,2024-10-06 04:25,115.8,1.2
172,고창,2024-10-06 04:26,123.4,1.1
172,고창,2024-10-06 04:27,141.1,1.1
172,고창,2024-10-06 04:28,145.3,1.4
172,고창,2024-10-06 04:29,147.8,1.7
172,고창,2024-10-06 04:30,152.1,1.3
172,고창,2024-10-06 04:31,157.6,1.1
172,고창,2024-10-06 04:32,141,1.6
172,고창,2024-10-06 04:33,127.8,1.7
172,고창,2024-10-06 04:34,120,1.8
172,고창,2024-10-06 04:35,119.2,1.8
172,고창,2024-10-06 04:36,121.1,1.8
172,고창,2024-10-06 04:37,118.7,1.8
172,고창,2024-10-06 04:38,117.1,1.6
172,고창,2024-10-06 04:39,116.8,1.6
172,고창,2024-10-06 04:40,112.3,1.6
172,고창,2024-10-06 04:41,109.4,1.5
172,고창,2024-10-06 04:42,108.4,1.1
172,고창,2024-10-06 04:43,108.8,.9
172,고창,2024-10-06 04:44,100.3,.7
172,고창,2024-10-06 04:45,92.6,.5
172,고창,2024-10-06 04:46,78.6,.2
172,고창,2024-10-06 04:47,58.1,.1
172,고창,2024-10-06 04:48,57,.4
172,고창,2024-10-06 04:49,60.2,.6
172,고창,2024-10-06 04:50,76.9,.7
172,고창,2024-10-06 04:51,73.4,.6
172,고창,2024-10-06 04:52,72.5,.4
172,고창,2024-10-06 04:53,62.4,.2
172,고창,2024-10-06 04:54,26.4,.1
172,고창,2024-10-06 04:55,0,0
172,고창,2024-10-06 04:56,347.9,.1
172,고창,2024-10-06 04:57,337.9,.1
172,고창,2024-10-06 04:58,351,.1
172,고창,2024-10-06 04:59,344.6,.4
172,고창,2024-10-06 05:00,334.4,.7
172,고창,2024-10-06 05:01,312.6,1.5
172,고창,2024-10-06 05:02,307.5,1.6
172,고창,2024-10-06 05:03,304,1.4
172,고창,2024-10-06 05:04,299.3,1.3
172,고창,2024-10-06 05:05,300.8,1.3
172,고창,2024-10-06 05:06,299.8,1.3
172,고창,2024-10-06 05:07,297.3,1.7
172,고창,2024-10-06 05:08,293.6,1.5
172,고창,2024-10-06 05:09,296.7,1.5
172,고창,2024-10-06 05:10,293.4,1.3
172,고창,2024-10-06 05:11,292,1.5
172,고창,2024-10-06 05:12,286.7,1.6
172,고창,2024-10-06 05:13,276.4,1.5
172,고창,2024-10-06 05:14,272.4,1.4
172,고창,2024-10-06 05:15,268.2,1.2
172,고창,2024-10-06 05:16,274.1,1.1
172,고창,2024-10-06 05:17,278.3,1
172,고창,2024-10-06 05:18,283.2,.7
172,고창,2024-10-06 05:19,309,.6
172,고창,2024-10-06 05:20,336.3,.2
172,고창,2024-10-06 05:21,340.9,.2
172,고창,2024-10-06 05:22,324.3,.2
172,고창,2024-10-06 05:23,331,.5
172,고창,2024-10-06 05:24,315.1,.6
172,고창,2024-10-06 05:25,306.4,.9
172,고창,2024-10-06 05:26,295.1,1.3
172,고창,2024-10-06 05:27,292.8,1.3
172,고창,2024-10-06 05:28,290.4,1.2
172,고창,2024-10-06 05:29,283.2,1.1
172,고창,2024-10-06 05:30,280.9,1
172,고창,2024-10-06 05:31,275.9,1.1
172,고창,2024-10-06 05:32,279.7,1.1
172,고창,2024-10-06 05:33,282,1.2
172,고창,2024-10-06 05:34,274.5,1.3
172,고창,2024-10-06 05:35,271.7,1.4
172,고창,2024-10-06 05:36,266.4,1.6
172,고창,2024-10-06 05:37,265.2,1.7
172,고창,2024-10-06 05:38,266.1,1.5
172,고창,2024-10-06 05:39,257.4,1.5
172,고창,2024-10-06 05:40,250.7,1.5
172,고창,2024-10-06 05:41,256.9,1.7
172,고창,2024-10-06 05:42,251.1,1.7
172,고창,2024-10-06 05:43,247.4,1.7
172,고창,2024-10-06 05:44,241.7,1.5
172,고창,2024-10-06 05:45,228.8,1.5
172,고창,2024-10-06 05:46,222.8,1.3
172,고창,2024-10-06 05:47,225.8,1
172,고창,2024-10-06 05:48,225.1,.9
172,고창,2024-10-06 05:49,204.5,.9
172,고창,2024-10-06 05:50,150.3,.9
172,고창,2024-10-06 05:51,163.6,1.2
172,고창,2024-10-06 05:52,166.7,1.6
172,고창,2024-10-06 05:53,161.5,1.8
172,고창,2024-10-06 05:54,159.9,1.9
172,고창,2024-10-06 05:55,156.8,2.1
172,고창,2024-10-06 05:56,145.5,2.2
172,고창,2024-10-06 05:57,143.1,2.2
172,고창,2024-10-06 05:58,147.1,2
172,고창,2024-10-06 05:59,147.9,1.7
172,고창,2024-10-06 06:00,146.8,1.8
172,고창,2024-10-06 06:01,148.2,1.8
172,고창,2024-10-06 06:02,152.6,1.5
172,고창,2024-10-06 06:03,151.7,1.6
172,고창,2024-10-06 06:04,164,1.3
172,고창,2024-10-06 06:05,164.4,1.3
172,고창,2024-10-06 06:06,158,1.1
172,고창,2024-10-06 06:07,162.2,1.3
172,고창,2024-10-06 06:08,163.9,1.3
172,고창,2024-10-06 06:09,158,1.1
172,고창,2024-10-06 06:10,154.4,.9
172,고창,2024-10-06 06:11,157.7,.9
172,고창,2024-10-06 06:12,162.6,1
172,고창,2024-10-06 06:13,163.4,.9
172,고창,2024-10-06 06:14,157.1,.9
172,고창,2024-10-06 06:15,150.3,.8
172,고창,2024-10-06 06:16,148.4,.7
172,고창,2024-10-06 06:17,167.6,.4
172,고창,2024-10-06 06:18,190.3,.4
172,고창,2024-10-06 06:19,204.4,.6
172,고창,2024-10-06 06:20,219.3,.6
172,고창,2024-10-06 06:21,231.7,.4
172,고창,2024-10-06 06:22,218.6,.3
172,고창,2024-10-06 06:23,197.2,.3
172,고창,2024-10-06 06:24,189.3,.4
172,고창,2024-10-06 06:25,0,0
172,고창,2024-10-06 06:26,0,0
172,고창,2024-10-06 06:27,0,0
172,고창,2024-10-06 06:28,0,0
172,고창,2024-10-06 06:29,0,0
172,고창,2024-10-06 06:30,0,0
172,고창,2024-10-06 06:31,0,0
172,고창,2024-10-06 06:32,0,0
172,고창,2024-10-06 06:33,0,0
172,고창,2024-10-06 06:34,0,0
172,고창,2024-10-06 06:35,0,0
172,고창,2024-10-06 06:36,0,0
172,고창,2024-10-06 06:37,0,0
172,고창,2024-10-06 06:38,0,0
172,고창,2024-10-06 06:39,0,0
172,고창,2024-10-06 06:40,0,0
172,고창,2024-10-06 06:41,0,0
172,고창,2024-10-06 06:42,0,0
172,고창,2024-10-06 06:43,297.8,.1
172,고창,2024-10-06 06:44,0,0
172,고창,2024-10-06 06:45,0,0
172,고창,2024-10-06 06:46,300.6,.8
172,고창,2024-10-06 06:47,295.5,1
172,고창,2024-10-06 06:48,290.7,1.1
172,고창,2024-10-06 06:49,282.1,.9
172,고창,2024-10-06 06:50,274,.9
172,고창,2024-10-06 06:51,282.2,.8
172,고창,2024-10-06 06:52,289.8,.7
172,고창,2024-10-06 06:53,285.5,.6
172,고창,2024-10-06 06:54,277.5,.5
172,고창,2024-10-06 06:55,278.5,.7
172,고창,2024-10-06 06:56,287.4,.8
172,고창,2024-10-06 06:57,291.7,.8
172,고창,2024-10-06 06:58,287.4,.7
172,고창,2024-10-06 06:59,279.3,.9
172,고창,2024-10-06 07:00,267.5,1
172,고창,2024-10-06 07:01,251.9,.9
172,고창,2024-10-06 07:02,250.7,.8
172,고창,2024-10-06 07:03,243.1,.7
172,고창,2024-10-06 07:04,233.3,.2
172,고창,2024-10-06 07:05,0,0
172,고창,2024-10-06 07:06,0,0
172,고창,2024-10-06 07:07,0,0
172,고창,2024-10-06 07:08,0,0
172,고창,2024-10-06 07:09,0,0
172,고창,2024-10-06 07:10,0,0
172,고창,2024-10-06 07:11,0,0
172,고창,2024-10-06 07:12,0,0
172,고창,2024-10-06 07:13,0,0
172,고창,2024-10-06 07:14,0,0
172,고창,2024-10-06 07:15,0,0
172,고창,2024-10-06 07:16,0,0
172,고창,2024-10-06 07:17,0,0
172,고창,2024-10-06 07:18,0,0
172,고창,2024-10-06 07:19,0,0
172,고창,2024-10-06 07:20,0,0
172,고창,2024-10-06 07:21,0,0
172,고창,2024-10-06 07:22,0,0
172,고창,2024-10-06 07:23,0,0
172,고창,2024-10-06 07:24,127.2,.5
172,고창,2024-10-06 07:25,135,1
172,고창,2024-10-06 07:26,128.3,1
172,고창,2024-10-06 07:27,128,1
172,고창,2024-10-06 07:28,123.9,.9
172,고창,2024-10-06 07:29,127.7,.9
172,고창,2024-10-06 07:30,114.1,.9
172,고창,2024-10-06 07:31,114.2,.8
172,고창,2024-10-06 07:32,110.9,1
172,고창,2024-10-06 07:33,104.3,1
172,고창,2024-10-06 07:34,98,.9
172,고창,2024-10-06 07:35,106.4,.8
172,고창,2024-10-06 07:36,117.6,.6
172,고창,2024-10-06 07:37,151.9,.2
172,고창,2024-10-06 07:38,0,0
172,고창,2024-10-06 07:39,238.9,.1
172,고창,2024-10-06 07:40,256.5,.5
172,고창,2024-10-06 07:41,259.7,.8
172,고창,2024-10-06 07:42,266.2,.8
172,고창,2024-10-06 07:43,274,.8
172,고창,2024-10-06 07:44,276.2,.8
172,고창,2024-10-06 07:45,272.7,.9
172,고창,2024-10-06 07:46,287.2,1
172,고창,2024-10-06 07:47,296.9,.9
172,고창,2024-10-06 07:48,296.2,.9
172,고창,2024-10-06 07:49,292.6,1
172,고창,2024-10-06 07:50,290.7,1.1
172,고창,2024-10-06 07:51,284.5,1.1
172,고창,2024-10-06 07:52,277.6,1
172,고창,2024-10-06 07:53,274,.8
172,고창,2024-10-06 07:54,271.1,.7
172,고창,2024-10-06 07:55,267.7,.8
172,고창,2024-10-06 07:56,264.6,.8
172,고창,2024-10-06 07:57,270.8,.7
172,고창,2024-10-06 07:58,272.5,.9
172,고창,2024-10-06 07:59,263,1
172,고창,2024-10-06 08:00,261.7,1
172,고창,2024-10-06 08:01,263.4,1.1
172,고창,2024-10-06 08:02,262.4,1.2
172,고창,2024-10-06 08:03,250.3,1.2
172,고창,2024-10-06 08:04,255.1,1.1
172,고창,2024-10-06 08:05,237.2,1.2
172,고창,2024-10-06 08:06,240.7,1
172,고창,2024-10-06 08:07,244.7,1.1
172,고창,2024-10-06 08:08,241.9,1.1
172,고창,2024-10-06 08:09,242.2,1
172,고창,2024-10-06 08:10,238.9,.8
172,고창,2024-10-06 08:11,244,1
172,고창,2024-10-06 08:12,257.4,1
172,고창,2024-10-06 08:13,264.3,.9
172,고창,2024-10-06 08:14,285.4,1
172,고창,2024-10-06 08:15,283.9,1
172,고창,2024-10-06 08:16,289.9,1
172,고창,2024-10-06 08:17,289,.8
172,고창,2024-10-06 08:18,278.8,.5
172,고창,2024-10-06 08:19,278.1,.1
172,고창,2024-10-06 08:20,0,0
172,고창,2024-10-06 08:21,297.5,.1
172,고창,2024-10-06 08:22,0,0
172,고창,2024-10-06 08:23,0,0
172,고창,2024-10-06 08:24,0,0
172,고창,2024-10-06 08:25,0,0
172,고창,2024-10-06 08:26,0,0
172,고창,2024-10-06 08:27,0,0
172,고창,2024-10-06 08:28,0,0
172,고창,2024-10-06 08:29,0,0
172,고창,2024-10-06 08:30,0,0
172,고창,2024-10-06 08:31,0,0
172,고창,2024-10-06 08:32,0,0
172,고창,2024-10-06 08:33,0,0
172,고창,2024-10-06 08:34,0,0
172,고창,2024-10-06 08:35,0,0
172,고창,2024-10-06 08:36,0,0
172,고창,2024-10-06 08:37,0,0
172,고창,2024-10-06 08:38,0,0
172,고창,2024-10-06 08:39,0,0
172,고창,2024-10-06 08:40,356,.1
172,고창,2024-10-06 08:41,339.8,.4
172,고창,2024-10-06 08:42,345.5,.5
172,고창,2024-10-06 08:43,329.8,.6
172,고창,2024-10-06 08:44,335,.6
172,고창,2024-10-06 08:45,335.4,.9
172,고창,2024-10-06 08:46,336.4,.6
172,고창,2024-10-06 08:47,336.7,.6
172,고창,2024-10-06 08:48,340.3,.5
172,고창,2024-10-06 08:49,1.5,.6
172,고창,2024-10-06 08:50,353.6,.7
172,고창,2024-10-06 08:51,351.8,.6
172,고창,2024-10-06 08:52,1.4,.6
172,고창,2024-10-06 08:53,357.9,.5
172,고창,2024-10-06 08:54,352.6,.5
172,고창,2024-10-06 08:55,0,0
172,고창,2024-10-06 08:56,33.4,1
172,고창,2024-10-06 08:57,40.2,1.3
172,고창,2024-10-06 08:58,31.3,1
172,고창,2024-10-06 08:59,33.5,1.3
172,고창,2024-10-06 09:00,28.9,1.7
172,고창,2024-10-06 09:01,34.5,1.7
172,고창,2024-10-06 09:02,35.1,1.3
172,고창,2024-10-06 09:03,44.4,1.2
172,고창,2024-10-06 09:04,36.2,1.1
172,고창,2024-10-06 09:05,58.8,.9
172,고창,2024-10-06 09:06,50.7,.9
172,고창,2024-10-06 09:07,41.8,.5
172,고창,2024-10-06 09:08,348.2,.1
172,고창,2024-10-06 09:09,68.1,.4
172,고창,2024-10-06 09:10,78.8,.6
172,고창,2024-10-06 09:11,82.2,.6
172,고창,2024-10-06 09:12,80.1,.6
172,고창,2024-10-06 09:13,72.9,.7
172,고창,2024-10-06 09:14,55.2,.6
172,고창,2024-10-06 09:15,85,.2
172,고창,2024-10-06 09:16,60.9,.4
172,고창,2024-10-06 09:17,43.6,.5
172,고창,2024-10-06 09:18,31.7,.3
172,고창,2024-10-06 09:19,95.3,.4
172,고창,2024-10-06 09:20,78.2,.5
172,고창,2024-10-06 09:21,29.3,.2
172,고창,2024-10-06 09:22,352.7,.1
172,고창,2024-10-06 09:23,8.8,.4
172,고창,2024-10-06 09:24,354.4,.4
172,고창,2024-10-06 09:25,10,.2
172,고창,2024-10-06 09:26,159.7,.1
172,고창,2024-10-06 09:27,78.5,.6
172,고창,2024-10-06 09:28,90.8,.6
172,고창,2024-10-06 09:29,92.4,.9
172,고창,2024-10-06 09:30,91.9,.9
172,고창,2024-10-06 09:31,80.6,1.1
172,고창,2024-10-06 09:32,92.9,1.4
172,고창,2024-10-06 09:33,97.7,1.5
172,고창,2024-10-06 09:34,99.4,1.5
172,고창,2024-10-06 09:35,94.2,1.5
172,고창,2024-10-06 09:36,106,1.4
172,고창,2024-10-06 09:37,84.1,1.2
172,고창,2024-10-06 09:38,102.3,.9
172,고창,2024-10-06 09:39,106.8,.9
172,고창,2024-10-06 09:40,109.7,1
172,고창,2024-10-06 09:41,95.6,1
172,고창,2024-10-06 09:42,66.2,1
172,고창,2024-10-06 09:43,51.1,1
172,고창,2024-10-06 09:44,61.3,1
172,고창,2024-10-06 09:45,59.4,1
172,고창,2024-10-06 09:46,72.1,.7
172,고창,2024-10-06 09:47,76.5,.5
172,고창,2024-10-06 09:48,77.2,.8
172,고창,2024-10-06 09:49,76.9,.8
172,고창,2024-10-06 09:50,81.5,.5
172,고창,2024-10-06 09:51,88.6,.1
172,고창,2024-10-06 09:52,139.8,.1
172,고창,2024-10-06 09:53,0,0
172,고창,2024-10-06 09:54,0,0
172,고창,2024-10-06 09:55,200.8,.6
172,고창,2024-10-06 09:56,193.7,.7
172,고창,2024-10-06 09:57,171.3,.5
172,고창,2024-10-06 09:58,196.3,.5
172,고창,2024-10-06 09:59,180.3,.5
172,고창,2024-10-06 10:00,142.1,.5
172,고창,2024-10-06 10:01,161.6,.4
172,고창,2024-10-06 10:02,138.4,.4
172,고창,2024-10-06 10:03,164,.7
172,고창,2024-10-06 10:04,196.1,.9
172,고창,2024-10-06 10:05,235.5,1
172,고창,2024-10-06 10:06,224.2,1
172,고창,2024-10-06 10:07,253.5,.8
172,고창,2024-10-06 10:08,263.3,.3
172,고창,2024-10-06 10:09,216.6,.5
172,고창,2024-10-06 10:10,192.9,.3
172,고창,2024-10-06 10:11,220.5,.5
172,고창,2024-10-06 10:12,188.7,.6
172,고창,2024-10-06 10:13,168.3,.8
172,고창,2024-10-06 10:14,182.4,.3
172,고창,2024-10-06 10:15,53.7,.2
172,고창,2024-10-06 10:16,139,.3
172,고창,2024-10-06 10:17,340.6,.2
172,고창,2024-10-06 10:18,335,.2
172,고창,2024-10-06 10:19,309.4,.4
172,고창,2024-10-06 10:20,292.3,.8
172,고창,2024-10-06 10:21,288.3,.6
172,고창,2024-10-06 10:22,294.5,1.3
172,고창,2024-10-06 10:23,266.7,1.2
172,고창,2024-10-06 10:24,250.2,1.1
172,고창,2024-10-06 10:25,274.2,1.4
172,고창,2024-10-06 10:26,288.1,1.3
172,고창,2024-10-06 10:27,281.1,1.1
172,고창,2024-10-06 10:28,303.4,1.3
172,고창,2024-10-06 10:29,293.7,1.7
172,고창,2024-10-06 10:30,303.3,1.5
172,고창,2024-10-06 10:31,308.3,1.6
172,고창,2024-10-06 10:32,286.5,1.6
172,고창,2024-10-06 10:33,278.5,2.4
172,고창,2024-10-06 10:34,285.6,2.2
172,고창,2024-10-06 10:35,295,2.3
172,고창,2024-10-06 10:36,284.5,2
172,고창,2024-10-06 10:37,304.7,1.7
172,고창,2024-10-06 10:38,303.8,1.6
172,고창,2024-10-06 10:39,303.2,2
172,고창,2024-10-06 10:40,297.8,1.6
172,고창,2024-10-06 10:41,308.9,1.4
172,고창,2024-10-06 10:42,299.3,2
172,고창,2024-10-06 10:43,290.1,1.8
172,고창,2024-10-06 10:44,288.5,1.8
172,고창,2024-10-06 10:45,283.6,2.2
172,고창,2024-10-06 10:46,279.3,2.1
172,고창,2024-10-06 10:47,275.3,2.2
172,고창,2024-10-06 10:48,266.6,2.2
172,고창,2024-10-06 10:49,274.1,2
172,고창,2024-10-06 10:50,271.7,2.1
172,고창,2024-10-06 10:51,267.8,1.9
172,고창,2024-10-06 10:52,270.4,1.8
172,고창,2024-10-06 10:53,278.5,1.7
172,고창,2024-10-06 10:54,279.3,1.8
172,고창,2024-10-06 10:55,274.9,1.7
172,고창,2024-10-06 10:56,286.1,1.5
172,고창,2024-10-06 10:57,289.5,1.9
172,고창,2024-10-06 10:58,278.1,2
172,고창,2024-10-06 10:59,267.3,1.9
172,고창,2024-10-06 11:00,275.6,1.9
172,고창,2024-10-06 11:01,280.6,2.3
172,고창,2024-10-06 11:02,280.9,2.2
172,고창,2024-10-06 11:03,280.2,2.3
172,고창,2024-10-06 11:04,280.3,2.1
172,고창,2024-10-06 11:05,276.8,2
172,고창,2024-10-06 11:06,284.6,2
172,고창,2024-10-06 11:07,279.4,1.8
172,고창,2024-10-06 11:08,276.4,1.7
172,고창,2024-10-06 11:09,284.5,1.7
172,고창,2024-10-06 11:10,284.1,1.7
172,고창,2024-10-06 11:11,300.8,1.6
172,고창,2024-10-06 11:12,304.6,1.8
172,고창,2024-10-06 11:13,293.7,1.6
172,고창,2024-10-06 11:14,305.4,1.6
172,고창,2024-10-06 11:15,300.8,1.7
172,고창,2024-10-06 11:16,275.4,1.9
172,고창,2024-10-06 11:17,274.9,1.5
172,고창,2024-10-06 11:18,284.2,1.9
172,고창,2024-10-06 11:19,278.7,2.5
172,고창,2024-10-06 11:20,274.7,2.3
172,고창,2024-10-06 11:21,286.4,1.4
172,고창,2024-10-06 11:22,284.1,1.9
172,고창,2024-10-06 11:23,278,1.6
172,고창,2024-10-06 11:24,278.1,2
172,고창,2024-10-06 11:25,281.1,2
172,고창,2024-10-06 11:26,296.4,2.3
172,고창,2024-10-06 11:27,291.2,1.6
172,고창,2024-10-06 11:28,274.8,2
172,고창,2024-10-06 11:29,270.2,1.8
172,고창,2024-10-06 11:30,274.2,1.9
172,고창,2024-10-06 11:31,271.5,2.1
172,고창,2024-10-06 11:32,265.5,2
172,고창,2024-10-06 11:33,272.7,1.9
172,고창,2024-10-06 11:34,282.6,2.1
172,고창,2024-10-06 11:35,276.9,2
172,고창,2024-10-06 11:36,272.8,2
172,고창,2024-10-06 11:37,284.5,2.3
172,고창,2024-10-06 11:38,284.3,1.7
172,고창,2024-10-06 11:39,308.2,2.2
172,고창,2024-10-06 11:40,299.4,2.5
172,고창,2024-10-06 11:41,277.8,2.4
172,고창,2024-10-06 11:42,271.8,2.8
172,고창,2024-10-06 11:43,275.5,2.4
172,고창,2024-10-06 11:44,277.6,2.5
172,고창,2024-10-06 11:45,293,2.4
172,고창,2024-10-06 11:46,298.8,2.9
172,고창,2024-10-06 11:47,288.6,3
172,고창,2024-10-06 11:48,288,3.5
172,고창,2024-10-06 11:49,296.1,3.4
172,고창,2024-10-06 11:50,303.8,3.1
172,고창,2024-10-06 11:51,297.6,3.1
172,고창,2024-10-06 11:52,295,2.9
172,고창,2024-10-06 11:53,302.2,2.5
172,고창,2024-10-06 11:54,294,2.6
172,고창,2024-10-06 11:55,300,2.9
172,고창,2024-10-06 11:56,294.1,2.2
172,고창,2024-10-06 11:57,297.7,2.5
172,고창,2024-10-06 11:58,308.3,2
172,고창,2024-10-06 11:59,303.6,1.3
172,고창,2024-10-06 12:00,316.7,1.6
172,고창,2024-10-06 12:01,303.7,1.8
172,고창,2024-10-06 12:02,327.3,1.3
172,고창,2024-10-06 12:03,334.4,1.2
172,고창,2024-10-06 12:04,342.5,1.3
172,고창,2024-10-06 12:05,357.6,1.1
172,고창,2024-10-06 12:06,357.5,1.5
172,고창,2024-10-06 12:07,10.1,1.8
172,고창,2024-10-06 12:08,25.3,1.5
172,고창,2024-10-06 12:09,28.7,1.7
172,고창,2024-10-06 12:10,37.1,1.6
172,고창,2024-10-06 12:11,55.3,1.8
172,고창,2024-10-06 12:12,56.4,1.5
172,고창,2024-10-06 12:13,50.7,1.6
172,고창,2024-10-06 12:14,60.7,1.9
172,고창,2024-10-06 12:15,69.3,2.3
172,고창,2024-10-06 12:16,70.7,2.4
172,고창,2024-10-06 12:17,63.4,2.3
172,고창,2024-10-06 12:18,59.2,2
172,고창,2024-10-06 12:19,53.1,1.6
172,고창,2024-10-06 12:20,58.6,1
172,고창,2024-10-06 12:21,66.2,1.1
172,고창,2024-10-06 12:22,64.7,1.2
172,고창,2024-10-06 12:23,82.3,1.2
172,고창,2024-10-06 12:24,91.7,1.1
172,고창,2024-10-06 12:25,108.8,1.2
172,고창,2024-10-06 12:26,116.7,1.1
172,고창,2024-10-06 12:27,119.6,1.3
172,고창,2024-10-06 12:28,116.8,1.5
172,고창,2024-10-06 12:29,125,1.6
172,고창,2024-10-06 12:30,135.5,1.4
172,고창,2024-10-06 12:31,132.5,1.4
172,고창,2024-10-06 12:32,123.6,1.5
172,고창,2024-10-06 12:33,127.1,1.3
172,고창,2024-10-06 12:34,132,1
172,고창,2024-10-06 12:35,129.4,.7
172,고창,2024-10-06 12:36,134.5,.6
172,고창,2024-10-06 12:37,127.5,.8
172,고창,2024-10-06 12:38,125.6,.8
172,고창,2024-10-06 12:39,134.2,.7
172,고창,2024-10-06 12:40,141.4,.7
172,고창,2024-10-06 12:41,143.5,.7
172,고창,2024-10-06 12:42,150.7,.9
172,고창,2024-10-06 12:43,148.3,.8
172,고창,2024-10-06 12:44,152.3,.9
172,고창,2024-10-06 12:45,153,.8
172,고창,2024-10-06 12:46,147.7,.9
172,고창,2024-10-06 12:47,144.4,.7
172,고창,2024-10-06 12:48,127.9,.7
172,고창,2024-10-06 12:49,133.1,.8
172,고창,2024-10-06 12:50,134.5,.7
172,고창,2024-10-06 12:51,138.7,.7
172,고창,2024-10-06 12:52,134.4,.6
172,고창,2024-10-06 12:53,134,.5
172,고창,2024-10-06 12:54,99,.2
172,고창,2024-10-06 12:55,84.1,.1
172,고창,2024-10-06 12:56,0,0
172,고창,2024-10-06 12:57,0,0
172,고창,2024-10-06 12:58,0,0
172,고창,2024-10-06 12:59,0,0
172,고창,2024-10-06 13:00,0,0
172,고창,2024-10-06 13:01,0,0
172,고창,2024-10-06 13:02,0,0
172,고창,2024-10-06 13:03,0,0
172,고창,2024-10-06 13:04,0,0
172,고창,2024-10-06 13:05,0,0
172,고창,2024-10-06 13:06,0,0
172,고창,2024-10-06 13:07,0,0
172,고창,2024-10-06 13:08,274.7,.5
172,고창,2024-10-06 13:09,251.5,.6
172,고창,2024-10-06 13:10,256,.9
172,고창,2024-10-06 13:11,265.7,1
172,고창,2024-10-06 13:12,274.9,1
172,고창,2024-10-06 13:13,274.4,1.1
172,고창,2024-10-06 13:14,275.1,1.1
172,고창,2024-10-06 13:15,277.6,1.2
172,고창,2024-10-06 13:16,280.6,1.3
172,고창,2024-10-06 13:17,288.7,1.3
172,고창,2024-10-06 13:18,293.3,1.4
172,고창,2024-10-06 13:19,292.9,1.6
172,고창,2024-10-06 13:20,294.3,1.8
172,고창,2024-10-06 13:21,290.1,2.3
172,고창,2024-10-06 13:22,290.5,2.3
172,고창,2024-10-06 13:23,297.3,2.2
172,고창,2024-10-06 13:24,298.7,2
172,고창,2024-10-06 13:25,299.3,2.1
172,고창,2024-10-06 13:26,290,2.2
172,고창,2024-10-06 13:27,294.9,2.7
172,고창,2024-10-06 13:28,300.7,2.7
172,고창,2024-10-06 13:29,302.3,2.8
172,고창,2024-10-06 13:30,304.7,2.6
172,고창,2024-10-06 13:31,310.8,2.8
172,고창,2024-10-06 13:32,311.8,2.9
172,고창,2024-10-06 13:33,315.9,2.6
172,고창,2024-10-06 13:34,325.9,2.7
172,고창,2024-10-06 13:35,324.8,2.9
172,고창,2024-10-06 13:36,329.9,2.7
172,고창,2024-10-06 13:37,326.4,2.6
172,고창,2024-10-06 13:38,326.4,2.8
172,고창,2024-10-06 13:39,326.9,2.7
172,고창,2024-10-06 13:40,325.2,2.9
172,고창,2024-10-06 13:41,319.9,3.1
172,고창,2024-10-06 13:42,324.5,2.6
172,고창,2024-10-06 13:43,327.2,2.4
172,고창,2024-10-06 13:44,326.7,2.2
172,고창,2024-10-06 13:45,337.7,2.2
172,고창,2024-10-06 13:46,332.2,2.1
172,고창,2024-10-06 13:47,343.1,1.4
172,고창,2024-10-06 13:48,345,2.1
172,고창,2024-10-06 13:49,334.7,1.8
172,고창,2024-10-06 13:50,339.6,1.8
172,고창,2024-10-06 13:51,339.1,2
172,고창,2024-10-06 13:52,341,2
172,고창,2024-10-06 13:53,344.5,2.2
172,고창,2024-10-06 13:54,342.9,2.2
172,고창,2024-10-06 13:55,341,2
172,고창,2024-10-06 13:56,339.3,1.7
172,고창,2024-10-06 13:57,351.3,1.6
172,고창,2024-10-06 13:58,344.8,1.8
172,고창,2024-10-06 13:59,351.8,1.3
172,고창,2024-10-06 14:00,1.2,.9
172,고창,2024-10-06 14:01,17.7,.4
172,고창,2024-10-06 14:02,0,0
172,고창,2024-10-06 14:03,97.7,.1
172,고창,2024-10-06 14:04,35,.5
172,고창,2024-10-06 14:05,67.3,.7
172,고창,2024-10-06 14:06,89.4,1.2
172,고창,2024-10-06 14:07,116.5,.9
172,고창,2024-10-06 14:08,96.1,.9
172,고창,2024-10-06 14:09,82.1,.7
172,고창,2024-10-06 14:10,64.2,.4
172,고창,2024-10-06 14:11,17.1,.7
172,고창,2024-10-06 14:12,17.8,1
172,고창,2024-10-06 14:13,77.4,.9
172,고창,2024-10-06 14:14,91.2,1.4
172,고창,2024-10-06 14:15,86.9,1.3
172,고창,2024-10-06 14:16,94.4,1.3
172,고창,2024-10-06 14:17,112.3,1.4
172,고창,2024-10-06 14:18,119,1.3
172,고창,2024-10-06 14:19,113.5,1.9
172,고창,2024-10-06 14:20,116.6,2
172,고창,2024-10-06 14:21,127.5,1.7
172,고창,2024-10-06 14:22,132,1.7
172,고창,2024-10-06 14:23,123.5,2
172,고창,2024-10-06 14:24,117.8,2.3
172,고창,2024-10-06 14:25,126.3,1.7
172,고창,2024-10-06 14:26,116.6,2.2
172,고창,2024-10-06 14:27,118.1,2.5
172,고창,2024-10-06 14:28,121.9,1.9
172,고창,2024-10-06 14:29,124.8,1.9
172,고창,2024-10-06 14:30,126.3,1.9
172,고창,2024-10-06 14:31,129.6,2.1
172,고창,2024-10-06 14:32,113.9,2
172,고창,2024-10-06 14:33,118.9,2.4
172,고창,2024-10-06 14:34,121.6,2.2
172,고창,2024-10-06 14:35,121.1,2.2
172,고창,2024-10-06 14:36,116.1,1.9
172,고창,2024-10-06 14:37,113,1.7
172,고창,2024-10-06 14:38,118,1.2
172,고창,2024-10-06 14:39,109.2,1.5
172,고창,2024-10-06 14:40,118.6,1.5
172,고창,2024-10-06 14:41,123.8,1.5
172,고창,2024-10-06 14:42,128,1.5
172,고창,2024-10-06 14:43,119.9,1.4
172,고창,2024-10-06 14:44,123.6,1.1
172,고창,2024-10-06 14:45,123.8,1.2
172,고창,2024-10-06 14:46,131,1.2
172,고창,2024-10-06 14:47,134.2,.6
172,고창,2024-10-06 14:48,136,.6
172,고창,2024-10-06 14:49,119.5,.8
172,고창,2024-10-06 14:50,106.3,.7
172,고창,2024-10-06 14:51,121,.6
172,고창,2024-10-06 14:52,146.1,.3
172,고창,2024-10-06 14:53,126.8,.2
172,고창,2024-10-06 14:54,108.1,.3
172,고창,2024-10-06 14:55,114.2,.2
172,고창,2024-10-06 14:56,116.2,.5
172,고창,2024-10-06 14:57,102.5,.6
172,고창,2024-10-06 14:58,108.4,.7
172,고창,2024-10-06 14:59,75.5,.4
172,고창,2024-10-06 15:00,44,.5
172,고창,2024-10-06 15:01,68.3,.3
172,고창,2024-10-06 15:02,44.2,.2
172,고창,2024-10-06 15:03,13.9,.2
172,고창,2024-10-06 15:04,12.3,.3
172,고창,2024-10-06 15:05,350.8,.4
172,고창,2024-10-06 15:06,348.4,.7
172,고창,2024-10-06 15:07,358.8,.7
172,고창,2024-10-06 15:08,3.6,.6
172,고창,2024-10-06 15:09,18.2,.5
172,고창,2024-10-06 15:10,41,.5
172,고창,2024-10-06 15:11,30.2,.9
172,고창,2024-10-06 15:12,38.6,.8
172,고창,2024-10-06 15:13,51.3,1.2
172,고창,2024-10-06 15:14,56.4,1.1
172,고창,2024-10-06 15:15,58.6,.8
172,고창,2024-10-06 15:16,72.3,.6
172,고창,2024-10-06 15:17,100,.3
172,고창,2024-10-06 15:18,107.2,.2
172,고창,2024-10-06 15:19,0,0
172,고창,2024-10-06 15:20,0,0
172,고창,2024-10-06 15:21,100.5,.1
172,고창,2024-10-06 15:22,100.4,.5
172,고창,2024-10-06 15:23,93.8,.3
172,고창,2024-10-06 15:24,0,0
172,고창,2024-10-06 15:25,0,0
172,고창,2024-10-06 15:26,142.2,.2
172,고창,2024-10-06 15:27,163.8,.2
172,고창,2024-10-06 15:28,0,0
172,고창,2024-10-06 15:29,0,0
172,고창,2024-10-06 15:30,0,0
172,고창,2024-10-06 15:31,0,0
172,고창,2024-10-06 15:32,71.4,.1
172,고창,2024-10-06 15:33,58.7,.6
172,고창,2024-10-06 15:34,37.9,.8
172,고창,2024-10-06 15:35,47,.9
172,고창,2024-10-06 15:36,48.3,.8
172,고창,2024-10-06 15:37,54.7,1.1
172,고창,2024-10-06 15:38,52.2,1
172,고창,2024-10-06 15:39,52.9,.7
172,고창,2024-10-06 15:40,45.6,.7
172,고창,2024-10-06 15:41,17.2,.6
172,고창,2024-10-06 15:42,32.1,.8
172,고창,2024-10-06 15:43,23.9,.9
172,고창,2024-10-06 15:44,25.5,.9
172,고창,2024-10-06 15:45,21.3,1.1
172,고창,2024-10-06 15:46,28.6,.9
172,고창,2024-10-06 15:47,17.8,.7
172,고창,2024-10-06 15:48,38.4,.9
172,고창,2024-10-06 15:49,17.7,.9
172,고창,2024-10-06 15:50,42.5,1
172,고창,2024-10-06 15:51,26.5,.9
172,고창,2024-10-06 15:52,48.3,1
172,고창,2024-10-06 15:53,54.3,1.3
172,고창,2024-10-06 15:54,60.6,1.3
172,고창,2024-10-06 15:55,59.4,1.3
172,고창,2024-10-06 15:56,46.9,1.2
172,고창,2024-10-06 15:57,35.3,1.5
172,고창,2024-10-06 15:58,54.4,1.9
172,고창,2024-10-06 15:59,55,1.8
172,고창,2024-10-06 16:00,52.3,2
172,고창,2024-10-06 16:01,55.6,1.9
172,고창,2024-10-06 16:02,74.4,1.6
172,고창,2024-10-06 16:03,74.4,1.7
172,고창,2024-10-06 16:04,60.1,2
172,고창,2024-10-06 16:05,67.3,1.9
172,고창,2024-10-06 16:06,67.1,2
172,고창,2024-10-06 16:07,64.2,2
172,고창,2024-10-06 16:08,69.8,2.1
172,고창,2024-10-06 16:09,65.9,1.8
172,고창,2024-10-06 16:10,59.6,1.6
172,고창,2024-10-06 16:11,57.7,1.5
172,고창,2024-10-06 16:12,59.2,1.4
172,고창,2024-10-06 16:13,57.1,1.2
172,고창,2024-10-06 16:14,64.9,1.1
172,고창,2024-10-06 16:15,75,1.3
172,고창,2024-10-06 16:16,77.9,2
172,고창,2024-10-06 16:17,82.6,1.7
172,고창,2024-10-06 16:18,84.5,1.5
172,고창,2024-10-06 16:19,92.3,1.7
172,고창,2024-10-06 16:20,97.8,1.6
172,고창,2024-10-06 16:21,100.5,1.8
172,고창,2024-10-06 16:22,114.2,1.9
172,고창,2024-10-06 16:23,108.5,1.8
172,고창,2024-10-06 16:24,110,2
172,고창,2024-10-06 16:25,116.4,2
172,고창,2024-10-06 16:26,119.1,2.2
172,고창,2024-10-06 16:27,122.4,2.5
172,고창,2024-10-06 16:28,115.3,2.4
172,고창,2024-10-06 16:29,121.8,2.4
172,고창,2024-10-06 16:30,117.6,2.7
172,고창,2024-10-06 16:31,117.3,2.5
172,고창,2024-10-06 16:32,107.9,2.6
172,고창,2024-10-06 16:33,102,2.7
172,고창,2024-10-06 16:34,97.4,2.3
172,고창,2024-10-06 16:35,93.1,2.1
172,고창,2024-10-06 16:36,86.5,2.3
172,고창,2024-10-06 16:37,81.2,2.2
172,고창,2024-10-06 16:38,79.9,1.9
172,고창,2024-10-06 16:39,90.3,1.8
172,고창,2024-10-06 16:40,84.6,1.6
172,고창,2024-10-06 16:41,81.3,1.5
172,고창,2024-10-06 16:42,80.4,1.6
172,고창,2024-10-06 16:43,82.9,1.8
172,고창,2024-10-06 16:44,84.4,1.8
172,고창,2024-10-06 16:45,85.9,1.9
172,고창,2024-10-06 16:46,86,1.8
172,고창,2024-10-06 16:47,85,2
172,고창,2024-10-06 16:48,78.4,2.1
172,고창,2024-10-06 16:49,79.5,2.2
172,고창,2024-10-06 16:50,72.3,2.2
172,고창,2024-10-06 16:51,69.6,2.1
172,고창,2024-10-06 16:52,66.9,2.1
172,고창,2024-10-06 16:53,75.2,2
172,고창,2024-10-06 16:54,70.1,1.9
172,고창,2024-10-06 16:55,66.9,1.8
172,고창,2024-10-06 16:56,68.8,1.7
172,고창,2024-10-06 16:57,63.5,1.7
172,고창,2024-10-06 16:58,53.7,1.8
172,고창,2024-10-06 16:59,45.7,2
172,고창,2024-10-06 17:00,52.4,2.1
172,고창,2024-10-06 17:01,42.8,1.8
172,고창,2024-10-06 17:02,52.3,2
172,고창,2024-10-06 17:03,48.7,2
172,고창,2024-10-06 17:04,41.6,1.9
172,고창,2024-10-06 17:05,38.9,1.8
172,고창,2024-10-06 17:06,34.1,2
172,고창,2024-10-06 17:07,35,2.1
172,고창,2024-10-06 17:08,35.4,1.9
172,고창,2024-10-06 17:09,35.3,1.8
172,고창,2024-10-06 17:10,37.4,1.7
172,고창,2024-10-06 17:11,36,1.3
172,고창,2024-10-06 17:12,46.9,1.2
172,고창,2024-10-06 17:13,57.7,1.1
172,고창,2024-10-06 17:14,70.7,1.1
172,고창,2024-10-06 17:15,74.9,1.4
172,고창,2024-10-06 17:16,80.4,1.5
172,고창,2024-10-06 17:17,86.8,1.4
172,고창,2024-10-06 17:18,92.7,1.4
172,고창,2024-10-06 17:19,97.3,1.5
172,고창,2024-10-06 17:20,95.7,1.6
172,고창,2024-10-06 17:21,101.7,1.6
172,고창,2024-10-06 17:22,112,1.7
172,고창,2024-10-06 17:23,117.8,1.7
172,고창,2024-10-06 17:24,113.4,1.8
172,고창,2024-10-06 17:25,106.2,1.8
172,고창,2024-10-06 17:26,110.4,1.8
172,고창,2024-10-06 17:27,115.9,1.7
172,고창,2024-10-06 17:28,112.6,2
172,고창,2024-10-06 17:29,121.7,1.8
172,고창,2024-10-06 17:30,134.4,2
172,고창,2024-10-06 17:31,137.9,2
172,고창,2024-10-06 17:32,144.7,2
172,고창,2024-10-06 17:33,142.5,1.8
172,고창,2024-10-06 17:34,145.3,1.7
172,고창,2024-10-06 17:35,149.2,1.7
172,고창,2024-10-06 17:36,149.3,1.9
172,고창,2024-10-06 17:37,148.7,2
172,고창,2024-10-06 17:38,145.5,2.4
172,고창,2024-10-06 17:39,142.3,2.4
172,고창,2024-10-06 17:40,143.3,2.3
172,고창,2024-10-06 17:41,142.4,2.1
172,고창,2024-10-06 17:42,145.6,2.2
172,고창,2024-10-06 17:43,141.4,1.9
172,고창,2024-10-06 17:44,138.4,2.1
172,고창,2024-10-06 17:45,135.8,2
172,고창,2024-10-06 17:46,130.7,1.5
172,고창,2024-10-06 17:47,127.7,1.5
172,고창,2024-10-06 17:48,126.9,1.8
172,고창,2024-10-06 17:49,136.6,1.9
172,고창,2024-10-06 17:50,135,1.9
172,고창,2024-10-06 17:51,114.8,1.2
172,고창,2024-10-06 17:52,101,1
172,고창,2024-10-06 17:53,72.2,1.1
172,고창,2024-10-06 17:54,11.3,1.9
172,고창,2024-10-06 17:55,8.3,2.2
172,고창,2024-10-06 17:56,10,2.2
172,고창,2024-10-06 17:57,18.1,2.3
172,고창,2024-10-06 17:58,22.7,2.7
172,고창,2024-10-06 17:59,23.2,2.4
172,고창,2024-10-06 18:00,26.4,1.9
172,고창,2024-10-06 18:01,25.9,1.6
172,고창,2024-10-06 18:02,12.7,1.7
172,고창,2024-10-06 18:03,12.7,1.9
172,고창,2024-10-06 18:04,26.1,1.9
172,고창,2024-10-06 18:05,45.1,2
172,고창,2024-10-06 18:06,60.4,1.5
172,고창,2024-10-06 18:07,77,1.2
172,고창,2024-10-06 18:08,82.9,1.4
172,고창,2024-10-06 18:09,76.4,1.4
172,고창,2024-10-06 18:10,65.2,1.1
172,고창,2024-10-06 18:11,49.9,1.1
172,고창,2024-10-06 18:12,30.6,1.2
172,고창,2024-10-06 18:13,35,1
172,고창,2024-10-06 18:14,35,.9
172,고창,2024-10-06 18:15,30.2,.8
172,고창,2024-10-06 18:16,17.5,1
172,고창,2024-10-06 18:17,5.4,.9
172,고창,2024-10-06 18:18,344.3,.7
172,고창,2024-10-06 18:19,343,1.3
172,고창,2024-10-06 18:20,344.4,1.8
172,고창,2024-10-06 18:21,346.9,2
172,고창,2024-10-06 18:22,355.2,2.1
172,고창,2024-10-06 18:23,1.6,2
172,고창,2024-10-06 18:24,1,1.9
172,고창,2024-10-06 18:25,1,2.1
172,고창,2024-10-06 18:26,2.9,2.1
172,고창,2024-10-06 18:27,2,2
172,고창,2024-10-06 18:28,10.6,2
172,고창,2024-10-06 18:29,10.6,1.5
172,고창,2024-10-06 18:30,25,1.7
172,고창,2024-10-06 18:31,30.9,1.5
172,고창,2024-10-06 18:32,39.9,1.3
172,고창,2024-10-06 18:33,61,1.1
172,고창,2024-10-06 18:34,64.4,.7
172,고창,2024-10-06 18:35,81.1,.8
172,고창,2024-10-06 18:36,80.4,1
172,고창,2024-10-06 18:37,82.4,.9
172,고창,2024-10-06 18:38,74.2,.9
172,고창,2024-10-06 18:39,50.3,1
172,고창,2024-10-06 18:40,46,.9
172,고창,2024-10-06 18:41,54,.9
172,고창,2024-10-06 18:42,45.3,.9
172,고창,2024-10-06 18:43,22,.9
172,고창,2024-10-06 18:44,11,1
172,고창,2024-10-06 18:45,18.9,1.2
172,고창,2024-10-06 18:46,40.2,1.5
172,고창,2024-10-06 18:47,66,1.3
172,고창,2024-10-06 18:48,65.1,.8
172,고창,2024-10-06 18:49,50.1,1
172,고창,2024-10-06 18:50,63,.9
172,고창,2024-10-06 18:51,56.1,1.9
172,고창,2024-10-06 18:52,64.9,2
172,고창,2024-10-06 18:53,92.2,1.5
172,고창,2024-10-06 18:54,115.6,1.3
172,고창,2024-10-06 18:55,121.4,1.3
172,고창,2024-10-06 18:56,114.9,1.4
172,고창,2024-10-06 18:57,132.3,1.8
172,고창,2024-10-06 18:58,133.1,2.2
172,고창,2024-10-06 18:59,136.2,2.4
172,고창,2024-10-06 19:00,137.8,2.4
172,고창,2024-10-06 19:01,138.6,2.6
172,고창,2024-10-06 19:02,138.3,2.5
172,고창,2024-10-06 19:03,128.2,2.6
172,고창,2024-10-06 19:04,122.2,2.9
172,고창,2024-10-06 19:05,129,3
172,고창,2024-10-06 19:06,134.1,2.4
172,고창,2024-10-06 19:07,137.7,2.5
172,고창,2024-10-06 19:08,134.5,2.5
172,고창,2024-10-06 19:09,129.6,2.5
172,고창,2024-10-06 19:10,127.7,2.7
172,고창,2024-10-06 19:11,120.9,2.5
172,고창,2024-10-06 19:12,118.5,2.6
172,고창,2024-10-06 19:13,121.4,2.3
172,고창,2024-10-06 19:14,120.4,2.4
172,고창,2024-10-06 19:15,126.8,2.2
172,고창,2024-10-06 19:16,126.5,2.2
172,고창,2024-10-06 19:17,117.1,2.3
172,고창,2024-10-06 19:18,113,2.4
172,고창,2024-10-06 19:19,110.9,2
172,고창,2024-10-06 19:20,111,2.3
172,고창,2024-10-06 19:21,109.6,2.3
172,고창,2024-10-06 19:22,107.2,2
172,고창,2024-10-06 19:23,111.3,1.5
172,고창,2024-10-06 19:24,97.6,.9
172,고창,2024-10-06 19:25,46,.6
172,고창,2024-10-06 19:26,28.2,.8
172,고창,2024-10-06 19:27,5.3,.7
172,고창,2024-10-06 19:28,346.1,1.1
172,고창,2024-10-06 19:29,5.7,1.7
172,고창,2024-10-06 19:30,17.5,1.2
172,고창,2024-10-06 19:31,39.7,1
172,고창,2024-10-06 19:32,57.4,1
172,고창,2024-10-06 19:33,65.1,.4
172,고창,2024-10-06 19:34,88.4,.7
172,고창,2024-10-06 19:35,90.8,.9
172,고창,2024-10-06 19:36,78.8,1.2
172,고창,2024-10-06 19:37,84.5,.7
172,고창,2024-10-06 19:38,51.3,.4
172,고창,2024-10-06 19:39,0,0
172,고창,2024-10-06 19:40,0,0
172,고창,2024-10-06 19:41,347.4,.3
172,고창,2024-10-06 19:42,329,.7
172,고창,2024-10-06 19:43,321.1,1
172,고창,2024-10-06 19:44,301.4,.9
172,고창,2024-10-06 19:45,295,.7
172,고창,2024-10-06 19:46,283.5,.3
172,고창,2024-10-06 19:47,323.2,.1
172,고창,2024-10-06 19:48,0,0
172,고창,2024-10-06 19:49,0,0
172,고창,2024-10-06 19:50,0,0
172,고창,2024-10-06 19:51,292.2,.3
172,고창,2024-10-06 19:52,306.3,.7
172,고창,2024-10-06 19:53,307.5,1.1
172,고창,2024-10-06 19:54,300.9,1.5
172,고창,2024-10-06 19:55,298.8,1.7
172,고창,2024-10-06 19:56,298.4,1.7
172,고창,2024-10-06 19:57,299.8,1.5
172,고창,2024-10-06 19:58,308.9,1.8
172,고창,2024-10-06 19:59,318.8,1.6
172,고창,2024-10-06 20:00,322.7,1.6
172,고창,2024-10-06 20:01,326,1.3
172,고창,2024-10-06 20:02,334.7,1
172,고창,2024-10-06 20:03,324.8,1.1
172,고창,2024-10-06 20:04,314.9,1.3
172,고창,2024-10-06 20:05,324.1,1.3
172,고창,2024-10-06 20:06,308.3,1.4
172,고창,2024-10-06 20:07,311.6,1.8
172,고창,2024-10-06 20:08,314.2,1.6
172,고창,2024-10-06 20:09,314.4,1.4
172,고창,2024-10-06 20:10,317.6,1.5
172,고창,2024-10-06 20:11,318.9,1.4
172,고창,2024-10-06 20:12,319.2,1.3
172,고창,2024-10-06 20:13,326.4,1.2
172,고창,2024-10-06 20:14,337.8,.9
172,고창,2024-10-06 20:15,339.8,.9
172,고창,2024-10-06 20:16,340.8,.8
172,고창,2024-10-06 20:17,338.8,.7
172,고창,2024-10-06 20:18,336.5,.7
172,고창,2024-10-06 20:19,342.6,.6
172,고창,2024-10-06 20:20,4.2,.8
172,고창,2024-10-06 20:21,28.4,.6
172,고창,2024-10-06 20:22,47,.7
172,고창,2024-10-06 20:23,49.3,1
172,고창,2024-10-06 20:24,44.4,1.5
172,고창,2024-10-06 20:25,44.7,1.4
172,고창,2024-10-06 20:26,33.8,1.5
172,고창,2024-10-06 20:27,26.2,1.6
172,고창,2024-10-06 20:28,22.7,1.8
172,고창,2024-10-06 20:29,23.2,1.8
172,고창,2024-10-06 20:30,26.5,1.8
172,고창,2024-10-06 20:31,29.7,1.7
172,고창,2024-10-06 20:32,31.5,1.6
172,고창,2024-10-06 20:33,35.9,1.2
172,고창,2024-10-06 20:34,47,1.2
172,고창,2024-10-06 20:35,59.4,1.1
172,고창,2024-10-06 20:36,58.7,1.1
172,고창,2024-10-06 20:37,66.8,1.3
172,고창,2024-10-06 20:38,68.8,1.4
172,고창,2024-10-06 20:39,72.1,1.4
172,고창,2024-10-06 20:40,76.3,1.4
172,고창,2024-10-06 20:41,78.5,1.3
172,고창,2024-10-06 20:42,87,1.2
172,고창,2024-10-06 20:43,89.4,1.2
172,고창,2024-10-06 20:44,93.5,1.2
172,고창,2024-10-06 20:45,99.6,1.1
172,고창,2024-10-06 20:46,108.4,1.4
172,고창,2024-10-06 20:47,110.6,1.7
172,고창,2024-10-06 20:48,108.9,1.7
172,고창,2024-10-06 20:49,107.9,1.5
172,고창,2024-10-06 20:50,116.9,1.2
172,고창,2024-10-06 20:51,127.6,1.1
172,고창,2024-10-06 20:52,132,1.1
172,고창,2024-10-06 20:53,137.5,1.2
172,고창,2024-10-06 20:54,144.7,1.3
172,고창,2024-10-06 20:55,147.9,1.3
172,고창,2024-10-06 20:56,144.2,1.7
172,고창,2024-10-06 20:57,143,1.9
172,고창,2024-10-06 20:58,145.3,1.6
172,고창,2024-10-06 20:59,146.9,1.9
172,고창,2024-10-06 21:00,151.1,1.6
172,고창,2024-10-06 21:01,163.9,1.3
172,고창,2024-10-06 21:02,161.5,.8
172,고창,2024-10-06 21:03,160.4,1.1
172,고창,2024-10-06 21:04,162.3,1.1
172,고창,2024-10-06 21:05,169.6,.8
172,고창,2024-10-06 21:06,170.5,.8
172,고창,2024-10-06 21:07,161.1,.7
172,고창,2024-10-06 21:08,163.3,.4
172,고창,2024-10-06 21:09,0,0
172,고창,2024-10-06 21:10,170.7,.5
172,고창,2024-10-06 21:11,177,.7
172,고창,2024-10-06 21:12,175.8,1
172,고창,2024-10-06 21:13,177.5,1.2
172,고창,2024-10-06 21:14,177.9,1.2
172,고창,2024-10-06 21:15,186.4,.9
172,고창,2024-10-06 21:16,183.8,.9
172,고창,2024-10-06 21:17,174.1,1.3
172,고창,2024-10-06 21:18,169.9,1.2
172,고창,2024-10-06 21:19,164.9,1.3
172,고창,2024-10-06 21:20,163.5,1.1
172,고창,2024-10-06 21:21,157.7,1.3
172,고창,2024-10-06 21:22,153.9,1.5
172,고창,2024-10-06 21:23,156.9,1.4
172,고창,2024-10-06 21:24,157.1,1.3
172,고창,2024-10-06 21:25,151.7,1.1
172,고창,2024-10-06 21:26,129.7,.7
172,고창,2024-10-06 21:27,101.7,.7
172,고창,2024-10-06 21:28,102.2,.8
172,고창,2024-10-06 21:29,102.7,.9
172,고창,2024-10-06 21:30,97.8,.9
172,고창,2024-10-06 21:31,93.1,.9
172,고창,2024-10-06 21:32,96.4,.9
172,고창,2024-10-06 21:33,100.3,1
172,고창,2024-10-06 21:34,100.3,.9
172,고창,2024-10-06 21:35,98.5,1
172,고창,2024-10-06 21:36,94.5,1
172,고창,2024-10-06 21:37,97.5,1.1
172,고창,2024-10-06 21:38,102.5,1.1
172,고창,2024-10-06 21:39,103.9,1.2
172,고창,2024-10-06 21:40,104,1.1
172,고창,2024-10-06 21:41,104.3,1
172,고창,2024-10-06 21:42,101.3,1
172,고창,2024-10-06 21:43,105.8,1
172,고창,2024-10-06 21:44,105.8,.9
172,고창,2024-10-06 21:45,104.3,.8
172,고창,2024-10-06 21:46,109.8,.8
172,고창,2024-10-06 21:47,118.2,1
172,고창,2024-10-06 21:48,124.2,1
172,고창,2024-10-06 21:49,127.6,1
172,고창,2024-10-06 21:50,141.6,.9
172,고창,2024-10-06 21:51,135.3,.8
172,고창,2024-10-06 21:52,130.8,.9
172,고창,2024-10-06 21:53,121,1
172,고창,2024-10-06 21:54,120.5,1.1
172,고창,2024-10-06 21:55,114.1,1.3
172,고창,2024-10-06 21:56,124.8,1.1
172,고창,2024-10-06 21:57,115.3,.8
172,고창,2024-10-06 21:58,121.4,.5
172,고창,2024-10-06 21:59,129.9,.6
172,고창,2024-10-06 22:00,129.5,.7
172,고창,2024-10-06 22:01,125.1,.5
172,고창,2024-10-06 22:02,121.3,.2
172,고창,2024-10-06 22:03,0,0
172,고창,2024-10-06 22:04,0,0
172,고창,2024-10-06 22:05,341.8,.1
172,고창,2024-10-06 22:06,0,0
172,고창,2024-10-06 22:07,0,0
172,고창,2024-10-06 22:08,0,0
172,고창,2024-10-06 22:09,0,0
172,고창,2024-10-06 22:10,0,0
172,고창,2024-10-06 22:11,0,0
172,고창,2024-10-06 22:12,0,0
172,고창,2024-10-06 22:13,0,0
172,고창,2024-10-06 22:14,0,0
172,고창,2024-10-06 22:15,0,0
172,고창,2024-10-06 22:16,0,0
172,고창,2024-10-06 22:17,0,0
172,고창,2024-10-06 22:18,0,0
172,고창,2024-10-06 22:19,0,0
172,고창,2024-10-06 22:20,0,0
172,고창,2024-10-06 22:21,0,0
172,고창,2024-10-06 22:22,0,0
172,고창,2024-10-06 22:23,0,0
172,고창,2024-10-06 22:24,21.4,.1
172,고창,2024-10-06 22:25,29.1,.4
172,고창,2024-10-06 22:26,34.1,.8
172,고창,2024-10-06 22:27,42,.7
172,고창,2024-10-06 22:28,59.4,.7
172,고창,2024-10-06 22:29,68.5,.5
172,고창,2024-10-06 22:30,67.6,.2
172,고창,2024-10-06 22:31,0,0
172,고창,2024-10-06 22:32,0,0
172,고창,2024-10-06 22:33,0,0
172,고창,2024-10-06 22:34,0,0
172,고창,2024-10-06 22:35,0,0
172,고창,2024-10-06 22:36,303.4,.1
172,고창,2024-10-06 22:37,287.4,.2
172,고창,2024-10-06 22:38,0,0
172,고창,2024-10-06 22:39,0,0
172,고창,2024-10-06 22:40,0,0
172,고창,2024-10-06 22:41,0,0
172,고창,2024-10-06 22:42,0,0
172,고창,2024-10-06 22:43,0,0
172,고창,2024-10-06 22:44,0,0
172,고창,2024-10-06 22:45,0,0
172,고창,2024-10-06 22:46,0,0
172,고창,2024-10-06 22:47,0,0
172,고창,2024-10-06 22:48,0,0
172,고창,2024-10-06 22:49,0,0
172,고창,2024-10-06 22:50,0,0
172,고창,2024-10-06 22:51,0,0
172,고창,2024-10-06 22:52,0,0
172,고창,2024-10-06 22:53,0,0
172,고창,2024-10-06 22:54,0,0
172,고창,2024-10-06 22:55,0,0
172,고창,2024-10-06 22:56,0,0
172,고창,2024-10-06 22:57,0,0
172,고창,2024-10-06 22:58,0,0
172,고창,2024-10-06 22:59,0,0
172,고창,2024-10-06 23:00,0,0
172,고창,2024-10-06 23:01,0,0
172,고창,2024-10-06 23:02,0,0
172,고창,2024-10-06 23:03,0,0
172,고창,2024-10-06 23:04,0,0
172,고창,2024-10-06 23:05,0,0
172,고창,2024-10-06 23:06,0,0
172,고창,2024-10-06 23:07,0,0
172,고창,2024-10-06 23:08,0,0
172,고창,2024-10-06 23:09,0,0
172,고창,2024-10-06 23:10,0,0
172,고창,2024-10-06 23:11,0,0
172,고창,2024-10-06 23:12,0,0
172,고창,2024-10-06 23:13,0,0
172,고창,2024-10-06 23:14,0,0
172,고창,2024-10-06 23:15,0,0
172,고창,2024-10-06 23:16,0,0
172,고창,2024-10-06 23:17,0,0
172,고창,2024-10-06 23:18,0,0
172,고창,2024-10-06 23:19,0,0
172,고창,2024-10-06 23:20,0,0
172,고창,2024-10-06 23:21,0,0
172,고창,2024-10-06 23:22,0,0
172,고창,2024-10-06 23:23,0,0
172,고창,2024-10-06 23:24,0,0
172,고창,2024-10-06 23:25,0,0
172,고창,2024-10-06 23:26,0,0
172,고창,2024-10-06 23:27,0,0
172,고창,2024-10-06 23:28,0,0
172,고창,2024-10-06 23:29,0,0
172,고창,2024-10-06 23:30,0,0
172,고창,2024-10-06 23:31,0,0
172,고창,2024-10-06 23:32,0,0
172,고창,2024-10-06 23:33,0,0
172,고창,2024-10-06 23:34,0,0
172,고창,2024-10-06 23:35,0,0
172,고창,2024-10-06 23:36,0,0
172,고창,2024-10-06 23:37,0,0
172,고창,2024-10-06 23:38,0,0
172,고창,2024-10-06 23:39,0,0
172,고창,2024-10-06 23:40,0,0
172,고창,2024-10-06 23:41,0,0
172,고창,2024-10-06 23:42,0,0
172,고창,2024-10-06 23:43,0,0
172,고창,2024-10-06 23:44,0,0
172,고창,2024-10-06 23:45,0,0
172,고창,2024-10-06 23:46,126,1.1
172,고창,2024-10-06 23:47,132.5,1.3
172,고창,2024-10-06 23:48,128,1.1
172,고창,2024-10-06 23:49,133,1
172,고창,2024-10-06 23:50,134,1
172,고창,2024-10-06 23:51,130.1,.9
172,고창,2024-10-06 23:52,123.5,.8
172,고창,2024-10-06 23:53,119.4,.7
172,고창,2024-10-06 23:54,119.4,.7
172,고창,2024-10-06 23:55,120.6,.7
172,고창,2024-10-06 23:56,120.9,.8
172,고창,2024-10-06 23:57,120.9,.8
172,고창,2024-10-06 23:58,119,.8
172,고창,2024-10-06 23:59,112.4,.8
172,고창,2024-10-07 00:00,107.7,.7
243,부안,2024-10-06 00:01,0,0
243,부안,2024-10-06 00:02,0,0
243,부안,2024-10-06 00:03,0,0
243,부안,2024-10-06 00:04,0,0
243,부안,2024-10-06 00:05,0,0
243,부안,2024-10-06 00:06,0,0
243,부안,2024-10-06 00:07,0,0
243,부안,2024-10-06 00:08,0,0
243,부안,2024-10-06 00:09,0,0
243,부안,2024-10-06 00:10,0,0
243,부안,2024-10-06 00:11,0,0
243,부안,2024-10-06 00:12,0,0
243,부안,2024-10-06 00:13,0,0
243,부안,2024-10-06 00:14,0,0
243,부안,2024-10-06 00:15,0,0
243,부안,2024-10-06 00:16,0,0
243,부안,2024-10-06 00:17,0,0
243,부안,2024-10-06 00:18,0,0
243,부안,2024-10-06 00:19,0,0
243,부안,2024-10-06 00:20,0,0
243,부안,2024-10-06 00:21,0,0
243,부안,2024-10-06 00:22,0,0
243,부안,2024-10-06 00:23,0,0
243,부안,2024-10-06 00:24,0,0
243,부안,2024-10-06 00:25,0,0
243,부안,2024-10-06 00:26,0,0
243,부안,2024-10-06 00:27,0,0
243,부안,2024-10-06 00:28,0,0
243,부안,2024-10-06 00:29,0,0
243,부안,2024-10-06 00:30,0,0
243,부안,2024-10-06 00:31,0,0
243,부안,2024-10-06 00:32,0,0
243,부안,2024-10-06 00:33,0,0
243,부안,2024-10-06 00:34,0,0
243,부안,2024-10-06 00:35,0,0
243,부안,2024-10-06 00:36,0,0
243,부안,2024-10-06 00:37,0,0
243,부안,2024-10-06 00:38,0,0
243,부안,2024-10-06 00:39,0,0
243,부안,2024-10-06 00:40,0,0
243,부안,2024-10-06 00:41,0,0
243,부안,2024-10-06 00:42,0,0
243,부안,2024-10-06 00:43,0,0
243,부안,2024-10-06 00:44,0,0
243,부안,2024-10-06 00:45,0,0
243,부안,2024-10-06 00:46,0,0
243,부안,2024-10-06 00:47,0,0
243,부안,2024-10-06 00:48,0,0
243,부안,2024-10-06 00:49,0,0
243,부안,2024-10-06 00:50,0,0
243,부안,2024-10-06 00:51,0,0
243,부안,2024-10-06 00:52,0,0
243,부안,2024-10-06 00:53,0,0
243,부안,2024-10-06 00:54,0,0
243,부안,2024-10-06 00:55,0,0
243,부안,2024-10-06 00:56,0,0
243,부안,2024-10-06 00:57,0,0
243,부안,2024-10-06 00:58,0,0
243,부안,2024-10-06 00:59,0,0
243,부안,2024-10-06 01:00,0,0
243,부안,2024-10-06 01:01,0,0
243,부안,2024-10-06 01:02,0,0
243,부안,2024-10-06 01:03,0,0
243,부안,2024-10-06 01:04,0,0
243,부안,2024-10-06 01:05,0,0
243,부안,2024-10-06 01:06,0,0
243,부안,2024-10-06 01:07,0,0
243,부안,2024-10-06 01:08,0,0
243,부안,2024-10-06 01:09,0,0
243,부안,2024-10-06 01:10,0,0
243,부안,2024-10-06 01:11,0,0
243,부안,2024-10-06 01:12,0,0
243,부안,2024-10-06 01:13,0,0
243,부안,2024-10-06 01:14,0,0
243,부안,2024-10-06 01:15,0,0
243,부안,2024-10-06 01:16,0,0
243,부안,2024-10-06 01:17,0,0
243,부안,2024-10-06 01:18,0,0
243,부안,2024-10-06 01:19,0,0
243,부안,2024-10-06 01:20,0,0
243,부안,2024-10-06 01:21,42.2,0
243,부안,2024-10-06 01:22,48,.5
243,부안,2024-10-06 01:23,46.7,.4
243,부안,2024-10-06 01:24,46.8,.6
243,부안,2024-10-06 01:25,46,.9
243,부안,2024-10-06 01:26,44,1
243,부안,2024-10-06 01:27,44.5,1
243,부안,2024-10-06 01:28,52.1,1
243,부안,2024-10-06 01:29,55.8,.8
243,부안,2024-10-06 01:30,53.5,.7
243,부안,2024-10-06 01:31,52.1,.6
243,부안,2024-10-06 01:32,55.1,.7
243,부안,2024-10-06 01:33,53.4,.4
243,부안,2024-10-06 01:34,47.8,.3
243,부안,2024-10-06 01:35,48.2,.4
243,부안,2024-10-06 01:36,41.1,.4
243,부안,2024-10-06 01:37,41.3,.1
243,부안,2024-10-06 01:38,43.7,.1
243,부안,2024-10-06 01:39,48.7,.2
243,부안,2024-10-06 01:40,50.4,.3
243,부안,2024-10-06 01:41,48,.3
243,부안,2024-10-06 01:42,49.9,.6
243,부안,2024-10-06 01:43,45.1,.8
243,부안,2024-10-06 01:44,48.4,.7
243,부안,2024-10-06 01:45,48.8,.7
243,부안,2024-10-06 01:46,50.8,.7
243,부안,2024-10-06 01:47,60.2,.4
243,부안,2024-10-06 01:48,70.6,.1
243,부안,2024-10-06 01:49,70.1,0
243,부안,2024-10-06 01:50,78.9,0
243,부안,2024-10-06 01:51,0,0
243,부안,2024-10-06 01:52,0,0
243,부안,2024-10-06 01:53,63.3,.1
243,부안,2024-10-06 01:54,66.7,.1
243,부안,2024-10-06 01:55,0,0
243,부안,2024-10-06 01:56,0,0
243,부안,2024-10-06 01:57,0,0
243,부안,2024-10-06 01:58,0,0
243,부안,2024-10-06 01:59,0,0
243,부안,2024-10-06 02:00,0,0
243,부안,2024-10-06 02:01,0,0
243,부안,2024-10-06 02:02,0,0
243,부안,2024-10-06 02:03,0,0
243,부안,2024-10-06 02:04,0,0
243,부안,2024-10-06 02:05,0,0
243,부안,2024-10-06 02:06,0,0
243,부안,2024-10-06 02:07,0,0
243,부안,2024-10-06 02:08,0,0
243,부안,2024-10-06 02:09,103.5,0
243,부안,2024-10-06 02:10,0,0
243,부안,2024-10-06 02:11,0,0
243,부안,2024-10-06 02:12,0,0
243,부안,2024-10-06 02:13,0,0
243,부안,2024-10-06 02:14,0,0
243,부안,2024-10-06 02:15,0,0
243,부안,2024-10-06 02:16,118.8,.5
243,부안,2024-10-06 02:17,140.5,0
243,부안,2024-10-06 02:18,130.2,.3
243,부안,2024-10-06 02:19,123.6,.5
243,부안,2024-10-06 02:20,121.8,.8
243,부안,2024-10-06 02:21,114.8,.4
243,부안,2024-10-06 02:22,119,.4
243,부안,2024-10-06 02:23,116.7,1.3
243,부안,2024-10-06 02:24,116.9,.6
243,부안,2024-10-06 02:25,122.7,.8
243,부안,2024-10-06 02:26,118.1,.2
243,부안,2024-10-06 02:27,126.3,.2
243,부안,2024-10-06 02:28,0,0
243,부안,2024-10-06 02:29,109.9,0
243,부안,2024-10-06 02:30,0,0
243,부안,2024-10-06 02:31,0,0
243,부안,2024-10-06 02:32,0,0
243,부안,2024-10-06 02:33,0,0
243,부안,2024-10-06 02:34,0,0
243,부안,2024-10-06 02:35,132.4,.2
243,부안,2024-10-06 02:36,129,.6
243,부안,2024-10-06 02:37,122.7,1.1
243,부안,2024-10-06 02:38,122.1,.8
243,부안,2024-10-06 02:39,125.1,0
243,부안,2024-10-06 02:40,0,0
243,부안,2024-10-06 02:41,0,0
243,부안,2024-10-06 02:42,0,0
243,부안,2024-10-06 02:43,0,0
243,부안,2024-10-06 02:44,0,0
243,부안,2024-10-06 02:45,0,0
243,부안,2024-10-06 02:46,0,0
243,부안,2024-10-06 02:47,0,0
243,부안,2024-10-06 02:48,0,0
243,부안,2024-10-06 02:49,0,0
243,부안,2024-10-06 02:50,83.6,0
243,부안,2024-10-06 02:51,101.5,0
243,부안,2024-10-06 02:52,0,0
243,부안,2024-10-06 02:53,0,0
243,부안,2024-10-06 02:54,0,0
243,부안,2024-10-06 02:55,0,0
243,부안,2024-10-06 02:56,0,0
243,부안,2024-10-06 02:57,0,0
243,부안,2024-10-06 02:58,0,0
243,부안,2024-10-06 02:59,0,0
243,부안,2024-10-06 03:00,0,0
243,부안,2024-10-06 03:01,0,0
243,부안,2024-10-06 03:02,0,0
243,부안,2024-10-06 03:03,0,0
243,부안,2024-10-06 03:04,0,0
243,부안,2024-10-06 03:05,0,0
243,부안,2024-10-06 03:06,0,0
243,부안,2024-10-06 03:07,0,0
243,부안,2024-10-06 03:08,0,0
243,부안,2024-10-06 03:09,0,0
243,부안,2024-10-06 03:10,0,0
243,부안,2024-10-06 03:11,0,0
243,부안,2024-10-06 03:12,0,0
243,부안,2024-10-06 03:13,0,0
243,부안,2024-10-06 03:14,0,0
243,부안,2024-10-06 03:15,0,0
243,부안,2024-10-06 03:16,0,0
243,부안,2024-10-06 03:17,0,0
243,부안,2024-10-06 03:18,0,0
243,부안,2024-10-06 03:19,0,0
243,부안,2024-10-06 03:20,0,0
243,부안,2024-10-06 03:21,0,0
243,부안,2024-10-06 03:22,0,0
243,부안,2024-10-06 03:23,0,0
243,부안,2024-10-06 03:24,0,0
243,부안,2024-10-06 03:25,0,0
243,부안,2024-10-06 03:26,0,0
243,부안,2024-10-06 03:27,0,0
243,부안,2024-10-06 03:28,0,0
243,부안,2024-10-06 03:29,0,0
243,부안,2024-10-06 03:30,0,0
243,부안,2024-10-06 03:31,0,0
243,부안,2024-10-06 03:32,0,0
243,부안,2024-10-06 03:33,0,0
243,부안,2024-10-06 03:34,0,0
243,부안,2024-10-06 03:35,0,0
243,부안,2024-10-06 03:36,0,0
243,부안,2024-10-06 03:37,0,0
243,부안,2024-10-06 03:38,0,0
243,부안,2024-10-06 03:39,0,0
243,부안,2024-10-06 03:40,0,0
243,부안,2024-10-06 03:41,0,0
243,부안,2024-10-06 03:42,0,0
243,부안,2024-10-06 03:43,0,0
243,부안,2024-10-06 03:44,0,0
243,부안,2024-10-06 03:45,0,0
243,부안,2024-10-06 03:46,0,0
243,부안,2024-10-06 03:47,0,0
243,부안,2024-10-06 03:48,0,0
243,부안,2024-10-06 03:49,0,0
243,부안,2024-10-06 03:50,0,0
243,부안,2024-10-06 03:51,0,0
243,부안,2024-10-06 03:52,0,0
243,부안,2024-10-06 03:53,0,0
243,부안,2024-10-06 03:54,0,0
243,부안,2024-10-06 03:55,0,0
243,부안,2024-10-06 03:56,0,0
243,부안,2024-10-06 03:57,0,0
243,부안,2024-10-06 03:58,0,0
243,부안,2024-10-06 03:59,0,0
243,부안,2024-10-06 04:00,0,0
243,부안,2024-10-06 04:01,0,0
243,부안,2024-10-06 04:02,0,0
243,부안,2024-10-06 04:03,0,0
243,부안,2024-10-06 04:04,0,0
243,부안,2024-10-06 04:05,0,0
243,부안,2024-10-06 04:06,0,0
243,부안,2024-10-06 04:07,0,0
243,부안,2024-10-06 04:08,0,0
243,부안,2024-10-06 04:09,0,0
243,부안,2024-10-06 04:10,0,0
243,부안,2024-10-06 04:11,0,0
243,부안,2024-10-06 04:12,0,0
243,부안,2024-10-06 04:13,0,0
243,부안,2024-10-06 04:14,0,0
243,부안,2024-10-06 04:15,0,0
243,부안,2024-10-06 04:16,0,0
243,부안,2024-10-06 04:17,0,0
243,부안,2024-10-06 04:18,0,0
243,부안,2024-10-06 04:19,0,0
243,부안,2024-10-06 04:20,0,0
243,부안,2024-10-06 04:21,0,0
243,부안,2024-10-06 04:22,0,0
243,부안,2024-10-06 04:23,0,0
243,부안,2024-10-06 04:24,0,0
243,부안,2024-10-06 04:25,0,0
243,부안,2024-10-06 04:26,0,0
243,부안,2024-10-06 04:27,0,0
243,부안,2024-10-06 04:28,0,0
243,부안,2024-10-06 04:29,0,0
243,부안,2024-10-06 04:30,0,0
243,부안,2024-10-06 04:31,0,0
243,부안,2024-10-06 04:32,0,0
243,부안,2024-10-06 04:33,0,0
243,부안,2024-10-06 04:34,0,0
243,부안,2024-10-06 04:35,0,0
243,부안,2024-10-06 04:36,0,0
243,부안,2024-10-06 04:37,0,0
243,부안,2024-10-06 04:38,0,0
243,부안,2024-10-06 04:39,0,0
243,부안,2024-10-06 04:40,0,0
243,부안,2024-10-06 04:41,0,0
243,부안,2024-10-06 04:42,0,0
243,부안,2024-10-06 04:43,0,0
243,부안,2024-10-06 04:44,0,0
243,부안,2024-10-06 04:45,0,0
243,부안,2024-10-06 04:46,0,0
243,부안,2024-10-06 04:47,0,0
243,부안,2024-10-06 04:48,0,0
243,부안,2024-10-06 04:49,0,0
243,부안,2024-10-06 04:50,0,0
243,부안,2024-10-06 04:51,0,0
243,부안,2024-10-06 04:52,0,0
243,부안,2024-10-06 04:53,0,0
243,부안,2024-10-06 04:54,0,0
243,부안,2024-10-06 04:55,0,0
243,부안,2024-10-06 04:56,0,0
243,부안,2024-10-06 04:57,45.6,0
243,부안,2024-10-06 04:58,0,0
243,부안,2024-10-06 04:59,0,0
243,부안,2024-10-06 05:00,0,0
243,부안,2024-10-06 05:01,0,0
243,부안,2024-10-06 05:02,0,0
243,부안,2024-10-06 05:03,274.5,0
243,부안,2024-10-06 05:04,296.5,.1
243,부안,2024-10-06 05:05,294.4,.1
243,부안,2024-10-06 05:06,301.9,.2
243,부안,2024-10-06 05:07,317.8,.8
243,부안,2024-10-06 05:08,307.6,.6
243,부안,2024-10-06 05:09,289.5,.6
243,부안,2024-10-06 05:10,0,0
243,부안,2024-10-06 05:11,0,0
243,부안,2024-10-06 05:12,0,0
243,부안,2024-10-06 05:13,0,0
243,부안,2024-10-06 05:14,0,0
243,부안,2024-10-06 05:15,0,0
243,부안,2024-10-06 05:16,0,0
243,부안,2024-10-06 05:17,0,0
243,부안,2024-10-06 05:18,54.2,.1
243,부안,2024-10-06 05:19,46.2,.1
243,부안,2024-10-06 05:20,48.1,.4
243,부안,2024-10-06 05:21,51.4,.2
243,부안,2024-10-06 05:22,49.4,.2
243,부안,2024-10-06 05:23,46.6,.2
243,부안,2024-10-06 05:24,45.3,0
243,부안,2024-10-06 05:25,34.6,0
243,부안,2024-10-06 05:26,45.2,0
243,부안,2024-10-06 05:27,0,0
243,부안,2024-10-06 05:28,0,0
243,부안,2024-10-06 05:29,0,0
243,부안,2024-10-06 05:30,0,0
243,부안,2024-10-06 05:31,349.1,0
243,부안,2024-10-06 05:32,0,0
243,부안,2024-10-06 05:33,2.3,.1
243,부안,2024-10-06 05:34,18.7,.1
243,부안,2024-10-06 05:35,27.6,.1
243,부안,2024-10-06 05:36,26.1,.2
243,부안,2024-10-06 05:37,19.2,0
243,부안,2024-10-06 05:38,12.7,0
243,부안,2024-10-06 05:39,0,0
243,부안,2024-10-06 05:40,0,0
243,부안,2024-10-06 05:41,0,0
243,부안,2024-10-06 05:42,0,0
243,부안,2024-10-06 05:43,52.8,.4
243,부안,2024-10-06 05:44,50.7,.3
243,부안,2024-10-06 05:45,55.8,.2
243,부안,2024-10-06 05:46,64,.3
243,부안,2024-10-06 05:47,67,.1
243,부안,2024-10-06 05:48,51.9,.1
243,부안,2024-10-06 05:49,0,0
243,부안,2024-10-06 05:50,0,0
243,부안,2024-10-06 05:51,0,0
243,부안,2024-10-06 05:52,0,0
243,부안,2024-10-06 05:53,129.3,0
243,부안,2024-10-06 05:54,0,0
243,부안,2024-10-06 05:55,0,0
243,부안,2024-10-06 05:56,0,0
243,부안,2024-10-06 05:57,0,0
243,부안,2024-10-06 05:58,0,0
243,부안,2024-10-06 05:59,0,0
243,부안,2024-10-06 06:00,0,0
243,부안,2024-10-06 06:01,0,0
243,부안,2024-10-06 06:02,0,0
243,부안,2024-10-06 06:03,0,0
243,부안,2024-10-06 06:04,0,0
243,부안,2024-10-06 06:05,0,0
243,부안,2024-10-06 06:06,0,0
243,부안,2024-10-06 06:07,0,0
243,부안,2024-10-06 06:08,0,0
243,부안,2024-10-06 06:09,0,0
243,부안,2024-10-06 06:10,0,0
243,부안,2024-10-06 06:11,0,0
243,부안,2024-10-06 06:12,0,0
243,부안,2024-10-06 06:13,0,0
243,부안,2024-10-06 06:14,0,0
243,부안,2024-10-06 06:15,0,0
243,부안,2024-10-06 06:16,0,0
243,부안,2024-10-06 06:17,0,0
243,부안,2024-10-06 06:18,0,0
243,부안,2024-10-06 06:19,0,0
243,부안,2024-10-06 06:20,0,0
243,부안,2024-10-06 06:21,0,0
243,부안,2024-10-06 06:22,0,0
243,부안,2024-10-06 06:23,0,0
243,부안,2024-10-06 06:24,0,0
243,부안,2024-10-06 06:25,0,0
243,부안,2024-10-06 06:26,0,0
243,부안,2024-10-06 06:27,0,0
243,부안,2024-10-06 06:28,0,0
243,부안,2024-10-06 06:29,0,0
243,부안,2024-10-06 06:30,0,0
243,부안,2024-10-06 06:31,0,0
243,부안,2024-10-06 06:32,0,0
243,부안,2024-10-06 06:33,0,0
243,부안,2024-10-06 06:34,0,0
243,부안,2024-10-06 06:35,0,0
243,부안,2024-10-06 06:36,0,0
243,부안,2024-10-06 06:37,0,0
243,부안,2024-10-06 06:38,0,0
243,부안,2024-10-06 06:39,0,0
243,부안,2024-10-06 06:40,0,0
243,부안,2024-10-06 06:41,0,0
243,부안,2024-10-06 06:42,0,0
243,부안,2024-10-06 06:43,0,0
243,부안,2024-10-06 06:44,0,0
243,부안,2024-10-06 06:45,0,0
243,부안,2024-10-06 06:46,0,0
243,부안,2024-10-06 06:47,0,0
243,부안,2024-10-06 06:48,0,0
243,부안,2024-10-06 06:49,0,0
243,부안,2024-10-06 06:50,0,0
243,부안,2024-10-06 06:51,0,0
243,부안,2024-10-06 06:52,0,0
243,부안,2024-10-06 06:53,0,0
243,부안,2024-10-06 06:54,0,0
243,부안,2024-10-06 06:55,0,0
243,부안,2024-10-06 06:56,0,0
243,부안,2024-10-06 06:57,0,0
243,부안,2024-10-06 06:58,0,0
243,부안,2024-10-06 06:59,0,0
243,부안,2024-10-06 07:00,0,0
243,부안,2024-10-06 07:01,0,0
243,부안,2024-10-06 07:02,0,0
243,부안,2024-10-06 07:03,0,0
243,부안,2024-10-06 07:04,0,0
243,부안,2024-10-06 07:05,0,0
243,부안,2024-10-06 07:06,0,0
243,부안,2024-10-06 07:07,0,0
243,부안,2024-10-06 07:08,0,0
243,부안,2024-10-06 07:09,0,0
243,부안,2024-10-06 07:10,0,0
243,부안,2024-10-06 07:11,0,0
243,부안,2024-10-06 07:12,0,0
243,부안,2024-10-06 07:13,0,0
243,부안,2024-10-06 07:14,0,0
243,부안,2024-10-06 07:15,0,0
243,부안,2024-10-06 07:16,0,0
243,부안,2024-10-06 07:17,0,0
243,부안,2024-10-06 07:18,0,0
243,부안,2024-10-06 07:19,0,0
243,부안,2024-10-06 07:20,0,0
243,부안,2024-10-06 07:21,0,0
243,부안,2024-10-06 07:22,0,0
243,부안,2024-10-06 07:23,0,0
243,부안,2024-10-06 07:24,0,0
243,부안,2024-10-06 07:25,0,0
243,부안,2024-10-06 07:26,0,0
243,부안,2024-10-06 07:27,0,0
243,부안,2024-10-06 07:28,0,0
243,부안,2024-10-06 07:29,0,0
243,부안,2024-10-06 07:30,0,0
243,부안,2024-10-06 07:31,0,0
243,부안,2024-10-06 07:32,0,0
243,부안,2024-10-06 07:33,0,0
243,부안,2024-10-06 07:34,0,0
243,부안,2024-10-06 07:35,0,0
243,부안,2024-10-06 07:36,0,0
243,부안,2024-10-06 07:37,0,0
243,부안,2024-10-06 07:38,0,0
243,부안,2024-10-06 07:39,0,0
243,부안,2024-10-06 07:40,0,0
243,부안,2024-10-06 07:41,0,0
243,부안,2024-10-06 07:42,0,0
243,부안,2024-10-06 07:43,0,0
243,부안,2024-10-06 07:44,0,0
243,부안,2024-10-06 07:45,0,0
243,부안,2024-10-06 07:46,0,0
243,부안,2024-10-06 07:47,0,0
243,부안,2024-10-06 07:48,0,0
243,부안,2024-10-06 07:49,0,0
243,부안,2024-10-06 07:50,0,0
243,부안,2024-10-06 07:51,0,0
243,부안,2024-10-06 07:52,0,0
243,부안,2024-10-06 07:53,68.7,0
243,부안,2024-10-06 07:54,59.1,0
243,부안,2024-10-06 07:55,68.8,.5
243,부안,2024-10-06 07:56,65.2,.7
243,부안,2024-10-06 07:57,51.3,.7
243,부안,2024-10-06 07:58,49.6,.6
243,부안,2024-10-06 07:59,46.2,.5
243,부안,2024-10-06 08:00,37.5,.7
243,부안,2024-10-06 08:01,49.2,.5
243,부안,2024-10-06 08:02,55.6,.7
243,부안,2024-10-06 08:03,54.6,.6
243,부안,2024-10-06 08:04,48,1
243,부안,2024-10-06 08:05,56.5,1
243,부안,2024-10-06 08:06,50.6,1.1
243,부안,2024-10-06 08:07,56.4,1.2
243,부안,2024-10-06 08:08,54.3,.5
243,부안,2024-10-06 08:09,50.7,.9
243,부안,2024-10-06 08:10,50.7,.5
243,부안,2024-10-06 08:11,47.9,.6
243,부안,2024-10-06 08:12,52.9,.7
243,부안,2024-10-06 08:13,52.8,.4
243,부안,2024-10-06 08:14,49.6,.4
243,부안,2024-10-06 08:15,44.5,.9
243,부안,2024-10-06 08:16,39.5,.7
243,부안,2024-10-06 08:17,43.6,.2
243,부안,2024-10-06 08:18,35.2,.3
243,부안,2024-10-06 08:19,36.8,.1
243,부안,2024-10-06 08:20,41.9,.6
243,부안,2024-10-06 08:21,65.9,.1
243,부안,2024-10-06 08:22,28.8,0
243,부안,2024-10-06 08:23,52.5,0
243,부안,2024-10-06 08:24,0,0
243,부안,2024-10-06 08:25,21.8,.1
243,부안,2024-10-06 08:26,47.7,.5
243,부안,2024-10-06 08:27,50.1,.3
243,부안,2024-10-06 08:28,36.9,.8
243,부안,2024-10-06 08:29,53.2,.4
243,부안,2024-10-06 08:30,52.8,.3
243,부안,2024-10-06 08:31,48.5,.4
243,부안,2024-10-06 08:32,28.3,.1
243,부안,2024-10-06 08:33,40.5,0
243,부안,2024-10-06 08:34,16.5,0
243,부안,2024-10-06 08:35,0,0
243,부안,2024-10-06 08:36,23.1,0
243,부안,2024-10-06 08:37,0,0
243,부안,2024-10-06 08:38,0,0
243,부안,2024-10-06 08:39,0,0
243,부안,2024-10-06 08:40,42.5,.2
243,부안,2024-10-06 08:41,43.7,.4
243,부안,2024-10-06 08:42,50.5,.5
243,부안,2024-10-06 08:43,56.1,0
243,부안,2024-10-06 08:44,53.7,.8
243,부안,2024-10-06 08:45,50.1,1.3
243,부안,2024-10-06 08:46,53,1.5
243,부안,2024-10-06 08:47,55.8,1
243,부안,2024-10-06 08:48,57.7,1.2
243,부안,2024-10-06 08:49,49.3,1.2
243,부안,2024-10-06 08:50,51,.6
243,부안,2024-10-06 08:51,55.8,.9
243,부안,2024-10-06 08:52,56.4,.9
243,부안,2024-10-06 08:53,59.3,1.1
243,부안,2024-10-06 08:54,63.3,2
243,부안,2024-10-06 08:55,48.3,1.8
243,부안,2024-10-06 08:56,50,1.9
243,부안,2024-10-06 08:57,52.9,2.1
243,부안,2024-10-06 08:58,60.2,1.8
243,부안,2024-10-06 08:59,57.9,2.2
243,부안,2024-10-06 09:00,55.4,2.1
243,부안,2024-10-06 09:01,60.7,1.6
243,부안,2024-10-06 09:02,56.3,1.7
243,부안,2024-10-06 09:03,56,1.5
243,부안,2024-10-06 09:04,62.1,2
243,부안,2024-10-06 09:05,51.7,1.9
243,부안,2024-10-06 09:06,52.9,1.7
243,부안,2024-10-06 09:07,49,2
243,부안,2024-10-06 09:08,50.6,1.9
243,부안,2024-10-06 09:09,51.2,2.4
243,부안,2024-10-06 09:10,56.5,2.4
243,부안,2024-10-06 09:11,54.5,2.4
243,부안,2024-10-06 09:12,59.7,2
243,부안,2024-10-06 09:13,54.6,2.1
243,부안,2024-10-06 09:14,53.5,1.7
243,부안,2024-10-06 09:15,64.2,1.3
243,부안,2024-10-06 09:16,57.3,1.5
243,부안,2024-10-06 09:17,60.9,1.4
243,부안,2024-10-06 09:18,58.3,1.2
243,부안,2024-10-06 09:19,65.1,1.2
243,부안,2024-10-06 09:20,70.3,.7
243,부안,2024-10-06 09:21,140.4,.1
243,부안,2024-10-06 09:22,69.3,.2
243,부안,2024-10-06 09:23,104.1,0
243,부안,2024-10-06 09:24,0,0
243,부안,2024-10-06 09:25,169,.1
243,부안,2024-10-06 09:26,101.1,.5
243,부안,2024-10-06 09:27,110.1,.8
243,부안,2024-10-06 09:28,127.7,.7
243,부안,2024-10-06 09:29,108.7,.1
243,부안,2024-10-06 09:30,98.6,.9
243,부안,2024-10-06 09:31,114.6,1.4
243,부안,2024-10-06 09:32,108.6,1.7
243,부안,2024-10-06 09:33,102.8,1.8
243,부안,2024-10-06 09:34,102.6,1.9
243,부안,2024-10-06 09:35,101,2
243,부안,2024-10-06 09:36,98.2,1.6
243,부안,2024-10-06 09:37,98.9,1
243,부안,2024-10-06 09:38,105.8,.9
243,부안,2024-10-06 09:39,80.3,1.3
243,부안,2024-10-06 09:40,84.6,1.3
243,부안,2024-10-06 09:41,76.8,1
243,부안,2024-10-06 09:42,88.2,.9
243,부안,2024-10-06 09:43,81,.7
243,부안,2024-10-06 09:44,97.9,.8
243,부안,2024-10-06 09:45,80,.9
243,부안,2024-10-06 09:46,81.4,1.2
243,부안,2024-10-06 09:47,82.2,1.1
243,부안,2024-10-06 09:48,96.1,1.1
243,부안,2024-10-06 09:49,98.1,1.3
243,부안,2024-10-06 09:50,103.6,.9
243,부안,2024-10-06 09:51,106.2,.9
243,부안,2024-10-06 09:52,109.2,1.2
243,부안,2024-10-06 09:53,124.3,.9
243,부안,2024-10-06 09:54,135.1,.8
243,부안,2024-10-06 09:55,116.1,.9
243,부안,2024-10-06 09:56,119.4,1
243,부안,2024-10-06 09:57,94.6,1
243,부안,2024-10-06 09:58,101.2,1.1
243,부안,2024-10-06 09:59,111.2,1.1
243,부안,2024-10-06 10:00,100.8,1
243,부안,2024-10-06 10:01,110.8,.7
243,부안,2024-10-06 10:02,117.7,.2
243,부안,2024-10-06 10:03,184.9,.1
243,부안,2024-10-06 10:04,121.2,0
243,부안,2024-10-06 10:05,46.7,.6
243,부안,2024-10-06 10:06,60.9,.8
243,부안,2024-10-06 10:07,61.9,.7
243,부안,2024-10-06 10:08,49.6,.6
243,부안,2024-10-06 10:09,36.1,.6
243,부안,2024-10-06 10:10,41.3,.7
243,부안,2024-10-06 10:11,97.8,.5
243,부안,2024-10-06 10:12,75,1.3
243,부안,2024-10-06 10:13,91.5,1.1
243,부안,2024-10-06 10:14,75.4,1.5
243,부안,2024-10-06 10:15,82.9,1.3
243,부안,2024-10-06 10:16,98.1,1.1
243,부안,2024-10-06 10:17,75.8,.6
243,부안,2024-10-06 10:18,81.4,.8
243,부안,2024-10-06 10:19,54.9,.7
243,부안,2024-10-06 10:20,11,.6
243,부안,2024-10-06 10:21,45.9,.9
243,부안,2024-10-06 10:22,27.8,.5
243,부안,2024-10-06 10:23,60.2,.7
243,부안,2024-10-06 10:24,59.5,.5
243,부안,2024-10-06 10:25,39.3,.4
243,부안,2024-10-06 10:26,14.4,1.1
243,부안,2024-10-06 10:27,4.8,1.3
243,부안,2024-10-06 10:28,353.6,.7
243,부안,2024-10-06 10:29,38.5,.7
243,부안,2024-10-06 10:30,51.8,.6
243,부안,2024-10-06 10:31,13,.5
243,부안,2024-10-06 10:32,346.4,0
243,부안,2024-10-06 10:33,287.8,.2
243,부안,2024-10-06 10:34,305.3,.1
243,부안,2024-10-06 10:35,301.7,.5
243,부안,2024-10-06 10:36,306.4,.2
243,부안,2024-10-06 10:37,352.1,.2
243,부안,2024-10-06 10:38,12,.5
243,부안,2024-10-06 10:39,6.5,.3
243,부안,2024-10-06 10:40,19.7,.5
243,부안,2024-10-06 10:41,354.4,.2
243,부안,2024-10-06 10:42,334.5,0
243,부안,2024-10-06 10:43,0,0
243,부안,2024-10-06 10:44,0,0
243,부안,2024-10-06 10:45,0,0
243,부안,2024-10-06 10:46,266,.3
243,부안,2024-10-06 10:47,228.1,.4
243,부안,2024-10-06 10:48,202.9,.6
243,부안,2024-10-06 10:49,202,.3
243,부안,2024-10-06 10:50,193.4,.7
243,부안,2024-10-06 10:51,191,.7
243,부안,2024-10-06 10:52,195.5,1
243,부안,2024-10-06 10:53,207.3,1
243,부안,2024-10-06 10:54,210.9,.7
243,부안,2024-10-06 10:55,216.4,1
243,부안,2024-10-06 10:56,215.4,.9
243,부안,2024-10-06 10:57,230.6,.9
243,부안,2024-10-06 10:58,253.8,1
243,부안,2024-10-06 10:59,261,1.3
243,부안,2024-10-06 11:00,249.9,.8
243,부안,2024-10-06 11:01,253.7,.5
243,부안,2024-10-06 11:02,240,.7
243,부안,2024-10-06 11:03,210.8,.4
243,부안,2024-10-06 11:04,185.1,.4
243,부안,2024-10-06 11:05,237.8,1
243,부안,2024-10-06 11:06,271.7,.7
243,부안,2024-10-06 11:07,251.7,.7
243,부안,2024-10-06 11:08,243.5,.7
243,부안,2024-10-06 11:09,255.3,.9
243,부안,2024-10-06 11:10,239.1,1
243,부안,2024-10-06 11:11,249.1,1
243,부안,2024-10-06 11:12,270.5,1
243,부안,2024-10-06 11:13,290.7,.4
243,부안,2024-10-06 11:14,297.7,.5
243,부안,2024-10-06 11:15,295.2,.9
243,부안,2024-10-06 11:16,295.8,1.1
243,부안,2024-10-06 11:17,294.7,1.3
243,부안,2024-10-06 11:18,320.5,1.4
243,부안,2024-10-06 11:19,319,1.7
243,부안,2024-10-06 11:20,305.1,2
243,부안,2024-10-06 11:21,317.2,1.2
243,부안,2024-10-06 11:22,320,1.3
243,부안,2024-10-06 11:23,334.6,.8
243,부안,2024-10-06 11:24,286.9,1.7
243,부안,2024-10-06 11:25,306.1,.9
243,부안,2024-10-06 11:26,337.2,.8
243,부안,2024-10-06 11:27,327.6,.6
243,부안,2024-10-06 11:28,306.8,.3
243,부안,2024-10-06 11:29,267.8,.6
243,부안,2024-10-06 11:30,282.8,1.3
243,부안,2024-10-06 11:31,278,1.2
243,부안,2024-10-06 11:32,307.3,.8
243,부안,2024-10-06 11:33,343.3,.8
243,부안,2024-10-06 11:34,349.8,1.2
243,부안,2024-10-06 11:35,331.3,.9
243,부안,2024-10-06 11:36,300.3,1.2
243,부안,2024-10-06 11:37,318.8,.9
243,부안,2024-10-06 11:38,306.8,1.4
243,부안,2024-10-06 11:39,311.2,2
243,부안,2024-10-06 11:40,322.7,1.4
243,부안,2024-10-06 11:41,313.6,1.3
243,부안,2024-10-06 11:42,322.4,1.2
243,부안,2024-10-06 11:43,318.1,1.4
243,부안,2024-10-06 11:44,322.1,1.3
243,부안,2024-10-06 11:45,329.9,1.5
243,부안,2024-10-06 11:46,321.6,1.9
243,부안,2024-10-06 11:47,326.8,1.5
243,부안,2024-10-06 11:48,326.5,1.4
243,부안,2024-10-06 11:49,331.9,1.8
243,부안,2024-10-06 11:50,345.8,1.7
243,부안,2024-10-06 11:51,335.2,1.5
243,부안,2024-10-06 11:52,334.2,1.1
243,부안,2024-10-06 11:53,355.8,.8
243,부안,2024-10-06 11:54,326.9,1.4
243,부안,2024-10-06 11:55,322.4,1.2
243,부안,2024-10-06 11:56,337.4,1.2
243,부안,2024-10-06 11:57,337.6,.8
243,부안,2024-10-06 11:58,321,.9
243,부안,2024-10-06 11:59,336.6,1.4
243,부안,2024-10-06 12:00,328.4,2.1
243,부안,2024-10-06 12:01,319.5,2
243,부안,2024-10-06 12:02,329.3,1.7
243,부안,2024-10-06 12:03,312.5,2.3
243,부안,2024-10-06 12:04,315.4,1.3
243,부안,2024-10-06 12:05,342.3,.6
243,부안,2024-10-06 12:06,335.6,.8
243,부안,2024-10-06 12:07,323,1.4
243,부안,2024-10-06 12:08,332.8,.8
243,부안,2024-10-06 12:09,336.8,.8
243,부안,2024-10-06 12:10,350.9,.6
243,부안,2024-10-06 12:11,1.5,1
243,부안,2024-10-06 12:12,16.9,1.5
243,부안,2024-10-06 12:13,30.5,.8
243,부안,2024-10-06 12:14,37.8,.8
243,부안,2024-10-06 12:15,39.5,1.3
243,부안,2024-10-06 12:16,12.5,1.4
243,부안,2024-10-06 12:17,8.2,.8
243,부안,2024-10-06 12:18,11.7,1
243,부안,2024-10-06 12:19,42.7,.7
243,부안,2024-10-06 12:20,28.3,.8
243,부안,2024-10-06 12:21,46.4,1.4
243,부안,2024-10-06 12:22,44.2,1.9
243,부안,2024-10-06 12:23,34.8,2.2
243,부안,2024-10-06 12:24,37,2
243,부안,2024-10-06 12:25,33.3,1.9
243,부안,2024-10-06 12:26,38.5,2
243,부안,2024-10-06 12:27,58.5,1.4
243,부안,2024-10-06 12:28,52.8,2.1
243,부안,2024-10-06 12:29,47.2,2.5
243,부안,2024-10-06 12:30,44.9,1.7
243,부안,2024-10-06 12:31,39.9,1.9
243,부안,2024-10-06 12:32,44.6,2
243,부안,2024-10-06 12:33,38.2,1.9
243,부안,2024-10-06 12:34,38.9,1.8
243,부안,2024-10-06 12:35,37.9,1.8
243,부안,2024-10-06 12:36,29.1,1.7
243,부안,2024-10-06 12:37,46.2,1.5
243,부안,2024-10-06 12:38,45.8,1.5
243,부안,2024-10-06 12:39,43.1,1.5
243,부안,2024-10-06 12:40,40.4,2.2
243,부안,2024-10-06 12:41,39.4,1.8
243,부안,2024-10-06 12:42,48.6,1.8
243,부안,2024-10-06 12:43,42.1,2.4
243,부안,2024-10-06 12:44,51.7,1.8
243,부안,2024-10-06 12:45,41.9,1.9
243,부안,2024-10-06 12:46,47.8,1.8
243,부안,2024-10-06 12:47,37.9,1.8
243,부안,2024-10-06 12:48,43.3,1.7
243,부안,2024-10-06 12:49,33.5,1.5
243,부안,2024-10-06 12:50,42.7,2.4
243,부안,2024-10-06 12:51,45.8,2.3
243,부안,2024-10-06 12:52,51,2.5
243,부안,2024-10-06 12:53,60.4,2.3
243,부안,2024-10-06 12:54,55.5,1.6
243,부안,2024-10-06 12:55,54.7,1.5
243,부안,2024-10-06 12:56,43.7,1.9
243,부안,2024-10-06 12:57,44.3,1.5
243,부안,2024-10-06 12:58,52.1,2
243,부안,2024-10-06 12:59,49.4,1.6
243,부안,2024-10-06 13:00,42.2,1.1
243,부안,2024-10-06 13:01,37.2,1.5
243,부안,2024-10-06 13:02,43.9,1.6
243,부안,2024-10-06 13:03,18,1.9
243,부안,2024-10-06 13:04,39,1.6
243,부안,2024-10-06 13:05,30,1.3
243,부안,2024-10-06 13:06,37.8,1.7
243,부안,2024-10-06 13:07,358.4,1.2
243,부안,2024-10-06 13:08,27.5,1.3
243,부안,2024-10-06 13:09,.3,.4
243,부안,2024-10-06 13:10,325.5,.6
243,부안,2024-10-06 13:11,4.6,1.5
243,부안,2024-10-06 13:12,4,1.4
243,부안,2024-10-06 13:13,23,.9
243,부안,2024-10-06 13:14,336.1,0
243,부안,2024-10-06 13:15,292.5,.2
243,부안,2024-10-06 13:16,302.9,.7
243,부안,2024-10-06 13:17,285.9,.7
243,부안,2024-10-06 13:18,307,.8
243,부안,2024-10-06 13:19,298.8,.8
243,부안,2024-10-06 13:20,260.3,.5
243,부안,2024-10-06 13:21,276.7,.9
243,부안,2024-10-06 13:22,286.5,.8
243,부안,2024-10-06 13:23,307.8,.6
243,부안,2024-10-06 13:24,0,0
243,부안,2024-10-06 13:25,0,0
243,부안,2024-10-06 13:26,0,0
243,부안,2024-10-06 13:27,298.1,0
243,부안,2024-10-06 13:28,256.1,.5
243,부안,2024-10-06 13:29,260.5,.6
243,부안,2024-10-06 13:30,286.9,.8
243,부안,2024-10-06 13:31,279.6,.4
243,부안,2024-10-06 13:32,270.4,.8
243,부안,2024-10-06 13:33,278.7,.7
243,부안,2024-10-06 13:34,268.5,.9
243,부안,2024-10-06 13:35,296.8,1.1
243,부안,2024-10-06 13:36,278.8,.7
243,부안,2024-10-06 13:37,243.7,.8
243,부안,2024-10-06 13:38,250.8,.9
243,부안,2024-10-06 13:39,246.2,.5
243,부안,2024-10-06 13:40,277.9,.3
243,부안,2024-10-06 13:41,304.7,.8
243,부안,2024-10-06 13:42,309,.4
243,부안,2024-10-06 13:43,303.3,.2
243,부안,2024-10-06 13:44,318.5,.4
243,부안,2024-10-06 13:45,320.6,.8
243,부안,2024-10-06 13:46,289.5,.8
243,부안,2024-10-06 13:47,284.6,1
243,부안,2024-10-06 13:48,282.9,.8
243,부안,2024-10-06 13:49,306.6,.8
243,부안,2024-10-06 13:50,308.9,1
243,부안,2024-10-06 13:51,303.7,.8
243,부안,2024-10-06 13:52,285.8,.4
243,부안,2024-10-06 13:53,0,0
243,부안,2024-10-06 13:54,0,0
243,부안,2024-10-06 13:55,0,0
243,부안,2024-10-06 13:56,0,0
243,부안,2024-10-06 13:57,0,0
243,부안,2024-10-06 13:58,0,0
243,부안,2024-10-06 13:59,0,0
243,부안,2024-10-06 14:00,174.7,0
243,부안,2024-10-06 14:01,149.9,.3
243,부안,2024-10-06 14:02,131,.9
243,부안,2024-10-06 14:03,140.8,1
243,부안,2024-10-06 14:04,144.7,.8
243,부안,2024-10-06 14:05,147.7,.7
243,부안,2024-10-06 14:06,168,.9
243,부안,2024-10-06 14:07,150.9,.7
243,부안,2024-10-06 14:08,152.3,.7
243,부안,2024-10-06 14:09,161.3,.4
243,부안,2024-10-06 14:10,197.9,.1
243,부안,2024-10-06 14:11,184.3,.4
243,부안,2024-10-06 14:12,168.7,.7
243,부안,2024-10-06 14:13,159.6,.7
243,부안,2024-10-06 14:14,157.6,.6
243,부안,2024-10-06 14:15,157.9,.8
243,부안,2024-10-06 14:16,156.5,1.1
243,부안,2024-10-06 14:17,153.2,1.3
243,부안,2024-10-06 14:18,155.7,1.4
243,부안,2024-10-06 14:19,154.9,1.4
243,부안,2024-10-06 14:20,167.9,.9
243,부안,2024-10-06 14:21,146.4,1.2
243,부안,2024-10-06 14:22,147.1,.9
243,부안,2024-10-06 14:23,154.9,1.1
243,부안,2024-10-06 14:24,152.3,1.4
243,부안,2024-10-06 14:25,163.8,1.2
243,부안,2024-10-06 14:26,157.6,1.1
243,부안,2024-10-06 14:27,162.7,1.1
243,부안,2024-10-06 14:28,162.3,.8
243,부안,2024-10-06 14:29,156.7,1.1
243,부안,2024-10-06 14:30,164.3,.7
243,부안,2024-10-06 14:31,169.8,.2
243,부안,2024-10-06 14:32,0,0
243,부안,2024-10-06 14:33,0,0
243,부안,2024-10-06 14:34,167.2,.2
243,부안,2024-10-06 14:35,166.1,.2
243,부안,2024-10-06 14:36,161.4,.1
243,부안,2024-10-06 14:37,0,0
243,부안,2024-10-06 14:38,176.8,.3
243,부안,2024-10-06 14:39,166.6,.8
243,부안,2024-10-06 14:40,0,0
243,부안,2024-10-06 14:41,0,0
243,부안,2024-10-06 14:42,173.8,.6
243,부안,2024-10-06 14:43,163.8,.3
243,부안,2024-10-06 14:44,172,.3
243,부안,2024-10-06 14:45,201.3,.1
243,부안,2024-10-06 14:46,183.7,.2
243,부안,2024-10-06 14:47,192.4,.7
243,부안,2024-10-06 14:48,187.8,0
243,부안,2024-10-06 14:49,0,0
243,부안,2024-10-06 14:50,175.9,0
243,부안,2024-10-06 14:51,175,1.1
243,부안,2024-10-06 14:52,173.6,.2
243,부안,2024-10-06 14:53,176.9,.4
243,부안,2024-10-06 14:54,179.1,.3
243,부안,2024-10-06 14:55,177.6,.1
243,부안,2024-10-06 14:56,166.5,.2
243,부안,2024-10-06 14:57,174.4,1.3
243,부안,2024-10-06 14:58,179.8,1.4
243,부안,2024-10-06 14:59,172.9,1.6
243,부안,2024-10-06 15:00,171.8,1.1
243,부안,2024-10-06 15:01,169.9,1
243,부안,2024-10-06 15:02,179.4,.8
243,부안,2024-10-06 15:03,195,0
243,부안,2024-10-06 15:04,200.3,0
243,부안,2024-10-06 15:05,196.5,.6
243,부안,2024-10-06 15:06,193.4,.2
243,부안,2024-10-06 15:07,0,0
243,부안,2024-10-06 15:08,0,0
243,부안,2024-10-06 15:09,0,0
243,부안,2024-10-06 15:10,0,0
243,부안,2024-10-06 15:11,200,.5
243,부안,2024-10-06 15:12,189.4,.8
243,부안,2024-10-06 15:13,189.8,1.2
243,부안,2024-10-06 15:14,183.6,.7
243,부안,2024-10-06 15:15,179.8,1.4
243,부안,2024-10-06 15:16,183.3,1.3
243,부안,2024-10-06 15:17,185.5,1.3
243,부안,2024-10-06 15:18,193.7,1.6
243,부안,2024-10-06 15:19,201.1,1.9
243,부안,2024-10-06 15:20,195.8,1.5
243,부안,2024-10-06 15:21,193,1.1
243,부안,2024-10-06 15:22,192.7,1.1
243,부안,2024-10-06 15:23,197.2,1.2
243,부안,2024-10-06 15:24,193,.4
243,부안,2024-10-06 15:25,192.1,.1
243,부안,2024-10-06 15:26,0,0
243,부안,2024-10-06 15:27,195.7,0
243,부안,2024-10-06 15:28,0,0
243,부안,2024-10-06 15:29,178.8,0
243,부안,2024-10-06 15:30,169.7,0
243,부안,2024-10-06 15:31,168.8,.9
243,부안,2024-10-06 15:32,181.8,.3
243,부안,2024-10-06 15:33,185.8,.8
243,부안,2024-10-06 15:34,220,.2
243,부안,2024-10-06 15:35,0,0
243,부안,2024-10-06 15:36,0,0
243,부안,2024-10-06 15:37,231.1,0
243,부안,2024-10-06 15:38,219.7,.2
243,부안,2024-10-06 15:39,0,0
243,부안,2024-10-06 15:40,0,0
243,부안,2024-10-06 15:41,203.2,.4
243,부안,2024-10-06 15:42,207.1,0
243,부안,2024-10-06 15:43,191.9,.3
243,부안,2024-10-06 15:44,175.9,0
243,부안,2024-10-06 15:45,0,0
243,부안,2024-10-06 15:46,0,0
243,부안,2024-10-06 15:47,187.6,.3
243,부안,2024-10-06 15:48,192.2,0
243,부안,2024-10-06 15:49,213.6,0
243,부안,2024-10-06 15:50,0,0
243,부안,2024-10-06 15:51,201.5,.2
243,부안,2024-10-06 15:52,217.7,.8
243,부안,2024-10-06 15:53,235.7,0
243,부안,2024-10-06 15:54,253.7,0
243,부안,2024-10-06 15:55,0,0
243,부안,2024-10-06 15:56,0,0
243,부안,2024-10-06 15:57,0,0
243,부안,2024-10-06 15:58,227.3,.1
243,부안,2024-10-06 15:59,0,0
243,부안,2024-10-06 16:00,0,0
243,부안,2024-10-06 16:01,0,0
243,부안,2024-10-06 16:02,0,0
243,부안,2024-10-06 16:03,0,0
243,부안,2024-10-06 16:04,0,0
243,부안,2024-10-06 16:05,0,0
243,부안,2024-10-06 16:06,183.9,.6
243,부안,2024-10-06 16:07,181.7,0
243,부안,2024-10-06 16:08,0,0
243,부안,2024-10-06 16:09,0,0
243,부안,2024-10-06 16:10,0,0
243,부안,2024-10-06 16:11,0,0
243,부안,2024-10-06 16:12,171,.2
243,부안,2024-10-06 16:13,180.2,1
243,부안,2024-10-06 16:14,183.4,.5
243,부안,2024-10-06 16:15,206.1,1.1
243,부안,2024-10-06 16:16,202.7,1
243,부안,2024-10-06 16:17,223.5,.7
243,부안,2024-10-06 16:18,203.8,.6
243,부안,2024-10-06 16:19,215.3,.5
243,부안,2024-10-06 16:20,211.9,.6
243,부안,2024-10-06 16:21,202.3,.8
243,부안,2024-10-06 16:22,206.7,.7
243,부안,2024-10-06 16:23,211.4,.6
243,부안,2024-10-06 16:24,240.5,0
243,부안,2024-10-06 16:25,0,0
243,부안,2024-10-06 16:26,0,0
243,부안,2024-10-06 16:27,0,0
243,부안,2024-10-06 16:28,0,0
243,부안,2024-10-06 16:29,183.4,.2
243,부안,2024-10-06 16:30,194.7,1.2
243,부안,2024-10-06 16:31,188.6,.6
243,부안,2024-10-06 16:32,193.8,.6
243,부안,2024-10-06 16:33,182.9,.6
243,부안,2024-10-06 16:34,190.9,.8
243,부안,2024-10-06 16:35,205,.3
243,부안,2024-10-06 16:36,181,.5
243,부안,2024-10-06 16:37,185.7,.8
243,부안,2024-10-06 16:38,175.5,.8
243,부안,2024-10-06 16:39,172.8,.5
243,부안,2024-10-06 16:40,176.6,.5
243,부안,2024-10-06 16:41,172.2,.4
243,부안,2024-10-06 16:42,180.5,.5
243,부안,2024-10-06 16:43,210.1,.1
243,부안,2024-10-06 16:44,218,.1
243,부안,2024-10-06 16:45,0,0
243,부안,2024-10-06 16:46,0,0
243,부안,2024-10-06 16:47,0,0
243,부안,2024-10-06 16:48,0,0
243,부안,2024-10-06 16:49,207.2,.2
243,부안,2024-10-06 16:50,186.2,.5
243,부안,2024-10-06 16:51,185,.7
243,부안,2024-10-06 16:52,188.4,.5
243,부안,2024-10-06 16:53,183.3,.6
243,부안,2024-10-06 16:54,161.6,.6
243,부안,2024-10-06 16:55,148.8,.5
243,부안,2024-10-06 16:56,169.9,.5
243,부안,2024-10-06 16:57,168.7,.1
243,부안,2024-10-06 16:58,175.6,.5
243,부안,2024-10-06 16:59,192.7,.5
243,부안,2024-10-06 17:00,188.5,.4
243,부안,2024-10-06 17:01,180.4,.4
243,부안,2024-10-06 17:02,170.5,.4
243,부안,2024-10-06 17:03,159.7,.5
243,부안,2024-10-06 17:04,159.8,.5
243,부안,2024-10-06 17:05,160.1,.4
243,부안,2024-10-06 17:06,164.8,.3
243,부안,2024-10-06 17:07,159.4,.4
243,부안,2024-10-06 17:08,174.6,.1
243,부안,2024-10-06 17:09,0,0
243,부안,2024-10-06 17:10,0,0
243,부안,2024-10-06 17:11,0,0
243,부안,2024-10-06 17:12,0,0
243,부안,2024-10-06 17:13,0,0
243,부안,2024-10-06 17:14,0,0
243,부안,2024-10-06 17:15,0,0
243,부안,2024-10-06 17:16,0,0
243,부안,2024-10-06 17:17,0,0
243,부안,2024-10-06 17:18,0,0
243,부안,2024-10-06 17:19,0,0
243,부안,2024-10-06 17:20,0,0
243,부안,2024-10-06 17:21,0,0
243,부안,2024-10-06 17:22,0,0
243,부안,2024-10-06 17:23,0,0
243,부안,2024-10-06 17:24,0,0
243,부안,2024-10-06 17:25,0,0
243,부안,2024-10-06 17:26,0,0
243,부안,2024-10-06 17:27,0,0
243,부안,2024-10-06 17:28,0,0
243,부안,2024-10-06 17:29,0,0
243,부안,2024-10-06 17:30,0,0
243,부안,2024-10-06 17:31,0,0
243,부안,2024-10-06 17:32,0,0
243,부안,2024-10-06 17:33,0,0
243,부안,2024-10-06 17:34,0,0
243,부안,2024-10-06 17:35,0,0
243,부안,2024-10-06 17:36,157.5,.4
243,부안,2024-10-06 17:37,153.4,.5
243,부안,2024-10-06 17:38,154.3,.9
243,부안,2024-10-06 17:39,149,.8
243,부안,2024-10-06 17:40,140.7,.8
243,부안,2024-10-06 17:41,141.3,.7
243,부안,2024-10-06 17:42,139.1,.7
243,부안,2024-10-06 17:43,141.1,.7
243,부안,2024-10-06 17:44,140.2,.8
243,부안,2024-10-06 17:45,156.8,0
243,부안,2024-10-06 17:46,0,0
243,부안,2024-10-06 17:47,0,0
243,부안,2024-10-06 17:48,0,0
243,부안,2024-10-06 17:49,0,0
243,부안,2024-10-06 17:50,0,0
243,부안,2024-10-06 17:51,0,0
243,부안,2024-10-06 17:52,0,0
243,부안,2024-10-06 17:53,0,0
243,부안,2024-10-06 17:54,0,0
243,부안,2024-10-06 17:55,0,0
243,부안,2024-10-06 17:56,158.3,.3
243,부안,2024-10-06 17:57,176.8,.7
243,부안,2024-10-06 17:58,0,0
243,부안,2024-10-06 17:59,169.6,.4
243,부안,2024-10-06 18:00,161.1,.1
243,부안,2024-10-06 18:01,0,0
243,부안,2024-10-06 18:02,0,0
243,부안,2024-10-06 18:03,0,0
243,부안,2024-10-06 18:04,0,0
243,부안,2024-10-06 18:05,0,0
243,부안,2024-10-06 18:06,0,0
243,부안,2024-10-06 18:07,0,0
243,부안,2024-10-06 18:08,0,0
243,부안,2024-10-06 18:09,0,0
243,부안,2024-10-06 18:10,0,0
243,부안,2024-10-06 18:11,0,0
243,부안,2024-10-06 18:12,0,0
243,부안,2024-10-06 18:13,0,0
243,부안,2024-10-06 18:14,0,0
243,부안,2024-10-06 18:15,0,0
243,부안,2024-10-06 18:16,0,0
243,부안,2024-10-06 18:17,0,0
243,부안,2024-10-06 18:18,0,0
243,부안,2024-10-06 18:19,0,0
243,부안,2024-10-06 18:20,0,0
243,부안,2024-10-06 18:21,0,0
243,부안,2024-10-06 18:22,0,0
243,부안,2024-10-06 18:23,0,0
243,부안,2024-10-06 18:24,0,0
243,부안,2024-10-06 18:25,0,0
243,부안,2024-10-06 18:26,0,0
243,부안,2024-10-06 18:27,0,0
243,부안,2024-10-06 18:28,0,0
243,부안,2024-10-06 18:29,0,0
243,부안,2024-10-06 18:30,0,0
243,부안,2024-10-06 18:31,0,0
243,부안,2024-10-06 18:32,0,0
243,부안,2024-10-06 18:33,0,0
243,부안,2024-10-06 18:34,0,0
243,부안,2024-10-06 18:35,0,0
243,부안,2024-10-06 18:36,0,0
243,부안,2024-10-06 18:37,0,0
243,부안,2024-10-06 18:38,0,0
243,부안,2024-10-06 18:39,172.4,0
243,부안,2024-10-06 18:40,0,0
243,부안,2024-10-06 18:41,0,0
243,부안,2024-10-06 18:42,0,0
243,부안,2024-10-06 18:43,0,0
243,부안,2024-10-06 18:44,149.2,0
243,부안,2024-10-06 18:45,0,0
243,부안,2024-10-06 18:46,154.9,.1
243,부안,2024-10-06 18:47,153.7,0
243,부안,2024-10-06 18:48,155,0
243,부안,2024-10-06 18:49,147.1,0
243,부안,2024-10-06 18:50,140.8,.2
243,부안,2024-10-06 18:51,134.4,0
243,부안,2024-10-06 18:52,137.8,.1
243,부안,2024-10-06 18:53,139.1,.3
243,부안,2024-10-06 18:54,138.8,.7
243,부안,2024-10-06 18:55,137.6,.7
243,부안,2024-10-06 18:56,147.5,.4
243,부안,2024-10-06 18:57,146.4,.2
243,부안,2024-10-06 18:58,0,0
243,부안,2024-10-06 18:59,0,0
243,부안,2024-10-06 19:00,0,0
243,부안,2024-10-06 19:01,156.1,0
243,부안,2024-10-06 19:02,148.8,0
243,부안,2024-10-06 19:03,0,0
243,부안,2024-10-06 19:04,0,0
243,부안,2024-10-06 19:05,0,0
243,부안,2024-10-06 19:06,0,0
243,부안,2024-10-06 19:07,0,0
243,부안,2024-10-06 19:08,0,0
243,부안,2024-10-06 19:09,0,0
243,부안,2024-10-06 19:10,0,0
243,부안,2024-10-06 19:11,0,0
243,부안,2024-10-06 19:12,0,0
243,부안,2024-10-06 19:13,0,0
243,부안,2024-10-06 19:14,0,0
243,부안,2024-10-06 19:15,151.6,0
243,부안,2024-10-06 19:16,0,0
243,부안,2024-10-06 19:17,0,0
243,부안,2024-10-06 19:18,0,0
243,부안,2024-10-06 19:19,0,0
243,부안,2024-10-06 19:20,0,0
243,부안,2024-10-06 19:21,0,0
243,부안,2024-10-06 19:22,0,0
243,부안,2024-10-06 19:23,0,0
243,부안,2024-10-06 19:24,0,0
243,부안,2024-10-06 19:25,0,0
243,부안,2024-10-06 19:26,0,0
243,부안,2024-10-06 19:27,0,0
243,부안,2024-10-06 19:28,0,0
243,부안,2024-10-06 19:29,0,0
243,부안,2024-10-06 19:30,0,0
243,부안,2024-10-06 19:31,0,0
243,부안,2024-10-06 19:32,0,0
243,부안,2024-10-06 19:33,0,0
243,부안,2024-10-06 19:34,0,0
243,부안,2024-10-06 19:35,0,0
243,부안,2024-10-06 19:36,0,0
243,부안,2024-10-06 19:37,0,0
243,부안,2024-10-06 19:38,0,0
243,부안,2024-10-06 19:39,0,0
243,부안,2024-10-06 19:40,0,0
243,부안,2024-10-06 19:41,0,0
243,부안,2024-10-06 19:42,0,0
243,부안,2024-10-06 19:43,0,0
243,부안,2024-10-06 19:44,0,0
243,부안,2024-10-06 19:45,0,0
243,부안,2024-10-06 19:46,0,0
243,부안,2024-10-06 19:47,0,0
243,부안,2024-10-06 19:48,0,0
243,부안,2024-10-06 19:49,0,0
243,부안,2024-10-06 19:50,0,0
243,부안,2024-10-06 19:51,0,0
243,부안,2024-10-06 19:52,0,0
243,부안,2024-10-06 19:53,0,0
243,부안,2024-10-06 19:54,0,0
243,부안,2024-10-06 19:55,0,0
243,부안,2024-10-06 19:56,0,0
243,부안,2024-10-06 19:57,0,0
243,부안,2024-10-06 19:58,0,0
243,부안,2024-10-06 19:59,0,0
243,부안,2024-10-06 20:00,0,0
243,부안,2024-10-06 20:01,0,0
243,부안,2024-10-06 20:02,0,0
243,부안,2024-10-06 20:03,0,0
243,부안,2024-10-06 20:04,0,0
243,부안,2024-10-06 20:05,0,0
243,부안,2024-10-06 20:06,0,0
243,부안,2024-10-06 20:07,0,0
243,부안,2024-10-06 20:08,0,0
243,부안,2024-10-06 20:09,0,0
243,부안,2024-10-06 20:10,0,0
243,부안,2024-10-06 20:11,0,0
243,부안,2024-10-06 20:12,0,0
243,부안,2024-10-06 20:13,0,0
243,부안,2024-10-06 20:14,0,0
243,부안,2024-10-06 20:15,0,0
243,부안,2024-10-06 20:16,0,0
243,부안,2024-10-06 20:17,0,0
243,부안,2024-10-06 20:18,0,0
243,부안,2024-10-06 20:19,0,0
243,부안,2024-10-06 20:20,0,0
243,부안,2024-10-06 20:21,0,0
243,부안,2024-10-06 20:22,0,0
243,부안,2024-10-06 20:23,0,0
243,부안,2024-10-06 20:24,0,0
243,부안,2024-10-06 20:25,0,0
243,부안,2024-10-06 20:26,0,0
243,부안,2024-10-06 20:27,0,0
243,부안,2024-10-06 20:28,0,0
243,부안,2024-10-06 20:29,0,0
243,부안,2024-10-06 20:30,0,0
243,부안,2024-10-06 20:31,0,0
243,부안,2024-10-06 20:32,0,0
243,부안,2024-10-06 20:33,0,0
243,부안,2024-10-06 20:34,0,0
243,부안,2024-10-06 20:35,0,0
243,부안,2024-10-06 20:36,0,0
243,부안,2024-10-06 20:37,0,0
243,부안,2024-10-06 20:38,0,0
243,부안,2024-10-06 20:39,0,0
243,부안,2024-10-06 20:40,0,0
243,부안,2024-10-06 20:41,0,0
243,부안,2024-10-06 20:42,0,0
243,부안,2024-10-06 20:43,0,0
243,부안,2024-10-06 20:44,0,0
243,부안,2024-10-06 20:45,0,0
243,부안,2024-10-06 20:46,0,0
243,부안,2024-10-06 20:47,0,0
243,부안,2024-10-06 20:48,0,0
243,부안,2024-10-06 20:49,0,0
243,부안,2024-10-06 20:50,0,0
243,부안,2024-10-06 20:51,0,0
243,부안,2024-10-06 20:52,0,0
243,부안,2024-10-06 20:53,0,0
243,부안,2024-10-06 20:54,0,0
243,부안,2024-10-06 20:55,0,0
243,부안,2024-10-06 20:56,0,0
243,부안,2024-10-06 20:57,0,0
243,부안,2024-10-06 20:58,0,0
243,부안,2024-10-06 20:59,0,0
243,부안,2024-10-06 21:00,0,0
243,부안,2024-10-06 21:01,0,0
243,부안,2024-10-06 21:02,0,0
243,부안,2024-10-06 21:03,0,0
243,부안,2024-10-06 21:04,0,0
243,부안,2024-10-06 21:05,0,0
243,부안,2024-10-06 21:06,0,0
243,부안,2024-10-06 21:07,0,0
243,부안,2024-10-06 21:08,0,0
243,부안,2024-10-06 21:09,0,0
243,부안,2024-10-06 21:10,0,0
243,부안,2024-10-06 21:11,0,0
243,부안,2024-10-06 21:12,0,0
243,부안,2024-10-06 21:13,0,0
243,부안,2024-10-06 21:14,0,0
243,부안,2024-10-06 21:15,0,0
243,부안,2024-10-06 21:16,0,0
243,부안,2024-10-06 21:17,0,0
243,부안,2024-10-06 21:18,0,0
243,부안,2024-10-06 21:19,0,0
243,부안,2024-10-06 21:20,0,0
243,부안,2024-10-06 21:21,0,0
243,부안,2024-10-06 21:22,0,0
243,부안,2024-10-06 21:23,0,0
243,부안,2024-10-06 21:24,0,0
243,부안,2024-10-06 21:25,0,0
243,부안,2024-10-06 21:26,0,0
243,부안,2024-10-06 21:27,0,0
243,부안,2024-10-06 21:28,0,0
243,부안,2024-10-06 21:29,0,0
243,부안,2024-10-06 21:30,0,0
243,부안,2024-10-06 21:31,0,0
243,부안,2024-10-06 21:32,0,0
243,부안,2024-10-06 21:33,0,0
243,부안,2024-10-06 21:34,0,0
243,부안,2024-10-06 21:35,0,0
243,부안,2024-10-06 21:36,0,0
243,부안,2024-10-06 21:37,0,0
243,부안,2024-10-06 21:38,0,0
243,부안,2024-10-06 21:39,0,0
243,부안,2024-10-06 21:40,0,0
243,부안,2024-10-06 21:41,0,0
243,부안,2024-10-06 21:42,0,0
243,부안,2024-10-06 21:43,0,0
243,부안,2024-10-06 21:44,0,0
243,부안,2024-10-06 21:45,0,0
243,부안,2024-10-06 21:46,0,0
243,부안,2024-10-06 21:47,0,0
243,부안,2024-10-06 21:48,0,0
243,부안,2024-10-06 21:49,0,0
243,부안,2024-10-06 21:50,0,0
243,부안,2024-10-06 21:51,0,0
243,부안,2024-10-06 21:52,0,0
243,부안,2024-10-06 21:53,0,0
243,부안,2024-10-06 21:54,0,0
243,부안,2024-10-06 21:55,0,0
243,부안,2024-10-06 21:56,0,0
243,부안,2024-10-06 21:57,0,0
243,부안,2024-10-06 21:58,0,0
243,부안,2024-10-06 21:59,0,0
243,부안,2024-10-06 22:00,0,0
243,부안,2024-10-06 22:01,0,0
243,부안,2024-10-06 22:02,0,0
243,부안,2024-10-06 22:03,0,0
243,부안,2024-10-06 22:04,0,0
243,부안,2024-10-06 22:05,0,0
243,부안,2024-10-06 22:06,0,0
243,부안,2024-10-06 22:07,0,0
243,부안,2024-10-06 22:08,0,0
243,부안,2024-10-06 22:09,0,0
243,부안,2024-10-06 22:10,0,0
243,부안,2024-10-06 22:11,0,0
243,부안,2024-10-06 22:12,0,0
243,부안,2024-10-06 22:13,0,0
243,부안,2024-10-06 22:14,0,0
243,부안,2024-10-06 22:15,0,0
243,부안,2024-10-06 22:16,0,0
243,부안,2024-10-06 22:17,0,0
243,부안,2024-10-06 22:18,0,0
243,부안,2024-10-06 22:19,0,0
243,부안,2024-10-06 22:20,0,0
243,부안,2024-10-06 22:21,0,0
243,부안,2024-10-06 22:22,0,0
243,부안,2024-10-06 22:23,0,0
243,부안,2024-10-06 22:24,0,0
243,부안,2024-10-06 22:25,0,0
243,부안,2024-10-06 22:26,0,0
243,부안,2024-10-06 22:27,0,0
243,부안,2024-10-06 22:28,0,0
243,부안,2024-10-06 22:29,0,0
243,부안,2024-10-06 22:30,0,0
243,부안,2024-10-06 22:31,0,0
243,부안,2024-10-06 22:32,0,0
243,부안,2024-10-06 22:33,0,0
243,부안,2024-10-06 22:34,0,0
243,부안,2024-10-06 22:35,0,0
243,부안,2024-10-06 22:36,0,0
243,부안,2024-10-06 22:37,0,0
243,부안,2024-10-06 22:38,0,0
243,부안,2024-10-06 22:39,0,0
243,부안,2024-10-06 22:40,0,0
243,부안,2024-10-06 22:41,0,0
243,부안,2024-10-06 22:42,0,0
243,부안,2024-10-06 22:43,0,0
243,부안,2024-10-06 22:44,0,0
243,부안,2024-10-06 22:45,0,0
243,부안,2024-10-06 22:46,0,0
243,부안,2024-10-06 22:47,0,0
243,부안,2024-10-06 22:48,0,0
243,부안,2024-10-06 22:49,0,0
243,부안,2024-10-06 22:50,0,0
243,부안,2024-10-06 22:51,0,0
243,부안,2024-10-06 22:52,0,0
243,부안,2024-10-06 22:53,0,0
243,부안,2024-10-06 22:54,0,0
243,부안,2024-10-06 22:55,0,0
243,부안,2024-10-06 22:56,0,0
243,부안,2024-10-06 22:57,0,0
243,부안,2024-10-06 22:58,0,
243,부안,2024-10-06 22:59,0,
243,부안,2024-10-06 23:00,0,
243,부안,2024-10-06 23:01,0,
243,부안,2024-10-06 23:02,0,
243,부안,2024-10-06 23:03,0,
243,부안,2024-10-06 23:04,0,
243,부안,2024-10-06 23:05,0,
243,부안,2024-10-06 23:06,0,
243,부안,2024-10-06 23:07,0,
243,부안,2024-10-06 23:08,0,
243,부안,2024-10-06 23:09,39.3,
243,부안,2024-10-06 23:10,44.1,
243,부안,2024-10-06 23:11,0,
243,부안,2024-10-06 23:12,0,
243,부안,2024-10-06 23:13,48.9,.1
243,부안,2024-10-06 23:14,56.6,.3
243,부안,2024-10-06 23:15,49.4,.5
243,부안,2024-10-06 23:16,43.9,.5
243,부안,2024-10-06 23:17,41.4,.5
243,부안,2024-10-06 23:18,39.3,.1
243,부안,2024-10-06 23:19,37.6,.7
243,부안,2024-10-06 23:20,36.7,.3
243,부안,2024-10-06 23:21,38.7,.5
243,부안,2024-10-06 23:22,39.3,.6
243,부안,2024-10-06 23:23,38.5,.3
243,부안,2024-10-06 23:24,37.2,.1
243,부안,2024-10-06 23:25,36.5,.1
243,부안,2024-10-06 23:26,40.6,0
243,부안,2024-10-06 23:27,0,0
243,부안,2024-10-06 23:28,0,0
243,부안,2024-10-06 23:29,0,0
243,부안,2024-10-06 23:30,0,0
243,부안,2024-10-06 23:31,0,0
243,부안,2024-10-06 23:32,0,0
243,부안,2024-10-06 23:33,0,0
243,부안,2024-10-06 23:34,0,0
243,부안,2024-10-06 23:35,0,0
243,부안,2024-10-06 23:36,0,0
243,부안,2024-10-06 23:37,0,0
243,부안,2024-10-06 23:38,0,0
243,부안,2024-10-06 23:39,0,0
243,부안,2024-10-06 23:40,45.1,0
243,부안,2024-10-06 23:41,0,0
243,부안,2024-10-06 23:42,0,0
243,부안,2024-10-06 23:43,0,0
243,부안,2024-10-06 23:44,44.5,.1
243,부안,2024-10-06 23:45,47.2,.4
243,부안,2024-10-06 23:46,50.1,.2
243,부안,2024-10-06 23:47,50.3,.2
243,부안,2024-10-06 23:48,47.7,.2
243,부안,2024-10-06 23:49,41.5,.1
243,부안,2024-10-06 23:50,0,0
243,부안,2024-10-06 23:51,0,0
243,부안,2024-10-06 23:52,0,0
243,부안,2024-10-06 23:53,0,0
243,부안,2024-10-06 23:54,0,0
243,부안,2024-10-06 23:55,0,0
243,부안,2024-10-06 23:56,0,0
243,부안,2024-10-06 23:57,0,0
243,부안,2024-10-06 23:58,0,0
243,부안,2024-10-06 23:59,0,0
243,부안,2024-10-07 00:00,0,0
244,임실,2024-10-06 00:01,283.8,.6
244,임실,2024-10-06 00:02,303.6,.1
244,임실,2024-10-06 00:03,0,0
244,임실,2024-10-06 00:04,293.1,.1
244,임실,2024-10-06 00:05,303.1,.3
244,임실,2024-10-06 00:06,277.5,.1
244,임실,2024-10-06 00:07,276.1,.2
244,임실,2024-10-06 00:08,284.2,.1
244,임실,2024-10-06 00:09,257.6,.2
244,임실,2024-10-06 00:10,231.8,0
244,임실,2024-10-06 00:11,231.8,.1
244,임실,2024-10-06 00:12,218.6,.2
244,임실,2024-10-06 00:13,227.5,.3
244,임실,2024-10-06 00:14,257.5,.4
244,임실,2024-10-06 00:15,232.3,.4
244,임실,2024-10-06 00:16,221.9,.3
244,임실,2024-10-06 00:17,224.3,.2
244,임실,2024-10-06 00:18,241.6,.1
244,임실,2024-10-06 00:19,216.8,.3
244,임실,2024-10-06 00:20,227.4,.3
244,임실,2024-10-06 00:21,235.9,.4
244,임실,2024-10-06 00:22,249.4,.4
244,임실,2024-10-06 00:23,257.3,.9
244,임실,2024-10-06 00:24,266,.7
244,임실,2024-10-06 00:25,260.2,.5
244,임실,2024-10-06 00:26,258,.7
244,임실,2024-10-06 00:27,260.9,.7
244,임실,2024-10-06 00:28,252,.4
244,임실,2024-10-06 00:29,226.2,.4
244,임실,2024-10-06 00:30,217.1,.4
244,임실,2024-10-06 00:31,213.3,.6
244,임실,2024-10-06 00:32,215,.7
244,임실,2024-10-06 00:33,227.2,.7
244,임실,2024-10-06 00:34,248.5,.5
244,임실,2024-10-06 00:35,248.9,.4
244,임실,2024-10-06 00:36,271.1,.5
244,임실,2024-10-06 00:37,287.2,.4
244,임실,2024-10-06 00:38,283.5,.1
244,임실,2024-10-06 00:39,250.8,0
244,임실,2024-10-06 00:40,265,.1
244,임실,2024-10-06 00:41,294.1,.1
244,임실,2024-10-06 00:42,340.9,.1
244,임실,2024-10-06 00:43,334.6,.2
244,임실,2024-10-06 00:44,323.2,0
244,임실,2024-10-06 00:45,0,0
244,임실,2024-10-06 00:46,312.5,0
244,임실,2024-10-06 00:47,0,0
244,임실,2024-10-06 00:48,0,0
244,임실,2024-10-06 00:49,260.8,0
244,임실,2024-10-06 00:50,261.7,0
244,임실,2024-10-06 00:51,287.1,.2
244,임실,2024-10-06 00:52,271.9,.1
244,임실,2024-10-06 00:53,290.3,0
244,임실,2024-10-06 00:54,305.8,0
244,임실,2024-10-06 00:55,283.2,0
244,임실,2024-10-06 00:56,285.1,.1
244,임실,2024-10-06 00:57,0,0
244,임실,2024-10-06 00:58,0,0
244,임실,2024-10-06 00:59,0,0
244,임실,2024-10-06 01:00,0,0
244,임실,2024-10-06 01:01,211.5,0
244,임실,2024-10-06 01:02,208.5,.2
244,임실,2024-10-06 01:03,201.6,.3
244,임실,2024-10-06 01:04,202.1,.2
244,임실,2024-10-06 01:05,192.8,.1
244,임실,2024-10-06 01:06,183,0
244,임실,2024-10-06 01:07,180.6,0
244,임실,2024-10-06 01:08,192.4,0
244,임실,2024-10-06 01:09,210.3,.1
244,임실,2024-10-06 01:10,215.8,.2
244,임실,2024-10-06 01:11,225.8,.1
244,임실,2024-10-06 01:12,225.1,0
244,임실,2024-10-06 01:13,196.1,.1
244,임실,2024-10-06 01:14,182.7,0
244,임실,2024-10-06 01:15,203.4,0
244,임실,2024-10-06 01:16,0,0
244,임실,2024-10-06 01:17,0,0
244,임실,2024-10-06 01:18,0,0
244,임실,2024-10-06 01:19,98.5,0
244,임실,2024-10-06 01:20,0,0
244,임실,2024-10-06 01:21,0,0
244,임실,2024-10-06 01:22,0,0
244,임실,2024-10-06 01:23,0,0
244,임실,2024-10-06 01:24,0,0
244,임실,2024-10-06 01:25,299.6,0
244,임실,2024-10-06 01:26,0,0
244,임실,2024-10-06 01:27,322.2,0
244,임실,2024-10-06 01:28,0,0
244,임실,2024-10-06 01:29,0,0
244,임실,2024-10-06 01:30,0,0
244,임실,2024-10-06 01:31,263.6,0
244,임실,2024-10-06 01:32,188.1,.1
244,임실,2024-10-06 01:33,232.8,.1
244,임실,2024-10-06 01:34,235,.2
244,임실,2024-10-06 01:35,251,.2
244,임실,2024-10-06 01:36,265.1,.2
244,임실,2024-10-06 01:37,252.6,.2
244,임실,2024-10-06 01:38,260.1,.1
244,임실,2024-10-06 01:39,257.5,0
244,임실,2024-10-06 01:40,254.2,.1
244,임실,2024-10-06 01:41,236.9,.1
244,임실,2024-10-06 01:42,249.8,.3
244,임실,2024-10-06 01:43,271.8,.6
244,임실,2024-10-06 01:44,280,.7
244,임실,2024-10-06 01:45,273.7,.8
244,임실,2024-10-06 01:46,262.7,.8
244,임실,2024-10-06 01:47,261.4,.8
244,임실,2024-10-06 01:48,232.6,.6
244,임실,2024-10-06 01:49,216.3,.5
244,임실,2024-10-06 01:50,218.5,.7
244,임실,2024-10-06 01:51,214,.7
244,임실,2024-10-06 01:52,201.5,.6
244,임실,2024-10-06 01:53,206.1,.4
244,임실,2024-10-06 01:54,191.7,.3
244,임실,2024-10-06 01:55,221.6,.3
244,임실,2024-10-06 01:56,218.6,.4
244,임실,2024-10-06 01:57,247.3,.6
244,임실,2024-10-06 01:58,238.1,.5
244,임실,2024-10-06 01:59,236.1,.5
244,임실,2024-10-06 02:00,242.6,.3
244,임실,2024-10-06 02:01,217.7,.4
244,임실,2024-10-06 02:02,193.6,.1
244,임실,2024-10-06 02:03,151.4,.2
244,임실,2024-10-06 02:04,130.6,.2
244,임실,2024-10-06 02:05,128.9,0
244,임실,2024-10-06 02:06,0,0
244,임실,2024-10-06 02:07,152.7,0
244,임실,2024-10-06 02:08,157.9,0
244,임실,2024-10-06 02:09,183.5,0
244,임실,2024-10-06 02:10,0,0
244,임실,2024-10-06 02:11,0,0
244,임실,2024-10-06 02:12,0,0
244,임실,2024-10-06 02:13,238.2,0
244,임실,2024-10-06 02:14,279.9,0
244,임실,2024-10-06 02:15,287.6,.2
244,임실,2024-10-06 02:16,249.8,.1
244,임실,2024-10-06 02:17,0,0
244,임실,2024-10-06 02:18,250.1,0
244,임실,2024-10-06 02:19,265.6,0
244,임실,2024-10-06 02:20,278.4,.1
244,임실,2024-10-06 02:21,268,.1
244,임실,2024-10-06 02:22,258.2,0
244,임실,2024-10-06 02:23,0,0
244,임실,2024-10-06 02:24,278.8,0
244,임실,2024-10-06 02:25,272.5,.2
244,임실,2024-10-06 02:26,265.1,.2
244,임실,2024-10-06 02:27,261.7,.2
244,임실,2024-10-06 02:28,220.3,.2
244,임실,2024-10-06 02:29,199.3,.2
244,임실,2024-10-06 02:30,201.5,.3
244,임실,2024-10-06 02:31,193.4,.2
244,임실,2024-10-06 02:32,183.7,.2
244,임실,2024-10-06 02:33,200,.2
244,임실,2024-10-06 02:34,208.3,.1
244,임실,2024-10-06 02:35,250.4,0
244,임실,2024-10-06 02:36,0,0
244,임실,2024-10-06 02:37,275.7,0
244,임실,2024-10-06 02:38,300.6,.1
244,임실,2024-10-06 02:39,291.8,0
244,임실,2024-10-06 02:40,281.2,0
244,임실,2024-10-06 02:41,278.4,0
244,임실,2024-10-06 02:42,254.4,0
244,임실,2024-10-06 02:43,0,0
244,임실,2024-10-06 02:44,183.4,0
244,임실,2024-10-06 02:45,161.3,.3
244,임실,2024-10-06 02:46,167.2,.2
244,임실,2024-10-06 02:47,182.5,.1
244,임실,2024-10-06 02:48,217.4,0
244,임실,2024-10-06 02:49,233.6,0
244,임실,2024-10-06 02:50,244.1,0
244,임실,2024-10-06 02:51,237.5,0
244,임실,2024-10-06 02:52,0,0
244,임실,2024-10-06 02:53,0,0
244,임실,2024-10-06 02:54,0,0
244,임실,2024-10-06 02:55,0,0
244,임실,2024-10-06 02:56,0,0
244,임실,2024-10-06 02:57,0,0
244,임실,2024-10-06 02:58,0,0
244,임실,2024-10-06 02:59,0,0
244,임실,2024-10-06 03:00,0,0
244,임실,2024-10-06 03:01,328.3,0
244,임실,2024-10-06 03:02,0,0
244,임실,2024-10-06 03:03,0,0
244,임실,2024-10-06 03:04,0,0
244,임실,2024-10-06 03:05,0,0
244,임실,2024-10-06 03:06,0,0
244,임실,2024-10-06 03:07,0,0
244,임실,2024-10-06 03:08,0,0
244,임실,2024-10-06 03:09,0,0
244,임실,2024-10-06 03:10,74.9,0
244,임실,2024-10-06 03:11,85,0
244,임실,2024-10-06 03:12,76.5,0
244,임실,2024-10-06 03:13,101.5,.1
244,임실,2024-10-06 03:14,76.7,.4
244,임실,2024-10-06 03:15,84.5,.4
244,임실,2024-10-06 03:16,83.5,.5
244,임실,2024-10-06 03:17,86.2,.5
244,임실,2024-10-06 03:18,81.5,.4
244,임실,2024-10-06 03:19,96.2,.2
244,임실,2024-10-06 03:20,110.9,.1
244,임실,2024-10-06 03:21,134,.1
244,임실,2024-10-06 03:22,139.4,.1
244,임실,2024-10-06 03:23,151.1,.1
244,임실,2024-10-06 03:24,162.1,.1
244,임실,2024-10-06 03:25,166.7,.2
244,임실,2024-10-06 03:26,156.7,.1
244,임실,2024-10-06 03:27,0,0
244,임실,2024-10-06 03:28,0,0
244,임실,2024-10-06 03:29,0,0
244,임실,2024-10-06 03:30,0,0
244,임실,2024-10-06 03:31,264,0
244,임실,2024-10-06 03:32,274.1,.1
244,임실,2024-10-06 03:33,286.7,.2
244,임실,2024-10-06 03:34,293.2,.4
244,임실,2024-10-06 03:35,286.7,.5
244,임실,2024-10-06 03:36,282.7,.7
244,임실,2024-10-06 03:37,262.5,.9
244,임실,2024-10-06 03:38,231.9,.5
244,임실,2024-10-06 03:39,226.3,.9
244,임실,2024-10-06 03:40,236.4,.8
244,임실,2024-10-06 03:41,231.7,.6
244,임실,2024-10-06 03:42,252.6,.6
244,임실,2024-10-06 03:43,263.8,.6
244,임실,2024-10-06 03:44,258.1,.6
244,임실,2024-10-06 03:45,249.4,.5
244,임실,2024-10-06 03:46,276.6,.4
244,임실,2024-10-06 03:47,259.8,.4
244,임실,2024-10-06 03:48,264.5,.4
244,임실,2024-10-06 03:49,267.4,.4
244,임실,2024-10-06 03:50,261,.5
244,임실,2024-10-06 03:51,270.3,.8
244,임실,2024-10-06 03:52,265.7,.9
244,임실,2024-10-06 03:53,259.4,.9
244,임실,2024-10-06 03:54,256.2,.8
244,임실,2024-10-06 03:55,255.6,.5
244,임실,2024-10-06 03:56,260.3,.4
244,임실,2024-10-06 03:57,275.4,.4
244,임실,2024-10-06 03:58,250.6,.1
244,임실,2024-10-06 03:59,232.1,0
244,임실,2024-10-06 04:00,186.7,0
244,임실,2024-10-06 04:01,213,.2
244,임실,2024-10-06 04:02,232.1,.2
244,임실,2024-10-06 04:03,238.1,0
244,임실,2024-10-06 04:04,0,0
244,임실,2024-10-06 04:05,0,0
244,임실,2024-10-06 04:06,171.4,0
244,임실,2024-10-06 04:07,162.2,.1
244,임실,2024-10-06 04:08,181.7,0
244,임실,2024-10-06 04:09,198.8,0
244,임실,2024-10-06 04:10,205.3,.1
244,임실,2024-10-06 04:11,217.6,.1
244,임실,2024-10-06 04:12,225.4,.3
244,임실,2024-10-06 04:13,225.9,.3
244,임실,2024-10-06 04:14,246.8,.1
244,임실,2024-10-06 04:15,238,0
244,임실,2024-10-06 04:16,0,0
244,임실,2024-10-06 04:17,0,0
244,임실,2024-10-06 04:18,93.2,0
244,임실,2024-10-06 04:19,93.8,.1
244,임실,2024-10-06 04:20,103.3,.1
244,임실,2024-10-06 04:21,79.7,0
244,임실,2024-10-06 04:22,0,0
244,임실,2024-10-06 04:23,0,0
244,임실,2024-10-06 04:24,267,0
244,임실,2024-10-06 04:25,259,.1
244,임실,2024-10-06 04:26,268.6,.2
244,임실,2024-10-06 04:27,308.8,0
244,임실,2024-10-06 04:28,328.8,0
244,임실,2024-10-06 04:29,324,0
244,임실,2024-10-06 04:30,13.2,0
244,임실,2024-10-06 04:31,0,0
244,임실,2024-10-06 04:32,0,0
244,임실,2024-10-06 04:33,0,0
244,임실,2024-10-06 04:34,270,0
244,임실,2024-10-06 04:35,256.4,.2
244,임실,2024-10-06 04:36,266,.2
244,임실,2024-10-06 04:37,274,.3
244,임실,2024-10-06 04:38,277.6,.3
244,임실,2024-10-06 04:39,283.8,.2
244,임실,2024-10-06 04:40,276.4,.1
244,임실,2024-10-06 04:41,281.3,.1
244,임실,2024-10-06 04:42,268.9,.1
244,임실,2024-10-06 04:43,277.5,.1
244,임실,2024-10-06 04:44,267.5,.2
244,임실,2024-10-06 04:45,272.8,.5
244,임실,2024-10-06 04:46,276.2,.6
244,임실,2024-10-06 04:47,275.4,.5
244,임실,2024-10-06 04:48,289.2,.3
244,임실,2024-10-06 04:49,249.7,0
244,임실,2024-10-06 04:50,155.6,.2
244,임실,2024-10-06 04:51,146,.6
244,임실,2024-10-06 04:52,131.9,.6
244,임실,2024-10-06 04:53,128.9,.6
244,임실,2024-10-06 04:54,136.2,.4
244,임실,2024-10-06 04:55,146.3,.3
244,임실,2024-10-06 04:56,166.9,.1
244,임실,2024-10-06 04:57,0,0
244,임실,2024-10-06 04:58,0,0
244,임실,2024-10-06 04:59,0,0
244,임실,2024-10-06 05:00,0,0
244,임실,2024-10-06 05:01,0,0
244,임실,2024-10-06 05:02,87.1,0
244,임실,2024-10-06 05:03,277,0
244,임실,2024-10-06 05:04,276,.3
244,임실,2024-10-06 05:05,284.6,.4
244,임실,2024-10-06 05:06,283.1,.3
244,임실,2024-10-06 05:07,284.9,.2
244,임실,2024-10-06 05:08,271.1,0
244,임실,2024-10-06 05:09,0,0
244,임실,2024-10-06 05:10,0,0
244,임실,2024-10-06 05:11,120.8,0
244,임실,2024-10-06 05:12,91.3,.4
244,임실,2024-10-06 05:13,80.3,.5
244,임실,2024-10-06 05:14,72.9,.3
244,임실,2024-10-06 05:15,64.1,.1
244,임실,2024-10-06 05:16,68.2,.3
244,임실,2024-10-06 05:17,71.2,.2
244,임실,2024-10-06 05:18,38.5,.2
244,임실,2024-10-06 05:19,306.6,.1
244,임실,2024-10-06 05:20,289.5,.4
244,임실,2024-10-06 05:21,281.2,.4
244,임실,2024-10-06 05:22,282.4,.5
244,임실,2024-10-06 05:23,267.6,.2
244,임실,2024-10-06 05:24,249.8,.3
244,임실,2024-10-06 05:25,235.1,0
244,임실,2024-10-06 05:26,181.8,0
244,임실,2024-10-06 05:27,0,0
244,임실,2024-10-06 05:28,0,0
244,임실,2024-10-06 05:29,0,0
244,임실,2024-10-06 05:30,284.4,0
244,임실,2024-10-06 05:31,253.1,.1
244,임실,2024-10-06 05:32,273,0
244,임실,2024-10-06 05:33,288.9,0
244,임실,2024-10-06 05:34,0,0
244,임실,2024-10-06 05:35,0,0
244,임실,2024-10-06 05:36,82.6,0
244,임실,2024-10-06 05:37,95.6,.3
244,임실,2024-10-06 05:38,67.3,.5
244,임실,2024-10-06 05:39,62.3,.8
244,임실,2024-10-06 05:40,67.1,1.1
244,임실,2024-10-06 05:41,63.7,1
244,임실,2024-10-06 05:42,64.8,1
244,임실,2024-10-06 05:43,57.2,1.1
244,임실,2024-10-06 05:44,48.1,1
244,임실,2024-10-06 05:45,50.6,.9
244,임실,2024-10-06 05:46,48.6,.5
244,임실,2024-10-06 05:47,41.3,.3
244,임실,2024-10-06 05:48,32.8,0
244,임실,2024-10-06 05:49,277.5,0
244,임실,2024-10-06 05:50,287.2,0
244,임실,2024-10-06 05:51,297.5,0
244,임실,2024-10-06 05:52,0,0
244,임실,2024-10-06 05:53,351.9,.1
244,임실,2024-10-06 05:54,13.9,.2
244,임실,2024-10-06 05:55,9.9,.1
244,임실,2024-10-06 05:56,77.1,0
244,임실,2024-10-06 05:57,142.2,.3
244,임실,2024-10-06 05:58,134.8,.4
244,임실,2024-10-06 05:59,135.7,.7
244,임실,2024-10-06 06:00,136.3,.7
244,임실,2024-10-06 06:01,132.4,.6
244,임실,2024-10-06 06:02,130.4,.3
244,임실,2024-10-06 06:03,100.7,.3
244,임실,2024-10-06 06:04,106.5,.4
244,임실,2024-10-06 06:05,100.7,.3
244,임실,2024-10-06 06:06,108.8,.3
244,임실,2024-10-06 06:07,84.1,.3
244,임실,2024-10-06 06:08,78.2,.4
244,임실,2024-10-06 06:09,81.2,.3
244,임실,2024-10-06 06:10,50.4,.3
244,임실,2024-10-06 06:11,41.6,.6
244,임실,2024-10-06 06:12,61.5,.7
244,임실,2024-10-06 06:13,105.8,.2
244,임실,2024-10-06 06:14,287.8,.1
244,임실,2024-10-06 06:15,302.3,.4
244,임실,2024-10-06 06:16,311.7,.4
244,임실,2024-10-06 06:17,310.2,.1
244,임실,2024-10-06 06:18,273,.1
244,임실,2024-10-06 06:19,274.6,0
244,임실,2024-10-06 06:20,278.7,.2
244,임실,2024-10-06 06:21,286.1,.4
244,임실,2024-10-06 06:22,289.2,.4
244,임실,2024-10-06 06:23,294.9,0
244,임실,2024-10-06 06:24,266,.3
244,임실,2024-10-06 06:25,250.8,.6
244,임실,2024-10-06 06:26,245.1,.2
244,임실,2024-10-06 06:27,229.2,.2
244,임실,2024-10-06 06:28,218.4,.3
244,임실,2024-10-06 06:29,210.7,.5
244,임실,2024-10-06 06:30,212.2,.4
244,임실,2024-10-06 06:31,210.9,.5
244,임실,2024-10-06 06:32,207.1,.4
244,임실,2024-10-06 06:33,187.2,.4
244,임실,2024-10-06 06:34,195.4,.2
244,임실,2024-10-06 06:35,212.5,0
244,임실,2024-10-06 06:36,242.6,0
244,임실,2024-10-06 06:37,259.7,0
244,임실,2024-10-06 06:38,0,0
244,임실,2024-10-06 06:39,0,0
244,임실,2024-10-06 06:40,305.8,.2
244,임실,2024-10-06 06:41,308.8,.2
244,임실,2024-10-06 06:42,273.8,0
244,임실,2024-10-06 06:43,293.6,0
244,임실,2024-10-06 06:44,284.1,.1
244,임실,2024-10-06 06:45,266.9,.4
244,임실,2024-10-06 06:46,247.4,.3
244,임실,2024-10-06 06:47,248.2,0
244,임실,2024-10-06 06:48,0,0
244,임실,2024-10-06 06:49,0,0
244,임실,2024-10-06 06:50,0,0
244,임실,2024-10-06 06:51,0,0
244,임실,2024-10-06 06:52,0,0
244,임실,2024-10-06 06:53,0,0
244,임실,2024-10-06 06:54,0,0
244,임실,2024-10-06 06:55,192.1,0
244,임실,2024-10-06 06:56,158.5,.3
244,임실,2024-10-06 06:57,157.4,.4
244,임실,2024-10-06 06:58,169,.4
244,임실,2024-10-06 06:59,166.1,.3
244,임실,2024-10-06 07:00,194.7,.1
244,임실,2024-10-06 07:01,230.3,.1
244,임실,2024-10-06 07:02,264.5,.3
244,임실,2024-10-06 07:03,284.6,.5
244,임실,2024-10-06 07:04,339,.2
244,임실,2024-10-06 07:05,311.8,.4
244,임실,2024-10-06 07:06,312.5,.4
244,임실,2024-10-06 07:07,265,.1
244,임실,2024-10-06 07:08,324.6,0
244,임실,2024-10-06 07:09,4.4,0
244,임실,2024-10-06 07:10,345.2,0
244,임실,2024-10-06 07:11,302.1,.1
244,임실,2024-10-06 07:12,290.7,.4
244,임실,2024-10-06 07:13,288.9,.4
244,임실,2024-10-06 07:14,298.7,.3
244,임실,2024-10-06 07:15,283.1,.3
244,임실,2024-10-06 07:16,269.2,.4
244,임실,2024-10-06 07:17,301.5,.3
244,임실,2024-10-06 07:18,303.4,.1
244,임실,2024-10-06 07:19,292.7,.1
244,임실,2024-10-06 07:20,276.1,.4
244,임실,2024-10-06 07:21,271.4,.4
244,임실,2024-10-06 07:22,265.2,.4
244,임실,2024-10-06 07:23,245.8,.3
244,임실,2024-10-06 07:24,229.6,.3
244,임실,2024-10-06 07:25,224.7,.1
244,임실,2024-10-06 07:26,223.8,.2
244,임실,2024-10-06 07:27,235.4,.1
244,임실,2024-10-06 07:28,236.7,.3
244,임실,2024-10-06 07:29,236.7,.3
244,임실,2024-10-06 07:30,229.3,.1
244,임실,2024-10-06 07:31,211.4,.1
244,임실,2024-10-06 07:32,0,0
244,임실,2024-10-06 07:33,0,0
244,임실,2024-10-06 07:34,0,0
244,임실,2024-10-06 07:35,0,0
244,임실,2024-10-06 07:36,11.3,.1
244,임실,2024-10-06 07:37,314.3,0
244,임실,2024-10-06 07:38,0,0
244,임실,2024-10-06 07:39,0,0
244,임실,2024-10-06 07:40,0,0
244,임실,2024-10-06 07:41,39.8,0
244,임실,2024-10-06 07:42,42.9,.2
244,임실,2024-10-06 07:43,44.8,.5
244,임실,2024-10-06 07:44,30.6,.4
244,임실,2024-10-06 07:45,13.8,.7
244,임실,2024-10-06 07:46,346.1,.7
244,임실,2024-10-06 07:47,311.6,.4
244,임실,2024-10-06 07:48,279.1,.4
244,임실,2024-10-06 07:49,259.3,.6
244,임실,2024-10-06 07:50,275.4,.9
244,임실,2024-10-06 07:51,282,.7
244,임실,2024-10-06 07:52,260.1,.5
244,임실,2024-10-06 07:53,237.6,.3
244,임실,2024-10-06 07:54,231.4,.2
244,임실,2024-10-06 07:55,175.3,0
244,임실,2024-10-06 07:56,148.5,.3
244,임실,2024-10-06 07:57,194.4,.3
244,임실,2024-10-06 07:58,187.7,.5
244,임실,2024-10-06 07:59,211.4,.4
244,임실,2024-10-06 08:00,215.5,.2
244,임실,2024-10-06 08:01,210.3,.2
244,임실,2024-10-06 08:02,213.7,.1
244,임실,2024-10-06 08:03,0,0
244,임실,2024-10-06 08:04,0,0
244,임실,2024-10-06 08:05,258.6,0
244,임실,2024-10-06 08:06,265.3,.3
244,임실,2024-10-06 08:07,300.9,.6
244,임실,2024-10-06 08:08,331.7,.4
244,임실,2024-10-06 08:09,302.3,.3
244,임실,2024-10-06 08:10,289.5,.8
244,임실,2024-10-06 08:11,310.9,.2
244,임실,2024-10-06 08:12,325,.2
244,임실,2024-10-06 08:13,281.7,.3
244,임실,2024-10-06 08:14,255.1,.7
244,임실,2024-10-06 08:15,244.8,.5
244,임실,2024-10-06 08:16,240.5,.2
244,임실,2024-10-06 08:17,193.4,.2
244,임실,2024-10-06 08:18,189.6,.4
244,임실,2024-10-06 08:19,164.5,.5
244,임실,2024-10-06 08:20,137.5,.8
244,임실,2024-10-06 08:21,122.4,.8
244,임실,2024-10-06 08:22,108.5,.7
244,임실,2024-10-06 08:23,112.5,.6
244,임실,2024-10-06 08:24,126.9,.5
244,임실,2024-10-06 08:25,123.6,.7
244,임실,2024-10-06 08:26,89.8,.7
244,임실,2024-10-06 08:27,88.4,.4
244,임실,2024-10-06 08:28,61.2,.4
244,임실,2024-10-06 08:29,58.7,.3
244,임실,2024-10-06 08:30,69.7,.5
244,임실,2024-10-06 08:31,93.6,.6
244,임실,2024-10-06 08:32,141.3,.4
244,임실,2024-10-06 08:33,152.1,.6
244,임실,2024-10-06 08:34,154.1,.9
244,임실,2024-10-06 08:35,157.7,.7
244,임실,2024-10-06 08:36,157.3,1
244,임실,2024-10-06 08:37,105.1,1.2
244,임실,2024-10-06 08:38,78.9,.8
244,임실,2024-10-06 08:39,62.5,.8
244,임실,2024-10-06 08:40,60.2,.7
244,임실,2024-10-06 08:41,72.6,.9
244,임실,2024-10-06 08:42,69.5,.6
244,임실,2024-10-06 08:43,59.3,.6
244,임실,2024-10-06 08:44,4.6,.2
244,임실,2024-10-06 08:45,49.4,.6
244,임실,2024-10-06 08:46,66.2,.5
244,임실,2024-10-06 08:47,48.7,.3
244,임실,2024-10-06 08:48,167.2,.1
244,임실,2024-10-06 08:49,307.2,.1
244,임실,2024-10-06 08:50,355.2,0
244,임실,2024-10-06 08:51,28.7,0
244,임실,2024-10-06 08:52,96,.1
244,임실,2024-10-06 08:53,144.2,.5
244,임실,2024-10-06 08:54,148,.3
244,임실,2024-10-06 08:55,142.9,.3
244,임실,2024-10-06 08:56,136.5,.1
244,임실,2024-10-06 08:57,128.8,.1
244,임실,2024-10-06 08:58,104,.2
244,임실,2024-10-06 08:59,15.9,.1
244,임실,2024-10-06 09:00,0,0
244,임실,2024-10-06 09:01,317.9,.1
244,임실,2024-10-06 09:02,333.6,0
244,임실,2024-10-06 09:03,30.1,.1
244,임실,2024-10-06 09:04,350.3,.1
244,임실,2024-10-06 09:05,5.6,.6
244,임실,2024-10-06 09:06,7.5,.4
244,임실,2024-10-06 09:07,8.5,.7
244,임실,2024-10-06 09:08,.3,.6
244,임실,2024-10-06 09:09,25.4,.8
244,임실,2024-10-06 09:10,40.2,.7
244,임실,2024-10-06 09:11,84.7,.6
244,임실,2024-10-06 09:12,33.9,.2
244,임실,2024-10-06 09:13,19.9,.6
244,임실,2024-10-06 09:14,10.9,.6
244,임실,2024-10-06 09:15,55.2,.7
244,임실,2024-10-06 09:16,83.3,.8
244,임실,2024-10-06 09:17,78.8,1.1
244,임실,2024-10-06 09:18,33.5,.8
244,임실,2024-10-06 09:19,60.5,1.4
244,임실,2024-10-06 09:20,62.5,1.4
244,임실,2024-10-06 09:21,64.3,1
244,임실,2024-10-06 09:22,64.4,.6
244,임실,2024-10-06 09:23,67.7,.7
244,임실,2024-10-06 09:24,72.4,1.2
244,임실,2024-10-06 09:25,83.6,.8
244,임실,2024-10-06 09:26,113.6,.5
244,임실,2024-10-06 09:27,93.1,.7
244,임실,2024-10-06 09:28,88.3,.5
244,임실,2024-10-06 09:29,80,.7
244,임실,2024-10-06 09:30,79.7,.9
244,임실,2024-10-06 09:31,83.1,.5
244,임실,2024-10-06 09:32,76.8,.7
244,임실,2024-10-06 09:33,86,.9
244,임실,2024-10-06 09:34,101.1,.8
244,임실,2024-10-06 09:35,105.1,.5
244,임실,2024-10-06 09:36,88.4,.6
244,임실,2024-10-06 09:37,63.6,1.1
244,임실,2024-10-06 09:38,62.1,1
244,임실,2024-10-06 09:39,65,.9
244,임실,2024-10-06 09:40,58.6,.9
244,임실,2024-10-06 09:41,85.8,.9
244,임실,2024-10-06 09:42,89.9,.9
244,임실,2024-10-06 09:43,96.1,1
244,임실,2024-10-06 09:44,60.8,1.1
244,임실,2024-10-06 09:45,77.4,.8
244,임실,2024-10-06 09:46,74.3,.9
244,임실,2024-10-06 09:47,65.8,.7
244,임실,2024-10-06 09:48,75.2,.9
244,임실,2024-10-06 09:49,78.6,.8
244,임실,2024-10-06 09:50,54.6,.6
244,임실,2024-10-06 09:51,62.3,.4
244,임실,2024-10-06 09:52,24.9,.2
244,임실,2024-10-06 09:53,186.5,.5
244,임실,2024-10-06 09:54,191.1,.8
244,임실,2024-10-06 09:55,197.5,.7
244,임실,2024-10-06 09:56,195.6,.7
244,임실,2024-10-06 09:57,166.2,.6
244,임실,2024-10-06 09:58,128.3,.5
244,임실,2024-10-06 09:59,121.3,.5
244,임실,2024-10-06 10:00,64.2,.4
244,임실,2024-10-06 10:01,68.9,.3
244,임실,2024-10-06 10:02,118.1,.5
244,임실,2024-10-06 10:03,108,.5
244,임실,2024-10-06 10:04,80.6,1
244,임실,2024-10-06 10:05,96,.6
244,임실,2024-10-06 10:06,81.3,.5
244,임실,2024-10-06 10:07,46.1,.6
244,임실,2024-10-06 10:08,21.7,.6
244,임실,2024-10-06 10:09,31.5,.5
244,임실,2024-10-06 10:10,344.8,.1
244,임실,2024-10-06 10:11,321.2,.2
244,임실,2024-10-06 10:12,356.2,.2
244,임실,2024-10-06 10:13,63.1,.3
244,임실,2024-10-06 10:14,66.2,.5
244,임실,2024-10-06 10:15,80.3,.7
244,임실,2024-10-06 10:16,344.5,.7
244,임실,2024-10-06 10:17,358.7,.9
244,임실,2024-10-06 10:18,.1,.9
244,임실,2024-10-06 10:19,.7,.5
244,임실,2024-10-06 10:20,15.7,.2
244,임실,2024-10-06 10:21,354.3,.5
244,임실,2024-10-06 10:22,4.2,.5
244,임실,2024-10-06 10:23,52.4,.6
244,임실,2024-10-06 10:24,.2,.4
244,임실,2024-10-06 10:25,51.3,.5
244,임실,2024-10-06 10:26,70.4,.7
244,임실,2024-10-06 10:27,66.9,1.1
244,임실,2024-10-06 10:28,36.8,.9
244,임실,2024-10-06 10:29,56.1,1.1
244,임실,2024-10-06 10:30,56.4,.9
244,임실,2024-10-06 10:31,57.8,1
244,임실,2024-10-06 10:32,55.5,.7
244,임실,2024-10-06 10:33,54.2,.7
244,임실,2024-10-06 10:34,52.5,.7
244,임실,2024-10-06 10:35,112,.4
244,임실,2024-10-06 10:36,119.3,.4
244,임실,2024-10-06 10:37,355.8,.3
244,임실,2024-10-06 10:38,354.2,1
244,임실,2024-10-06 10:39,341.2,.6
244,임실,2024-10-06 10:40,1,1
244,임실,2024-10-06 10:41,358.2,.8
244,임실,2024-10-06 10:42,341.6,.6
244,임실,2024-10-06 10:43,300,.3
244,임실,2024-10-06 10:44,312.1,.4
244,임실,2024-10-06 10:45,316.8,.3
244,임실,2024-10-06 10:46,308.8,.1
244,임실,2024-10-06 10:47,332.6,.3
244,임실,2024-10-06 10:48,348.6,.3
244,임실,2024-10-06 10:49,313.8,.1
244,임실,2024-10-06 10:50,271.1,.1
244,임실,2024-10-06 10:51,213.3,.2
244,임실,2024-10-06 10:52,235.1,.5
244,임실,2024-10-06 10:53,230.5,.4
244,임실,2024-10-06 10:54,275.3,.5
244,임실,2024-10-06 10:55,257.5,.3
244,임실,2024-10-06 10:56,248.5,.6
244,임실,2024-10-06 10:57,249,.6
244,임실,2024-10-06 10:58,244.4,.8
244,임실,2024-10-06 10:59,228.7,1.5
244,임실,2024-10-06 11:00,226.8,1.2
244,임실,2024-10-06 11:01,220.3,.8
244,임실,2024-10-06 11:02,206.5,.7
244,임실,2024-10-06 11:03,203.7,.5
244,임실,2024-10-06 11:04,224.5,.5
244,임실,2024-10-06 11:05,238.1,.2
244,임실,2024-10-06 11:06,245.2,.5
244,임실,2024-10-06 11:07,260.8,.5
244,임실,2024-10-06 11:08,265.9,.5
244,임실,2024-10-06 11:09,283.8,.5
244,임실,2024-10-06 11:10,258.8,.6
244,임실,2024-10-06 11:11,274.1,.8
244,임실,2024-10-06 11:12,273.2,1.1
244,임실,2024-10-06 11:13,261.1,.9
244,임실,2024-10-06 11:14,267.4,1.1
244,임실,2024-10-06 11:15,256.2,1
244,임실,2024-10-06 11:16,258,1
244,임실,2024-10-06 11:17,259.9,.9
244,임실,2024-10-06 11:18,256.5,.7
244,임실,2024-10-06 11:19,252.7,.7
244,임실,2024-10-06 11:20,261.3,.6
244,임실,2024-10-06 11:21,262.5,.3
244,임실,2024-10-06 11:22,323.6,0
244,임실,2024-10-06 11:23,240.3,.3
244,임실,2024-10-06 11:24,236.2,.5
244,임실,2024-10-06 11:25,251.1,.6
244,임실,2024-10-06 11:26,259.6,.9
244,임실,2024-10-06 11:27,270.3,1.1
244,임실,2024-10-06 11:28,275.9,1.1
244,임실,2024-10-06 11:29,286.4,.8
244,임실,2024-10-06 11:30,285.9,1
244,임실,2024-10-06 11:31,281,1.3
244,임실,2024-10-06 11:32,288.2,1.2
244,임실,2024-10-06 11:33,274.5,1.2
244,임실,2024-10-06 11:34,257.4,.8
244,임실,2024-10-06 11:35,250.2,1
244,임실,2024-10-06 11:36,267.2,1.1
244,임실,2024-10-06 11:37,267.2,1
244,임실,2024-10-06 11:38,264.3,1.2
244,임실,2024-10-06 11:39,247.5,.7
244,임실,2024-10-06 11:40,234.3,.1
244,임실,2024-10-06 11:41,263,1.3
244,임실,2024-10-06 11:42,271.5,1.3
244,임실,2024-10-06 11:43,279.5,1.4
244,임실,2024-10-06 11:44,277,1.9
244,임실,2024-10-06 11:45,263,1.5
244,임실,2024-10-06 11:46,251.1,1.2
244,임실,2024-10-06 11:47,254.5,1.3
244,임실,2024-10-06 11:48,260.4,1.7
244,임실,2024-10-06 11:49,260.2,1
244,임실,2024-10-06 11:50,258.1,1.4
244,임실,2024-10-06 11:51,227.8,1.3
244,임실,2024-10-06 11:52,218.9,1.7
244,임실,2024-10-06 11:53,224.2,1.1
244,임실,2024-10-06 11:54,209.2,1.3
244,임실,2024-10-06 11:55,261.1,2.2
244,임실,2024-10-06 11:56,256.4,2.1
244,임실,2024-10-06 11:57,267.8,1.2
244,임실,2024-10-06 11:58,277.6,1.1
244,임실,2024-10-06 11:59,280.7,2.1
244,임실,2024-10-06 12:00,265.6,2.1
244,임실,2024-10-06 12:01,273.9,1.7
244,임실,2024-10-06 12:02,264.3,2.1
244,임실,2024-10-06 12:03,251.1,1.9
244,임실,2024-10-06 12:04,245.9,2
244,임실,2024-10-06 12:05,277.2,1.6
244,임실,2024-10-06 12:06,281.4,1.2
244,임실,2024-10-06 12:07,265.8,1.3
244,임실,2024-10-06 12:08,280.4,.9
244,임실,2024-10-06 12:09,239.5,1.3
244,임실,2024-10-06 12:10,243.2,1.4
244,임실,2024-10-06 12:11,255,1.6
244,임실,2024-10-06 12:12,289.3,1.2
244,임실,2024-10-06 12:13,274.3,1.4
244,임실,2024-10-06 12:14,280.5,2.2
244,임실,2024-10-06 12:15,283.6,1.7
244,임실,2024-10-06 12:16,288.1,1.8
244,임실,2024-10-06 12:17,277.4,2
244,임실,2024-10-06 12:18,296.6,1.7
244,임실,2024-10-06 12:19,275.3,1.8
244,임실,2024-10-06 12:20,288.3,1.6
244,임실,2024-10-06 12:21,274.6,1.8
244,임실,2024-10-06 12:22,293.1,1.8
244,임실,2024-10-06 12:23,280.6,1.2
244,임실,2024-10-06 12:24,280.9,1.3
244,임실,2024-10-06 12:25,293.3,.9
244,임실,2024-10-06 12:26,266.7,1.9
244,임실,2024-10-06 12:27,267.7,1.9
244,임실,2024-10-06 12:28,265.7,1.3
244,임실,2024-10-06 12:29,301.2,1
244,임실,2024-10-06 12:30,300.2,.5
244,임실,2024-10-06 12:31,297.1,.9
244,임실,2024-10-06 12:32,280.5,1.4
244,임실,2024-10-06 12:33,261.5,2.1
244,임실,2024-10-06 12:34,272.6,2.2
244,임실,2024-10-06 12:35,275.5,2
244,임실,2024-10-06 12:36,288.2,1.4
244,임실,2024-10-06 12:37,258.5,1.7
244,임실,2024-10-06 12:38,269.7,2.1
244,임실,2024-10-06 12:39,262.9,2.3
244,임실,2024-10-06 12:40,271.7,1.9
244,임실,2024-10-06 12:41,277.4,2.1
244,임실,2024-10-06 12:42,276.9,1.9
244,임실,2024-10-06 12:43,281.8,2.7
244,임실,2024-10-06 12:44,273.6,1.3
244,임실,2024-10-06 12:45,300.1,1
244,임실,2024-10-06 12:46,285.9,1.3
244,임실,2024-10-06 12:47,261.8,1.3
244,임실,2024-10-06 12:48,267,2.1
244,임실,2024-10-06 12:49,268,2
244,임실,2024-10-06 12:50,268,2.2
244,임실,2024-10-06 12:51,275.3,1.7
244,임실,2024-10-06 12:52,288,1.2
244,임실,2024-10-06 12:53,320.8,.6
244,임실,2024-10-06 12:54,281.3,.2
244,임실,2024-10-06 12:55,287.3,.4
244,임실,2024-10-06 12:56,271.2,.6
244,임실,2024-10-06 12:57,274.9,.3
244,임실,2024-10-06 12:58,283.3,.1
244,임실,2024-10-06 12:59,0,0
244,임실,2024-10-06 13:00,0,0
244,임실,2024-10-06 13:01,111.6,0
244,임실,2024-10-06 13:02,138.9,.9
244,임실,2024-10-06 13:03,138.8,1.1
244,임실,2024-10-06 13:04,136.6,1.1
244,임실,2024-10-06 13:05,136.4,1.2
244,임실,2024-10-06 13:06,125.4,1.1
244,임실,2024-10-06 13:07,127.4,.9
244,임실,2024-10-06 13:08,124,.8
244,임실,2024-10-06 13:09,107.1,1.4
244,임실,2024-10-06 13:10,90,1.6
244,임실,2024-10-06 13:11,83.3,1.6
244,임실,2024-10-06 13:12,93.8,1.8
244,임실,2024-10-06 13:13,105.3,2
244,임실,2024-10-06 13:14,95.9,1.8
244,임실,2024-10-06 13:15,108.9,1.5
244,임실,2024-10-06 13:16,80.6,1.4
244,임실,2024-10-06 13:17,86.8,1.7
244,임실,2024-10-06 13:18,95.5,1.8
244,임실,2024-10-06 13:19,66.8,1.5
244,임실,2024-10-06 13:20,68.7,1.5
244,임실,2024-10-06 13:21,76.3,1.1
244,임실,2024-10-06 13:22,64.3,1.2
244,임실,2024-10-06 13:23,50.2,1.7
244,임실,2024-10-06 13:24,31.3,1.2
244,임실,2024-10-06 13:25,33.7,1
244,임실,2024-10-06 13:26,312.7,.4
244,임실,2024-10-06 13:27,282.7,.5
244,임실,2024-10-06 13:28,288.5,1
244,임실,2024-10-06 13:29,293.8,1.2
244,임실,2024-10-06 13:30,309,1.1
244,임실,2024-10-06 13:31,305.8,1
244,임실,2024-10-06 13:32,313.2,.8
244,임실,2024-10-06 13:33,307.5,.8
244,임실,2024-10-06 13:34,303.6,.6
244,임실,2024-10-06 13:35,304,.5
244,임실,2024-10-06 13:36,295.5,.7
244,임실,2024-10-06 13:37,293.7,1
244,임실,2024-10-06 13:38,304.3,.6
244,임실,2024-10-06 13:39,318.1,.5
244,임실,2024-10-06 13:40,315.8,.6
244,임실,2024-10-06 13:41,300.4,.8
244,임실,2024-10-06 13:42,302.5,1
244,임실,2024-10-06 13:43,307.3,.8
244,임실,2024-10-06 13:44,309.9,.9
244,임실,2024-10-06 13:45,293,.8
244,임실,2024-10-06 13:46,283,.8
244,임실,2024-10-06 13:47,293.6,.6
244,임실,2024-10-06 13:48,294.2,.5
244,임실,2024-10-06 13:49,300.8,1.1
244,임실,2024-10-06 13:50,282,.5
244,임실,2024-10-06 13:51,307.4,.7
244,임실,2024-10-06 13:52,306.6,.7
244,임실,2024-10-06 13:53,300.7,.7
244,임실,2024-10-06 13:54,287.1,.8
244,임실,2024-10-06 13:55,287.9,.9
244,임실,2024-10-06 13:56,264.4,1.1
244,임실,2024-10-06 13:57,264.8,1.1
244,임실,2024-10-06 13:58,269,1
244,임실,2024-10-06 13:59,267.4,1.7
244,임실,2024-10-06 14:00,272.9,1.4
244,임실,2024-10-06 14:01,249.2,1.6
244,임실,2024-10-06 14:02,236.1,1.3
244,임실,2024-10-06 14:03,232.4,.8
244,임실,2024-10-06 14:04,226.4,1.3
244,임실,2024-10-06 14:05,200.4,1.1
244,임실,2024-10-06 14:06,201.5,1.3
244,임실,2024-10-06 14:07,203.4,1.3
244,임실,2024-10-06 14:08,211.9,.9
244,임실,2024-10-06 14:09,227.4,1
244,임실,2024-10-06 14:10,223.6,1
244,임실,2024-10-06 14:11,220.1,1.2
244,임실,2024-10-06 14:12,234.3,1.6
244,임실,2024-10-06 14:13,216.9,1.5
244,임실,2024-10-06 14:14,209.9,1.7
244,임실,2024-10-06 14:15,207.1,1.6
244,임실,2024-10-06 14:16,224.7,1.3
244,임실,2024-10-06 14:17,223.5,1.3
244,임실,2024-10-06 14:18,221.9,1.9
244,임실,2024-10-06 14:19,228.7,1.7
244,임실,2024-10-06 14:20,224.1,1.2
244,임실,2024-10-06 14:21,222,1.3
244,임실,2024-10-06 14:22,227.3,1.2
244,임실,2024-10-06 14:23,217.8,1
244,임실,2024-10-06 14:24,219.5,1.4
244,임실,2024-10-06 14:25,205.1,1.3
244,임실,2024-10-06 14:26,209.4,1.4
244,임실,2024-10-06 14:27,201.8,1.3
244,임실,2024-10-06 14:28,219.3,1.5
244,임실,2024-10-06 14:29,212.3,1
244,임실,2024-10-06 14:30,204.9,.8
244,임실,2024-10-06 14:31,199,.2
244,임실,2024-10-06 14:32,177.8,.2
244,임실,2024-10-06 14:33,193,.4
244,임실,2024-10-06 14:34,189.7,.7
244,임실,2024-10-06 14:35,180.5,.9
244,임실,2024-10-06 14:36,181.5,1
244,임실,2024-10-06 14:37,202,.6
244,임실,2024-10-06 14:38,201.7,.5
244,임실,2024-10-06 14:39,221.3,.5
244,임실,2024-10-06 14:40,223.6,.6
244,임실,2024-10-06 14:41,218.9,.4
244,임실,2024-10-06 14:42,232.8,.5
244,임실,2024-10-06 14:43,241.5,1
244,임실,2024-10-06 14:44,256.3,1.3
244,임실,2024-10-06 14:45,258,1.7
244,임실,2024-10-06 14:46,261.5,1.6
244,임실,2024-10-06 14:47,248.7,1.3
244,임실,2024-10-06 14:48,262.7,1.6
244,임실,2024-10-06 14:49,260.9,1.9
244,임실,2024-10-06 14:50,265.7,1.9
244,임실,2024-10-06 14:51,271.3,1.8
244,임실,2024-10-06 14:52,260.7,1.4
244,임실,2024-10-06 14:53,233,.9
244,임실,2024-10-06 14:54,217.6,1
244,임실,2024-10-06 14:55,226.2,1
244,임실,2024-10-06 14:56,239.7,1
244,임실,2024-10-06 14:57,247.2,.6
244,임실,2024-10-06 14:58,255.7,.1
244,임실,2024-10-06 14:59,220.4,.7
244,임실,2024-10-06 15:00,207,.9
244,임실,2024-10-06 15:01,216.6,.6
244,임실,2024-10-06 15:02,233.8,.5
244,임실,2024-10-06 15:03,256.2,.7
244,임실,2024-10-06 15:04,274.1,.8
244,임실,2024-10-06 15:05,277.8,.4
244,임실,2024-10-06 15:06,251.1,.4
244,임실,2024-10-06 15:07,251.3,.4
244,임실,2024-10-06 15:08,250.9,.2
244,임실,2024-10-06 15:09,239.9,.6
244,임실,2024-10-06 15:10,234.7,.8
244,임실,2024-10-06 15:11,248.9,.7
244,임실,2024-10-06 15:12,255.4,.6
244,임실,2024-10-06 15:13,265.5,.8
244,임실,2024-10-06 15:14,267.3,.7
244,임실,2024-10-06 15:15,307.5,.4
244,임실,2024-10-06 15:16,293.8,.4
244,임실,2024-10-06 15:17,291.9,.5
244,임실,2024-10-06 15:18,292.3,.6
244,임실,2024-10-06 15:19,260.4,1
244,임실,2024-10-06 15:20,259.9,.8
244,임실,2024-10-06 15:21,244.1,.8
244,임실,2024-10-06 15:22,242.9,.9
244,임실,2024-10-06 15:23,248.2,1.1
244,임실,2024-10-06 15:24,255.5,1
244,임실,2024-10-06 15:25,257.7,.8
244,임실,2024-10-06 15:26,251.4,.5
244,임실,2024-10-06 15:27,282.8,.3
244,임실,2024-10-06 15:28,307.3,0
244,임실,2024-10-06 15:29,316.6,.1
244,임실,2024-10-06 15:30,305,.4
244,임실,2024-10-06 15:31,290.1,.5
244,임실,2024-10-06 15:32,280.1,.7
244,임실,2024-10-06 15:33,267.3,.8
244,임실,2024-10-06 15:34,278.3,.3
244,임실,2024-10-06 15:35,271.5,.7
244,임실,2024-10-06 15:36,269.1,.9
244,임실,2024-10-06 15:37,264.5,1.1
244,임실,2024-10-06 15:38,277.4,1
244,임실,2024-10-06 15:39,279.8,1.1
244,임실,2024-10-06 15:40,265.9,1.1
244,임실,2024-10-06 15:41,287.3,.9
244,임실,2024-10-06 15:42,285.7,1
244,임실,2024-10-06 15:43,281.5,1.1
244,임실,2024-10-06 15:44,304.6,.7
244,임실,2024-10-06 15:45,316.5,.9
244,임실,2024-10-06 15:46,318.2,.9
244,임실,2024-10-06 15:47,322.4,.8
244,임실,2024-10-06 15:48,331.8,.4
244,임실,2024-10-06 15:49,10.5,.1
244,임실,2024-10-06 15:50,0,0
244,임실,2024-10-06 15:51,312.7,.2
244,임실,2024-10-06 15:52,311.2,.5
244,임실,2024-10-06 15:53,312.2,.5
244,임실,2024-10-06 15:54,312.5,.6
244,임실,2024-10-06 15:55,325.1,.7
244,임실,2024-10-06 15:56,301.9,.5
244,임실,2024-10-06 15:57,296.2,.7
244,임실,2024-10-06 15:58,303.5,.5
244,임실,2024-10-06 15:59,305.6,.6
244,임실,2024-10-06 16:00,309.1,.3
244,임실,2024-10-06 16:01,294.2,.3
244,임실,2024-10-06 16:02,324.2,.1
244,임실,2024-10-06 16:03,337.7,.2
244,임실,2024-10-06 16:04,257,.9
244,임실,2024-10-06 16:05,234.4,.5
244,임실,2024-10-06 16:06,266.6,.7
244,임실,2024-10-06 16:07,264.2,.4
244,임실,2024-10-06 16:08,313.3,.3
244,임실,2024-10-06 16:09,316.7,.2
244,임실,2024-10-06 16:10,296.9,.3
244,임실,2024-10-06 16:11,300,.2
244,임실,2024-10-06 16:12,288.9,.3
244,임실,2024-10-06 16:13,275.3,.6
244,임실,2024-10-06 16:14,262,.4
244,임실,2024-10-06 16:15,254.4,.4
244,임실,2024-10-06 16:16,220.8,.6
244,임실,2024-10-06 16:17,191.1,.8
244,임실,2024-10-06 16:18,197.8,.9
244,임실,2024-10-06 16:19,205.5,1.1
244,임실,2024-10-06 16:20,217.2,.9
244,임실,2024-10-06 16:21,232.2,1.2
244,임실,2024-10-06 16:22,252.8,1.1
244,임실,2024-10-06 16:23,247.4,.8
244,임실,2024-10-06 16:24,234.4,.8
244,임실,2024-10-06 16:25,238,.7
244,임실,2024-10-06 16:26,238.6,.8
244,임실,2024-10-06 16:27,244.1,1.2
244,임실,2024-10-06 16:28,265.2,1
244,임실,2024-10-06 16:29,259,1.4
244,임실,2024-10-06 16:30,258.2,1
244,임실,2024-10-06 16:31,235.5,1.1
244,임실,2024-10-06 16:32,217.8,1.2
244,임실,2024-10-06 16:33,216.8,1.2
244,임실,2024-10-06 16:34,237.7,.9
244,임실,2024-10-06 16:35,226.3,1.1
244,임실,2024-10-06 16:36,219.5,.9
244,임실,2024-10-06 16:37,219.1,1.4
244,임실,2024-10-06 16:38,214.6,1.4
244,임실,2024-10-06 16:39,241.2,1.2
244,임실,2024-10-06 16:40,227.8,1.4
244,임실,2024-10-06 16:41,225.3,1.5
244,임실,2024-10-06 16:42,223.5,1.4
244,임실,2024-10-06 16:43,217.7,1.7
244,임실,2024-10-06 16:44,228,1.3
244,임실,2024-10-06 16:45,214.6,1.1
244,임실,2024-10-06 16:46,198.9,1.1
244,임실,2024-10-06 16:47,200.3,1.2
244,임실,2024-10-06 16:48,200,1
244,임실,2024-10-06 16:49,189.5,1.3
244,임실,2024-10-06 16:50,193.3,.8
244,임실,2024-10-06 16:51,204.7,.5
244,임실,2024-10-06 16:52,232,.2
244,임실,2024-10-06 16:53,175.5,.4
244,임실,2024-10-06 16:54,165.1,.2
244,임실,2024-10-06 16:55,174.8,.3
244,임실,2024-10-06 16:56,186.6,.3
244,임실,2024-10-06 16:57,139,.4
244,임실,2024-10-06 16:58,137.6,.1
244,임실,2024-10-06 16:59,121.5,.2
244,임실,2024-10-06 17:00,123,.1
244,임실,2024-10-06 17:01,168.1,.2
244,임실,2024-10-06 17:02,194.9,.1
244,임실,2024-10-06 17:03,235.5,.3
244,임실,2024-10-06 17:04,229.4,.3
244,임실,2024-10-06 17:05,217.8,.1
244,임실,2024-10-06 17:06,268.7,.1
244,임실,2024-10-06 17:07,257.1,0
244,임실,2024-10-06 17:08,248.9,.3
244,임실,2024-10-06 17:09,278.5,.3
244,임실,2024-10-06 17:10,270.3,1
244,임실,2024-10-06 17:11,269.9,1.1
244,임실,2024-10-06 17:12,270.2,1.1
244,임실,2024-10-06 17:13,290.1,.9
244,임실,2024-10-06 17:14,305.2,.8
244,임실,2024-10-06 17:15,314.9,.5
244,임실,2024-10-06 17:16,296,.5
244,임실,2024-10-06 17:17,309.7,.4
244,임실,2024-10-06 17:18,325.2,.5
244,임실,2024-10-06 17:19,295.8,.2
244,임실,2024-10-06 17:20,312,.3
244,임실,2024-10-06 17:21,291.2,.4
244,임실,2024-10-06 17:22,297.6,.2
244,임실,2024-10-06 17:23,293.8,.5
244,임실,2024-10-06 17:24,280.7,.3
244,임실,2024-10-06 17:25,282.3,.7
244,임실,2024-10-06 17:26,271.7,.4
244,임실,2024-10-06 17:27,273.9,.5
244,임실,2024-10-06 17:28,328.2,.4
244,임실,2024-10-06 17:29,327.6,0
244,임실,2024-10-06 17:30,310.2,.1
244,임실,2024-10-06 17:31,298.4,.2
244,임실,2024-10-06 17:32,277.1,.9
244,임실,2024-10-06 17:33,302.7,1.1
244,임실,2024-10-06 17:34,306.4,.7
244,임실,2024-10-06 17:35,296.8,.3
244,임실,2024-10-06 17:36,247.6,.6
244,임실,2024-10-06 17:37,262.9,.6
244,임실,2024-10-06 17:38,278.6,.5
244,임실,2024-10-06 17:39,266.1,.3
244,임실,2024-10-06 17:40,211.3,.1
244,임실,2024-10-06 17:41,171.2,.5
244,임실,2024-10-06 17:42,184.5,.7
244,임실,2024-10-06 17:43,180.2,.6
244,임실,2024-10-06 17:44,191.3,.6
244,임실,2024-10-06 17:45,215.4,.6
244,임실,2024-10-06 17:46,216.5,.5
244,임실,2024-10-06 17:47,193.8,.5
244,임실,2024-10-06 17:48,208.6,.8
244,임실,2024-10-06 17:49,209.4,1
244,임실,2024-10-06 17:50,211.1,1.1
244,임실,2024-10-06 17:51,212.1,.8
244,임실,2024-10-06 17:52,214.1,.7
244,임실,2024-10-06 17:53,209,.7
244,임실,2024-10-06 17:54,209.5,.6
244,임실,2024-10-06 17:55,235.5,.5
244,임실,2024-10-06 17:56,234.2,.5
244,임실,2024-10-06 17:57,256.2,.7
244,임실,2024-10-06 17:58,267.9,.8
244,임실,2024-10-06 17:59,271.4,.8
244,임실,2024-10-06 18:00,281.3,.5
244,임실,2024-10-06 18:01,305.1,.4
244,임실,2024-10-06 18:02,293.7,.2
244,임실,2024-10-06 18:03,275.1,.5
244,임실,2024-10-06 18:04,254.8,.8
244,임실,2024-10-06 18:05,260.6,.8
244,임실,2024-10-06 18:06,271.5,.7
244,임실,2024-10-06 18:07,256.6,.4
244,임실,2024-10-06 18:08,257.5,.6
244,임실,2024-10-06 18:09,250,.8
244,임실,2024-10-06 18:10,243.2,.9
244,임실,2024-10-06 18:11,255.4,.8
244,임실,2024-10-06 18:12,256.2,.5
244,임실,2024-10-06 18:13,256.6,.6
244,임실,2024-10-06 18:14,260.5,.6
244,임실,2024-10-06 18:15,265,.5
244,임실,2024-10-06 18:16,288.3,.5
244,임실,2024-10-06 18:17,280.8,.8
244,임실,2024-10-06 18:18,273.9,1.2
244,임실,2024-10-06 18:19,268.2,1.3
244,임실,2024-10-06 18:20,274.7,1.1
244,임실,2024-10-06 18:21,291.1,.5
244,임실,2024-10-06 18:22,316.3,.3
244,임실,2024-10-06 18:23,274.6,.6
244,임실,2024-10-06 18:24,280.7,1
244,임실,2024-10-06 18:25,280.1,1
244,임실,2024-10-06 18:26,271,.8
244,임실,2024-10-06 18:27,269.5,1.1
244,임실,2024-10-06 18:28,279.8,.9
244,임실,2024-10-06 18:29,291.1,.5
244,임실,2024-10-06 18:30,286.2,.8
244,임실,2024-10-06 18:31,287,1.3
244,임실,2024-10-06 18:32,276.7,1.4
244,임실,2024-10-06 18:33,271.2,1.4
244,임실,2024-10-06 18:34,272.3,1.4
244,임실,2024-10-06 18:35,278,.8
244,임실,2024-10-06 18:36,288.9,.5
244,임실,2024-10-06 18:37,177.8,.1
244,임실,2024-10-06 18:38,128,.1
244,임실,2024-10-06 18:39,162.6,.5
244,임실,2024-10-06 18:40,195.2,.4
244,임실,2024-10-06 18:41,231.2,.4
244,임실,2024-10-06 18:42,237.4,.6
244,임실,2024-10-06 18:43,245.8,.7
244,임실,2024-10-06 18:44,256.3,.7
244,임실,2024-10-06 18:45,266.3,1.2
244,임실,2024-10-06 18:46,263.6,1.4
244,임실,2024-10-06 18:47,261.2,1.2
244,임실,2024-10-06 18:48,261.6,1.1
244,임실,2024-10-06 18:49,259.5,1
244,임실,2024-10-06 18:50,266.2,.9
244,임실,2024-10-06 18:51,269.9,1.1
244,임실,2024-10-06 18:52,269,1
244,임실,2024-10-06 18:53,282,.9
244,임실,2024-10-06 18:54,303.8,.5
244,임실,2024-10-06 18:55,274.5,1.2
244,임실,2024-10-06 18:56,274,1
244,임실,2024-10-06 18:57,272.1,.9
244,임실,2024-10-06 18:58,237.4,.5
244,임실,2024-10-06 18:59,258.8,.6
244,임실,2024-10-06 19:00,257.2,.8
244,임실,2024-10-06 19:01,221.1,.4
244,임실,2024-10-06 19:02,233.3,.1
244,임실,2024-10-06 19:03,185.8,.2
244,임실,2024-10-06 19:04,176.2,.7
244,임실,2024-10-06 19:05,180.3,.7
244,임실,2024-10-06 19:06,164.2,.6
244,임실,2024-10-06 19:07,169.4,.6
244,임실,2024-10-06 19:08,176.7,.5
244,임실,2024-10-06 19:09,135.2,.1
244,임실,2024-10-06 19:10,240.5,0
244,임실,2024-10-06 19:11,0,0
244,임실,2024-10-06 19:12,199.5,0
244,임실,2024-10-06 19:13,215.2,.1
244,임실,2024-10-06 19:14,201,0
244,임실,2024-10-06 19:15,178.5,0
244,임실,2024-10-06 19:16,194.4,0
244,임실,2024-10-06 19:17,0,0
244,임실,2024-10-06 19:18,0,0
244,임실,2024-10-06 19:19,276.1,0
244,임실,2024-10-06 19:20,288.9,0
244,임실,2024-10-06 19:21,310.8,0
244,임실,2024-10-06 19:22,305.6,0
244,임실,2024-10-06 19:23,0,0
244,임실,2024-10-06 19:24,181.1,0
244,임실,2024-10-06 19:25,114.4,.4
244,임실,2024-10-06 19:26,110.5,.3
244,임실,2024-10-06 19:27,57.4,.3
244,임실,2024-10-06 19:28,31.5,0
244,임실,2024-10-06 19:29,65.8,.2
244,임실,2024-10-06 19:30,345.9,.4
244,임실,2024-10-06 19:31,305.3,.6
244,임실,2024-10-06 19:32,306.6,.5
244,임실,2024-10-06 19:33,298.6,.6
244,임실,2024-10-06 19:34,291,.6
244,임실,2024-10-06 19:35,285.7,1
244,임실,2024-10-06 19:36,298,.6
244,임실,2024-10-06 19:37,299.4,.3
244,임실,2024-10-06 19:38,304.9,.4
244,임실,2024-10-06 19:39,317,.1
244,임실,2024-10-06 19:40,0,0
244,임실,2024-10-06 19:41,310.9,0
244,임실,2024-10-06 19:42,301.1,.1
244,임실,2024-10-06 19:43,296.4,.2
244,임실,2024-10-06 19:44,281.4,.7
244,임실,2024-10-06 19:45,280.8,.5
244,임실,2024-10-06 19:46,285.5,.3
244,임실,2024-10-06 19:47,333.1,.2
244,임실,2024-10-06 19:48,0,0
244,임실,2024-10-06 19:49,0,0
244,임실,2024-10-06 19:50,265.3,0
244,임실,2024-10-06 19:51,205.4,0
244,임실,2024-10-06 19:52,0,0
244,임실,2024-10-06 19:53,166.4,0
244,임실,2024-10-06 19:54,211.4,.1
244,임실,2024-10-06 19:55,224.4,.1
244,임실,2024-10-06 19:56,241.8,0
244,임실,2024-10-06 19:57,274,0
244,임실,2024-10-06 19:58,293.1,0
244,임실,2024-10-06 19:59,290.8,0
244,임실,2024-10-06 20:00,274.2,.3
244,임실,2024-10-06 20:01,280.6,.2
244,임실,2024-10-06 20:02,250.9,0
244,임실,2024-10-06 20:03,231,0
244,임실,2024-10-06 20:04,231.8,0
244,임실,2024-10-06 20:05,237.3,0
244,임실,2024-10-06 20:06,212.5,.4
244,임실,2024-10-06 20:07,208.2,.5
244,임실,2024-10-06 20:08,205.4,.4
244,임실,2024-10-06 20:09,204,.5
244,임실,2024-10-06 20:10,205.8,.5
244,임실,2024-10-06 20:11,201.8,.3
244,임실,2024-10-06 20:12,189.6,.3
244,임실,2024-10-06 20:13,178.3,.2
244,임실,2024-10-06 20:14,188.7,.2
244,임실,2024-10-06 20:15,175.9,.1
244,임실,2024-10-06 20:16,180.1,0
244,임실,2024-10-06 20:17,192.7,0
244,임실,2024-10-06 20:18,0,0
244,임실,2024-10-06 20:19,234.8,0
244,임실,2024-10-06 20:20,255.9,.1
244,임실,2024-10-06 20:21,248.3,.1
244,임실,2024-10-06 20:22,241.7,.2
244,임실,2024-10-06 20:23,231.5,.2
244,임실,2024-10-06 20:24,223.9,.4
244,임실,2024-10-06 20:25,217.4,.5
244,임실,2024-10-06 20:26,212.5,.5
244,임실,2024-10-06 20:27,190.4,.3
244,임실,2024-10-06 20:28,199.3,.3
244,임실,2024-10-06 20:29,174.6,.4
244,임실,2024-10-06 20:30,136.7,.3
244,임실,2024-10-06 20:31,135.4,.3
244,임실,2024-10-06 20:32,145,.3
244,임실,2024-10-06 20:33,141,.1
244,임실,2024-10-06 20:34,0,0
244,임실,2024-10-06 20:35,198.9,0
244,임실,2024-10-06 20:36,207,.1
244,임실,2024-10-06 20:37,202,.1
244,임실,2024-10-06 20:38,182.3,.1
244,임실,2024-10-06 20:39,181.2,.2
244,임실,2024-10-06 20:40,212.9,.1
244,임실,2024-10-06 20:41,251.1,0
244,임실,2024-10-06 20:42,277.5,.2
244,임실,2024-10-06 20:43,278.9,.5
244,임실,2024-10-06 20:44,279.8,.9
244,임실,2024-10-06 20:45,277.6,.8
244,임실,2024-10-06 20:46,278.6,1.1
244,임실,2024-10-06 20:47,274.4,1.1
244,임실,2024-10-06 20:48,263.4,1
244,임실,2024-10-06 20:49,266.6,1.2
244,임실,2024-10-06 20:50,261.3,1.3
244,임실,2024-10-06 20:51,263.2,1.3
244,임실,2024-10-06 20:52,231.8,.7
244,임실,2024-10-06 20:53,229.5,1.1
244,임실,2024-10-06 20:54,221.3,1.1
244,임실,2024-10-06 20:55,222.1,1.2
244,임실,2024-10-06 20:56,224.8,1.2
244,임실,2024-10-06 20:57,230.2,.9
244,임실,2024-10-06 20:58,229.4,.8
244,임실,2024-10-06 20:59,234,.6
244,임실,2024-10-06 21:00,247.3,.3
244,임실,2024-10-06 21:01,271.5,.4
244,임실,2024-10-06 21:02,291.4,.3
244,임실,2024-10-06 21:03,290.5,.3
244,임실,2024-10-06 21:04,282.5,.6
244,임실,2024-10-06 21:05,282.1,1
244,임실,2024-10-06 21:06,290.4,.8
244,임실,2024-10-06 21:07,266.5,.6
244,임실,2024-10-06 21:08,231.5,.3
244,임실,2024-10-06 21:09,190.4,.2
244,임실,2024-10-06 21:10,186,.9
244,임실,2024-10-06 21:11,178.9,.5
244,임실,2024-10-06 21:12,168.8,.5
244,임실,2024-10-06 21:13,138.6,.5
244,임실,2024-10-06 21:14,139.6,.5
244,임실,2024-10-06 21:15,131,.3
244,임실,2024-10-06 21:16,88.7,0
244,임실,2024-10-06 21:17,7.9,0
244,임실,2024-10-06 21:18,302.5,0
244,임실,2024-10-06 21:19,281.6,0
244,임실,2024-10-06 21:20,280.5,0
244,임실,2024-10-06 21:21,0,0
244,임실,2024-10-06 21:22,0,0
244,임실,2024-10-06 21:23,0,0
244,임실,2024-10-06 21:24,0,0
244,임실,2024-10-06 21:25,298.4,.1
244,임실,2024-10-06 21:26,303,.1
244,임실,2024-10-06 21:27,288.5,.1
244,임실,2024-10-06 21:28,285.1,.3
244,임실,2024-10-06 21:29,305.1,.1
244,임실,2024-10-06 21:30,302.8,.2
244,임실,2024-10-06 21:31,308.5,.4
244,임실,2024-10-06 21:32,309.5,.3
244,임실,2024-10-06 21:33,311.4,.3
244,임실,2024-10-06 21:34,317.9,0
244,임실,2024-10-06 21:35,340.6,.1
244,임실,2024-10-06 21:36,349.2,.1
244,임실,2024-10-06 21:37,345.4,.2
244,임실,2024-10-06 21:38,348.5,0
244,임실,2024-10-06 21:39,259.8,0
244,임실,2024-10-06 21:40,168.9,0
244,임실,2024-10-06 21:41,284.9,.2
244,임실,2024-10-06 21:42,284,.5
244,임실,2024-10-06 21:43,286.8,.7
244,임실,2024-10-06 21:44,283.3,.7
244,임실,2024-10-06 21:45,271.1,.6
244,임실,2024-10-06 21:46,269.8,.3
244,임실,2024-10-06 21:47,277.4,.4
244,임실,2024-10-06 21:48,265.6,.2
244,임실,2024-10-06 21:49,274.2,.1
244,임실,2024-10-06 21:50,292.1,.4
244,임실,2024-10-06 21:51,298,.5
244,임실,2024-10-06 21:52,298,.3
244,임실,2024-10-06 21:53,283.8,.3
244,임실,2024-10-06 21:54,300.3,.3
244,임실,2024-10-06 21:55,296.3,.2
244,임실,2024-10-06 21:56,311.2,0
244,임실,2024-10-06 21:57,311,0
244,임실,2024-10-06 21:58,313,.1
244,임실,2024-10-06 21:59,307.1,.2
244,임실,2024-10-06 22:00,287.3,.2
244,임실,2024-10-06 22:01,274.1,.5
244,임실,2024-10-06 22:02,249.8,.6
244,임실,2024-10-06 22:03,235.7,.8
244,임실,2024-10-06 22:04,216.5,1.1
244,임실,2024-10-06 22:05,212.7,1.4
244,임실,2024-10-06 22:06,211.6,1
244,임실,2024-10-06 22:07,214,.8
244,임실,2024-10-06 22:08,198.5,.5
244,임실,2024-10-06 22:09,180.1,.6
244,임실,2024-10-06 22:10,164.4,.7
244,임실,2024-10-06 22:11,149.6,.8
244,임실,2024-10-06 22:12,153.8,.9
244,임실,2024-10-06 22:13,151.2,.6
244,임실,2024-10-06 22:14,143.7,.5
244,임실,2024-10-06 22:15,114.3,.1
244,임실,2024-10-06 22:16,113.5,.1
244,임실,2024-10-06 22:17,96.6,0
244,임실,2024-10-06 22:18,66.1,0
244,임실,2024-10-06 22:19,72.8,0
244,임실,2024-10-06 22:20,0,0
244,임실,2024-10-06 22:21,0,0
244,임실,2024-10-06 22:22,0,0
244,임실,2024-10-06 22:23,218.7,.1
244,임실,2024-10-06 22:24,198.7,.1
244,임실,2024-10-06 22:25,170.4,.2
244,임실,2024-10-06 22:26,187.9,.1
244,임실,2024-10-06 22:27,232.9,0
244,임실,2024-10-06 22:28,261.9,.1
244,임실,2024-10-06 22:29,280.5,.4
244,임실,2024-10-06 22:30,257.7,.4
244,임실,2024-10-06 22:31,270.5,.5
244,임실,2024-10-06 22:32,281.2,.9
244,임실,2024-10-06 22:33,283,1.2
244,임실,2024-10-06 22:34,270.3,1.1
244,임실,2024-10-06 22:35,285.7,1.1
244,임실,2024-10-06 22:36,296.3,.6
244,임실,2024-10-06 22:37,293.7,.7
244,임실,2024-10-06 22:38,293.7,.9
244,임실,2024-10-06 22:39,294.5,.5
244,임실,2024-10-06 22:40,277.6,.6
244,임실,2024-10-06 22:41,285.4,.4
244,임실,2024-10-06 22:42,281.6,.4
244,임실,2024-10-06 22:43,260,.4
244,임실,2024-10-06 22:44,234.9,.7
244,임실,2024-10-06 22:45,260.4,.9
244,임실,2024-10-06 22:46,248.6,.6
244,임실,2024-10-06 22:47,241.6,.3
244,임실,2024-10-06 22:48,216,.4
244,임실,2024-10-06 22:49,222.3,.4
244,임실,2024-10-06 22:50,241.2,.3
244,임실,2024-10-06 22:51,238.4,.5
244,임실,2024-10-06 22:52,224,.5
244,임실,2024-10-06 22:53,210.8,.4
244,임실,2024-10-06 22:54,203.5,.1
244,임실,2024-10-06 22:55,210.7,.3
244,임실,2024-10-06 22:56,214.5,.6
244,임실,2024-10-06 22:57,221.8,.5
244,임실,2024-10-06 22:58,217,.4
244,임실,2024-10-06 22:59,157.4,0
244,임실,2024-10-06 23:00,138.1,.2
244,임실,2024-10-06 23:01,140.6,.3
244,임실,2024-10-06 23:02,137.8,.2
244,임실,2024-10-06 23:03,135.7,.1
244,임실,2024-10-06 23:04,0,0
244,임실,2024-10-06 23:05,140.9,0
244,임실,2024-10-06 23:06,151.9,.1
244,임실,2024-10-06 23:07,166.1,.1
244,임실,2024-10-06 23:08,176.6,.1
244,임실,2024-10-06 23:09,183.2,.2
244,임실,2024-10-06 23:10,180.8,.2
244,임실,2024-10-06 23:11,208.8,.2
244,임실,2024-10-06 23:12,233,.1
244,임실,2024-10-06 23:13,236,.2
244,임실,2024-10-06 23:14,239.4,.1
244,임실,2024-10-06 23:15,242.8,.2
244,임실,2024-10-06 23:16,257.3,.3
244,임실,2024-10-06 23:17,254,.3
244,임실,2024-10-06 23:18,270.2,.7
244,임실,2024-10-06 23:19,283.2,1
244,임실,2024-10-06 23:20,279.4,.9
244,임실,2024-10-06 23:21,281.8,.4
244,임실,2024-10-06 23:22,284.5,.8
244,임실,2024-10-06 23:23,314.1,.4
244,임실,2024-10-06 23:24,293.5,.7
244,임실,2024-10-06 23:25,306.9,.4
244,임실,2024-10-06 23:26,300.4,.1
244,임실,2024-10-06 23:27,278.8,0
244,임실,2024-10-06 23:28,205.4,.1
244,임실,2024-10-06 23:29,240.5,.1
244,임실,2024-10-06 23:30,224.1,.2
244,임실,2024-10-06 23:31,236.6,.4
244,임실,2024-10-06 23:32,236.1,.3
244,임실,2024-10-06 23:33,255.9,.3
244,임실,2024-10-06 23:34,251.7,.1
244,임실,2024-10-06 23:35,274.1,0
244,임실,2024-10-06 23:36,0,0
244,임실,2024-10-06 23:37,0,0
244,임실,2024-10-06 23:38,0,0
244,임실,2024-10-06 23:39,164.4,0
244,임실,2024-10-06 23:40,165.7,.3
244,임실,2024-10-06 23:41,179.8,.3
244,임실,2024-10-06 23:42,192.5,.2
244,임실,2024-10-06 23:43,203.1,.2
244,임실,2024-10-06 23:44,221.3,.4
244,임실,2024-10-06 23:45,236.4,.5
244,임실,2024-10-06 23:46,249.5,.5
244,임실,2024-10-06 23:47,279.9,.5
244,임실,2024-10-06 23:48,294.6,.3
244,임실,2024-10-06 23:49,307.6,0
244,임실,2024-10-06 23:50,0,0
244,임실,2024-10-06 23:51,286.5,.2
244,임실,2024-10-06 23:52,268.2,.3
244,임실,2024-10-06 23:53,257.1,.4
244,임실,2024-10-06 23:54,265.9,.4
244,임실,2024-10-06 23:55,257.2,.4
244,임실,2024-10-06 23:56,249,.4
244,임실,2024-10-06 23:57,252.6,.3
244,임실,2024-10-06 23:58,249.9,.3
244,임실,2024-10-06 23:59,232,.3
244,임실,2024-10-07 00:00,204.9,.5
245,정읍,2024-10-06 00:01,238,.6
245,정읍,2024-10-06 00:02,238,.5
245,정읍,2024-10-06 00:03,231,.6
245,정읍,2024-10-06 00:04,230,.5
245,정읍,2024-10-06 00:05,217,.5
245,정읍,2024-10-06 00:06,215,.4
245,정읍,2024-10-06 00:07,203,.3
245,정읍,2024-10-06 00:08,183,.2
245,정읍,2024-10-06 00:09,128,.2
245,정읍,2024-10-06 00:10,93,.2
245,정읍,2024-10-06 00:11,71,.5
245,정읍,2024-10-06 00:12,71,.7
245,정읍,2024-10-06 00:13,62,.8
245,정읍,2024-10-06 00:14,67,.9
245,정읍,2024-10-06 00:15,79,.7
245,정읍,2024-10-06 00:16,75,.9
245,정읍,2024-10-06 00:17,54,.7
245,정읍,2024-10-06 00:18,49,.7
245,정읍,2024-10-06 00:19,18,.4
245,정읍,2024-10-06 00:20,59,.8
245,정읍,2024-10-06 00:21,63,.9
245,정읍,2024-10-06 00:22,66,.9
245,정읍,2024-10-06 00:23,62,.9
245,정읍,2024-10-06 00:24,64,.9
245,정읍,2024-10-06 00:25,57,.8
245,정읍,2024-10-06 00:26,53,1
245,정읍,2024-10-06 00:27,51,1
245,정읍,2024-10-06 00:28,49,1.1
245,정읍,2024-10-06 00:29,48,1.1
245,정읍,2024-10-06 00:30,44,1.2
245,정읍,2024-10-06 00:31,47,1.5
245,정읍,2024-10-06 00:32,55,1.7
245,정읍,2024-10-06 00:33,51,1.6
245,정읍,2024-10-06 00:34,53,1.7
245,정읍,2024-10-06 00:35,56,1.9
245,정읍,2024-10-06 00:36,54,1.8
245,정읍,2024-10-06 00:37,60,1.6
245,정읍,2024-10-06 00:38,54,1.4
245,정읍,2024-10-06 00:39,61,1.5
245,정읍,2024-10-06 00:40,53,1.3
245,정읍,2024-10-06 00:41,53,1.2
245,정읍,2024-10-06 00:42,49,1.3
245,정읍,2024-10-06 00:43,65,.7
245,정읍,2024-10-06 00:44,51,1
245,정읍,2024-10-06 00:45,49,.9
245,정읍,2024-10-06 00:46,75,1.2
245,정읍,2024-10-06 00:47,74,1.2
245,정읍,2024-10-06 00:48,71,1.3
245,정읍,2024-10-06 00:49,66,1.4
245,정읍,2024-10-06 00:50,68,1.4
245,정읍,2024-10-06 00:51,75,1.2
245,정읍,2024-10-06 00:52,65,1.1
245,정읍,2024-10-06 00:53,57,1.2
245,정읍,2024-10-06 00:54,62,1.2
245,정읍,2024-10-06 00:55,60,1.3
245,정읍,2024-10-06 00:56,67,1.2
245,정읍,2024-10-06 00:57,60,1.3
245,정읍,2024-10-06 00:58,63,1.1
245,정읍,2024-10-06 00:59,53,1.1
245,정읍,2024-10-06 01:00,60,1.2
245,정읍,2024-10-06 01:01,63,1.1
245,정읍,2024-10-06 01:02,63,1.3
245,정읍,2024-10-06 01:03,72,1.3
245,정읍,2024-10-06 01:04,72,1.3
245,정읍,2024-10-06 01:05,77,1.4
245,정읍,2024-10-06 01:06,74,1.6
245,정읍,2024-10-06 01:07,75,1.4
245,정읍,2024-10-06 01:08,75,1.5
245,정읍,2024-10-06 01:09,68,1.5
245,정읍,2024-10-06 01:10,71,1.6
245,정읍,2024-10-06 01:11,65,1.4
245,정읍,2024-10-06 01:12,77,1.1
245,정읍,2024-10-06 01:13,83,.6
245,정읍,2024-10-06 01:14,59,.7
245,정읍,2024-10-06 01:15,33,.4
245,정읍,2024-10-06 01:16,45,.4
245,정읍,2024-10-06 01:17,14,.5
245,정읍,2024-10-06 01:18,344,.5
245,정읍,2024-10-06 01:19,359.9,1
245,정읍,2024-10-06 01:20,358,.9
245,정읍,2024-10-06 01:21,351,1
245,정읍,2024-10-06 01:22,2,.8
245,정읍,2024-10-06 01:23,17,.8
245,정읍,2024-10-06 01:24,26,.9
245,정읍,2024-10-06 01:25,56,1
245,정읍,2024-10-06 01:26,62,.7
245,정읍,2024-10-06 01:27,63,1.4
245,정읍,2024-10-06 01:28,68,1.6
245,정읍,2024-10-06 01:29,68,1.5
245,정읍,2024-10-06 01:30,69,1.5
245,정읍,2024-10-06 01:31,70,1.4
245,정읍,2024-10-06 01:32,77,1.2
245,정읍,2024-10-06 01:33,66,1.4
245,정읍,2024-10-06 01:34,61,1.7
245,정읍,2024-10-06 01:35,72,1.6
245,정읍,2024-10-06 01:36,79,1
245,정읍,2024-10-06 01:37,68,1.1
245,정읍,2024-10-06 01:38,62,1.4
245,정읍,2024-10-06 01:39,60,1.4
245,정읍,2024-10-06 01:40,69,1
245,정읍,2024-10-06 01:41,70,1.5
245,정읍,2024-10-06 01:42,68,1.4
245,정읍,2024-10-06 01:43,74,1.4
245,정읍,2024-10-06 01:44,71,1.8
245,정읍,2024-10-06 01:45,74,1.8
245,정읍,2024-10-06 01:46,69,1.5
245,정읍,2024-10-06 01:47,79,1.4
245,정읍,2024-10-06 01:48,76,1.3
245,정읍,2024-10-06 01:49,76,1.1
245,정읍,2024-10-06 01:50,88,.6
245,정읍,2024-10-06 01:51,68,.4
245,정읍,2024-10-06 01:52,137,.3
245,정읍,2024-10-06 01:53,162,.6
245,정읍,2024-10-06 01:54,220,.6
245,정읍,2024-10-06 01:55,192,.3
245,정읍,2024-10-06 01:56,184,.3
245,정읍,2024-10-06 01:57,150,.3
245,정읍,2024-10-06 01:58,204,.2
245,정읍,2024-10-06 01:59,226,.2
245,정읍,2024-10-06 02:00,150,.2
245,정읍,2024-10-06 02:01,117,.3
245,정읍,2024-10-06 02:02,119,.5
245,정읍,2024-10-06 02:03,120,.2
245,정읍,2024-10-06 02:04,70,.9
245,정읍,2024-10-06 02:05,69,1
245,정읍,2024-10-06 02:06,79,1.1
245,정읍,2024-10-06 02:07,77,1.1
245,정읍,2024-10-06 02:08,79,1.1
245,정읍,2024-10-06 02:09,78,1.6
245,정읍,2024-10-06 02:10,74,1.2
245,정읍,2024-10-06 02:11,58,1.3
245,정읍,2024-10-06 02:12,61,1.3
245,정읍,2024-10-06 02:13,63,1.4
245,정읍,2024-10-06 02:14,60,1.5
245,정읍,2024-10-06 02:15,65,1.3
245,정읍,2024-10-06 02:16,62,1.5
245,정읍,2024-10-06 02:17,64,1.4
245,정읍,2024-10-06 02:18,68,1.3
245,정읍,2024-10-06 02:19,66,1.5
245,정읍,2024-10-06 02:20,63,.9
245,정읍,2024-10-06 02:21,64,.9
245,정읍,2024-10-06 02:22,44,.8
245,정읍,2024-10-06 02:23,50,.7
245,정읍,2024-10-06 02:24,35,.6
245,정읍,2024-10-06 02:25,22,.8
245,정읍,2024-10-06 02:26,11,.7
245,정읍,2024-10-06 02:27,26,.8
245,정읍,2024-10-06 02:28,30,.9
245,정읍,2024-10-06 02:29,49,1.4
245,정읍,2024-10-06 02:30,41,1.5
245,정읍,2024-10-06 02:31,38,1.7
245,정읍,2024-10-06 02:32,26,1.4
245,정읍,2024-10-06 02:33,38,1.5
245,정읍,2024-10-06 02:34,43,1.8
245,정읍,2024-10-06 02:35,45,1.9
245,정읍,2024-10-06 02:36,44,1.8
245,정읍,2024-10-06 02:37,33,1.3
245,정읍,2024-10-06 02:38,35,1.5
245,정읍,2024-10-06 02:39,34,1.2
245,정읍,2024-10-06 02:40,29,1.1
245,정읍,2024-10-06 02:41,41,1
245,정읍,2024-10-06 02:42,39,1.3
245,정읍,2024-10-06 02:43,45,1.4
245,정읍,2024-10-06 02:44,55,1.6
245,정읍,2024-10-06 02:45,56,1.4
245,정읍,2024-10-06 02:46,53,1.5
245,정읍,2024-10-06 02:47,40,1.1
245,정읍,2024-10-06 02:48,47,1.2
245,정읍,2024-10-06 02:49,27,1.1
245,정읍,2024-10-06 02:50,39,1.1
245,정읍,2024-10-06 02:51,35,1
245,정읍,2024-10-06 02:52,44,1.3
245,정읍,2024-10-06 02:53,46,1.4
245,정읍,2024-10-06 02:54,52,1.4
245,정읍,2024-10-06 02:55,47,1.5
245,정읍,2024-10-06 02:56,44,1.3
245,정읍,2024-10-06 02:57,41,1.4
245,정읍,2024-10-06 02:58,30,1.3
245,정읍,2024-10-06 02:59,24,1.3
245,정읍,2024-10-06 03:00,9,1.2
245,정읍,2024-10-06 03:01,2,1.1
245,정읍,2024-10-06 03:02,3,1.1
245,정읍,2024-10-06 03:03,15,.9
245,정읍,2024-10-06 03:04,359.9,1.1
245,정읍,2024-10-06 03:05,338,.9
245,정읍,2024-10-06 03:06,335,.8
245,정읍,2024-10-06 03:07,333,1.1
245,정읍,2024-10-06 03:08,327,1.3
245,정읍,2024-10-06 03:09,319,.9
245,정읍,2024-10-06 03:10,308,.8
245,정읍,2024-10-06 03:11,322,.9
245,정읍,2024-10-06 03:12,321,1
245,정읍,2024-10-06 03:13,333,1.1
245,정읍,2024-10-06 03:14,328,1.2
245,정읍,2024-10-06 03:15,336,1
245,정읍,2024-10-06 03:16,340,.8
245,정읍,2024-10-06 03:17,341,.9
245,정읍,2024-10-06 03:18,344,1.1
245,정읍,2024-10-06 03:19,354,.9
245,정읍,2024-10-06 03:20,10,.6
245,정읍,2024-10-06 03:21,22,.6
245,정읍,2024-10-06 03:22,27,.6
245,정읍,2024-10-06 03:23,33,.7
245,정읍,2024-10-06 03:24,42,.6
245,정읍,2024-10-06 03:25,35,.7
245,정읍,2024-10-06 03:26,42,.8
245,정읍,2024-10-06 03:27,68,.8
245,정읍,2024-10-06 03:28,68,.6
245,정읍,2024-10-06 03:29,69,1
245,정읍,2024-10-06 03:30,59,1.3
245,정읍,2024-10-06 03:31,54,1.1
245,정읍,2024-10-06 03:32,51,.9
245,정읍,2024-10-06 03:33,63,.4
245,정읍,2024-10-06 03:34,109,.5
245,정읍,2024-10-06 03:35,158,.2
245,정읍,2024-10-06 03:36,3,.2
245,정읍,2024-10-06 03:37,310,.1
245,정읍,2024-10-06 03:38,229,.2
245,정읍,2024-10-06 03:39,251,.6
245,정읍,2024-10-06 03:40,254,.7
245,정읍,2024-10-06 03:41,243,.6
245,정읍,2024-10-06 03:42,227,.2
245,정읍,2024-10-06 03:43,230,1.2
245,정읍,2024-10-06 03:44,218,1.4
245,정읍,2024-10-06 03:45,214,1.5
245,정읍,2024-10-06 03:46,220,1.6
245,정읍,2024-10-06 03:47,223,1.6
245,정읍,2024-10-06 03:48,215,1.5
245,정읍,2024-10-06 03:49,207,1.3
245,정읍,2024-10-06 03:50,211,.9
245,정읍,2024-10-06 03:51,204,.9
245,정읍,2024-10-06 03:52,190,.8
245,정읍,2024-10-06 03:53,198,.6
245,정읍,2024-10-06 03:54,209,.7
245,정읍,2024-10-06 03:55,182,.7
245,정읍,2024-10-06 03:56,155,.4
245,정읍,2024-10-06 03:57,142,.3
245,정읍,2024-10-06 03:58,96,.3
245,정읍,2024-10-06 03:59,50,.3
245,정읍,2024-10-06 04:00,52,.5
245,정읍,2024-10-06 04:01,51,.7
245,정읍,2024-10-06 04:02,49,.6
245,정읍,2024-10-06 04:03,16,.4
245,정읍,2024-10-06 04:04,352,.4
245,정읍,2024-10-06 04:05,341,.3
245,정읍,2024-10-06 04:06,309,.5
245,정읍,2024-10-06 04:07,308,.6
245,정읍,2024-10-06 04:08,310,.4
245,정읍,2024-10-06 04:09,293,.3
245,정읍,2024-10-06 04:10,288,.5
245,정읍,2024-10-06 04:11,289,.4
245,정읍,2024-10-06 04:12,241,.3
245,정읍,2024-10-06 04:13,213,.3
245,정읍,2024-10-06 04:14,196,.3
245,정읍,2024-10-06 04:15,176,.3
245,정읍,2024-10-06 04:16,198,.3
245,정읍,2024-10-06 04:17,209,.2
245,정읍,2024-10-06 04:18,283,.2
245,정읍,2024-10-06 04:19,296,.4
245,정읍,2024-10-06 04:20,287,.4
245,정읍,2024-10-06 04:21,283,.5
245,정읍,2024-10-06 04:22,290,.7
245,정읍,2024-10-06 04:23,281,.8
245,정읍,2024-10-06 04:24,265,.7
245,정읍,2024-10-06 04:25,207,.4
245,정읍,2024-10-06 04:26,243,.3
245,정읍,2024-10-06 04:27,249,.1
245,정읍,2024-10-06 04:28,359,.1
245,정읍,2024-10-06 04:29,20,.3
245,정읍,2024-10-06 04:30,11,.5
245,정읍,2024-10-06 04:31,14,.6
245,정읍,2024-10-06 04:32,20,.7
245,정읍,2024-10-06 04:33,40,.8
245,정읍,2024-10-06 04:34,30,.8
245,정읍,2024-10-06 04:35,16,.9
245,정읍,2024-10-06 04:36,13,1.2
245,정읍,2024-10-06 04:37,15,1.1
245,정읍,2024-10-06 04:38,18,1.1
245,정읍,2024-10-06 04:39,21,1.1
245,정읍,2024-10-06 04:40,46,1
245,정읍,2024-10-06 04:41,56,1.1
245,정읍,2024-10-06 04:42,51,1.2
245,정읍,2024-10-06 04:43,45,1.2
245,정읍,2024-10-06 04:44,53,1.3
245,정읍,2024-10-06 04:45,18,1.1
245,정읍,2024-10-06 04:46,21,.9
245,정읍,2024-10-06 04:47,8,1
245,정읍,2024-10-06 04:48,355,1.1
245,정읍,2024-10-06 04:49,341,1.4
245,정읍,2024-10-06 04:50,343,1.2
245,정읍,2024-10-06 04:51,338,1.3
245,정읍,2024-10-06 04:52,349,1.5
245,정읍,2024-10-06 04:53,354,1.9
245,정읍,2024-10-06 04:54,352,1.9
245,정읍,2024-10-06 04:55,359,1.8
245,정읍,2024-10-06 04:56,10,1.4
245,정읍,2024-10-06 04:57,11,1.5
245,정읍,2024-10-06 04:58,11,1.3
245,정읍,2024-10-06 04:59,19,1.3
245,정읍,2024-10-06 05:00,22,1.3
245,정읍,2024-10-06 05:01,29,1.3
245,정읍,2024-10-06 05:02,48,1.2
245,정읍,2024-10-06 05:03,57,1.5
245,정읍,2024-10-06 05:04,52,1.6
245,정읍,2024-10-06 05:05,48,1.4
245,정읍,2024-10-06 05:06,30,1.1
245,정읍,2024-10-06 05:07,18,1.2
245,정읍,2024-10-06 05:08,1,1.3
245,정읍,2024-10-06 05:09,346,1.4
245,정읍,2024-10-06 05:10,340,1.4
245,정읍,2024-10-06 05:11,355,1.3
245,정읍,2024-10-06 05:12,3,1.4
245,정읍,2024-10-06 05:13,6,1.3
245,정읍,2024-10-06 05:14,3,1.4
245,정읍,2024-10-06 05:15,4,1.3
245,정읍,2024-10-06 05:16,357,1.4
245,정읍,2024-10-06 05:17,351,1.5
245,정읍,2024-10-06 05:18,344,1.3
245,정읍,2024-10-06 05:19,331,1.6
245,정읍,2024-10-06 05:20,345,1.9
245,정읍,2024-10-06 05:21,2,1.3
245,정읍,2024-10-06 05:22,359,1.1
245,정읍,2024-10-06 05:23,348,1.1
245,정읍,2024-10-06 05:24,7,1.3
245,정읍,2024-10-06 05:25,19,1.2
245,정읍,2024-10-06 05:26,40,1.4
245,정읍,2024-10-06 05:27,34,1.4
245,정읍,2024-10-06 05:28,36,1.1
245,정읍,2024-10-06 05:29,56,1.1
245,정읍,2024-10-06 05:30,63,1.1
245,정읍,2024-10-06 05:31,63,1.4
245,정읍,2024-10-06 05:32,52,1.4
245,정읍,2024-10-06 05:33,49,1.1
245,정읍,2024-10-06 05:34,18,.8
245,정읍,2024-10-06 05:35,359.9,.8
245,정읍,2024-10-06 05:36,343,.8
245,정읍,2024-10-06 05:37,322,1
245,정읍,2024-10-06 05:38,317,1.2
245,정읍,2024-10-06 05:39,318,1.3
245,정읍,2024-10-06 05:40,328,1.1
245,정읍,2024-10-06 05:41,334,1.1
245,정읍,2024-10-06 05:42,335,1
245,정읍,2024-10-06 05:43,333,.9
245,정읍,2024-10-06 05:44,342,.7
245,정읍,2024-10-06 05:45,343,1.1
245,정읍,2024-10-06 05:46,352,1.1
245,정읍,2024-10-06 05:47,359,.9
245,정읍,2024-10-06 05:48,352,1.2
245,정읍,2024-10-06 05:49,355,1.2
245,정읍,2024-10-06 05:50,354,.9
245,정읍,2024-10-06 05:51,347,.9
245,정읍,2024-10-06 05:52,338,.9
245,정읍,2024-10-06 05:53,329,.9
245,정읍,2024-10-06 05:54,330,1
245,정읍,2024-10-06 05:55,333,1
245,정읍,2024-10-06 05:56,343,.9
245,정읍,2024-10-06 05:57,349,.8
245,정읍,2024-10-06 05:58,8,.7
245,정읍,2024-10-06 05:59,9,.8
245,정읍,2024-10-06 06:00,12,.9
245,정읍,2024-10-06 06:01,15,1
245,정읍,2024-10-06 06:02,8,1
245,정읍,2024-10-06 06:03,1,.8
245,정읍,2024-10-06 06:04,340,.7
245,정읍,2024-10-06 06:05,332,.6
245,정읍,2024-10-06 06:06,314,.5
245,정읍,2024-10-06 06:07,341,.5
245,정읍,2024-10-06 06:08,333,.3
245,정읍,2024-10-06 06:09,17,.3
245,정읍,2024-10-06 06:10,19,.4
245,정읍,2024-10-06 06:11,15,.3
245,정읍,2024-10-06 06:12,315,.2
245,정읍,2024-10-06 06:13,257,.4
245,정읍,2024-10-06 06:14,255,.5
245,정읍,2024-10-06 06:15,260,.4
245,정읍,2024-10-06 06:16,268,.4
245,정읍,2024-10-06 06:17,248,.4
245,정읍,2024-10-06 06:18,244,.5
245,정읍,2024-10-06 06:19,225,.4
245,정읍,2024-10-06 06:20,201,.4
245,정읍,2024-10-06 06:21,151,.2
245,정읍,2024-10-06 06:22,112,.3
245,정읍,2024-10-06 06:23,106,.2
245,정읍,2024-10-06 06:24,82,.3
245,정읍,2024-10-06 06:25,69,.2
245,정읍,2024-10-06 06:26,71,.4
245,정읍,2024-10-06 06:27,69,.4
245,정읍,2024-10-06 06:28,60,.3
245,정읍,2024-10-06 06:29,70,.2
245,정읍,2024-10-06 06:30,118,.1
245,정읍,2024-10-06 06:31,74,.1
245,정읍,2024-10-06 06:32,98,.1
245,정읍,2024-10-06 06:33,154,.2
245,정읍,2024-10-06 06:34,195,.2
245,정읍,2024-10-06 06:35,230,.2
245,정읍,2024-10-06 06:36,297,.2
245,정읍,2024-10-06 06:37,282,.1
245,정읍,2024-10-06 06:38,282,.5
245,정읍,2024-10-06 06:39,279,.7
245,정읍,2024-10-06 06:40,267,.8
245,정읍,2024-10-06 06:41,247,.5
245,정읍,2024-10-06 06:42,266,.3
245,정읍,2024-10-06 06:43,265,.5
245,정읍,2024-10-06 06:44,273,.7
245,정읍,2024-10-06 06:45,231,.5
245,정읍,2024-10-06 06:46,209,.3
245,정읍,2024-10-06 06:47,192,.4
245,정읍,2024-10-06 06:48,190,.6
245,정읍,2024-10-06 06:49,216,.6
245,정읍,2024-10-06 06:50,229,.6
245,정읍,2024-10-06 06:51,230,.5
245,정읍,2024-10-06 06:52,254,.3
245,정읍,2024-10-06 06:53,300,.4
245,정읍,2024-10-06 06:54,314,.4
245,정읍,2024-10-06 06:55,341,.3
245,정읍,2024-10-06 06:56,311,.4
245,정읍,2024-10-06 06:57,324,.3
245,정읍,2024-10-06 06:58,319,.3
245,정읍,2024-10-06 06:59,306,.4
245,정읍,2024-10-06 07:00,330,.5
245,정읍,2024-10-06 07:01,330,.7
245,정읍,2024-10-06 07:02,344,.6
245,정읍,2024-10-06 07:03,357,.6
245,정읍,2024-10-06 07:04,358,.5
245,정읍,2024-10-06 07:05,6,.3
245,정읍,2024-10-06 07:06,330,.3
245,정읍,2024-10-06 07:07,303,.2
245,정읍,2024-10-06 07:08,299,.2
245,정읍,2024-10-06 07:09,305,.1
245,정읍,2024-10-06 07:10,335,.3
245,정읍,2024-10-06 07:11,340,.4
245,정읍,2024-10-06 07:12,328,.4
245,정읍,2024-10-06 07:13,302,.5
245,정읍,2024-10-06 07:14,283,.5
245,정읍,2024-10-06 07:15,273,.7
245,정읍,2024-10-06 07:16,267,.8
245,정읍,2024-10-06 07:17,270,.9
245,정읍,2024-10-06 07:18,245,.8
245,정읍,2024-10-06 07:19,248,.3
245,정읍,2024-10-06 07:20,252,.5
245,정읍,2024-10-06 07:21,253,.5
245,정읍,2024-10-06 07:22,259,.2
245,정읍,2024-10-06 07:23,224,.2
245,정읍,2024-10-06 07:24,265,.3
245,정읍,2024-10-06 07:25,281,.7
245,정읍,2024-10-06 07:26,284,.7
245,정읍,2024-10-06 07:27,305,.7
245,정읍,2024-10-06 07:28,306,.6
245,정읍,2024-10-06 07:29,342,.4
245,정읍,2024-10-06 07:30,331,.5
245,정읍,2024-10-06 07:31,318,.5
245,정읍,2024-10-06 07:32,322,.4
245,정읍,2024-10-06 07:33,281,.3
245,정읍,2024-10-06 07:34,253,.2
245,정읍,2024-10-06 07:35,287,.2
245,정읍,2024-10-06 07:36,269,.3
245,정읍,2024-10-06 07:37,246,.4
245,정읍,2024-10-06 07:38,265,.5
245,정읍,2024-10-06 07:39,306,.3
245,정읍,2024-10-06 07:40,327,.3
245,정읍,2024-10-06 07:41,358,.5
245,정읍,2024-10-06 07:42,359.9,.7
245,정읍,2024-10-06 07:43,9,.6
245,정읍,2024-10-06 07:44,19,.5
245,정읍,2024-10-06 07:45,14,.3
245,정읍,2024-10-06 07:46,51,.1
245,정읍,2024-10-06 07:47,169,.1
245,정읍,2024-10-06 07:48,225,.2
245,정읍,2024-10-06 07:49,266,.4
245,정읍,2024-10-06 07:50,270,.5
245,정읍,2024-10-06 07:51,288,.4
245,정읍,2024-10-06 07:52,312,.5
245,정읍,2024-10-06 07:53,354,.6
245,정읍,2024-10-06 07:54,357,.5
245,정읍,2024-10-06 07:55,348,.6
245,정읍,2024-10-06 07:56,342,.7
245,정읍,2024-10-06 07:57,342,.7
245,정읍,2024-10-06 07:58,351,.5
245,정읍,2024-10-06 07:59,7,.5
245,정읍,2024-10-06 08:00,10,.5
245,정읍,2024-10-06 08:01,12,.5
245,정읍,2024-10-06 08:02,31,.4
245,정읍,2024-10-06 08:03,20,.6
245,정읍,2024-10-06 08:04,10,.6
245,정읍,2024-10-06 08:05,358,.5
245,정읍,2024-10-06 08:06,359,.5
245,정읍,2024-10-06 08:07,359,.6
245,정읍,2024-10-06 08:08,359.9,.8
245,정읍,2024-10-06 08:09,12,.8
245,정읍,2024-10-06 08:10,11,.7
245,정읍,2024-10-06 08:11,3,.6
245,정읍,2024-10-06 08:12,351,.5
245,정읍,2024-10-06 08:13,352,.6
245,정읍,2024-10-06 08:14,349,.6
245,정읍,2024-10-06 08:15,353,.6
245,정읍,2024-10-06 08:16,355,.6
245,정읍,2024-10-06 08:17,346,1
245,정읍,2024-10-06 08:18,348,1.1
245,정읍,2024-10-06 08:19,347,1.1
245,정읍,2024-10-06 08:20,345,1
245,정읍,2024-10-06 08:21,340,1
245,정읍,2024-10-06 08:22,346,.8
245,정읍,2024-10-06 08:23,351,.7
245,정읍,2024-10-06 08:24,339,.6
245,정읍,2024-10-06 08:25,352,.6
245,정읍,2024-10-06 08:26,3,.6
245,정읍,2024-10-06 08:27,358,.7
245,정읍,2024-10-06 08:28,4,.6
245,정읍,2024-10-06 08:29,359,.5
245,정읍,2024-10-06 08:30,10,.2
245,정읍,2024-10-06 08:31,345,.3
245,정읍,2024-10-06 08:32,313,.3
245,정읍,2024-10-06 08:33,313,.3
245,정읍,2024-10-06 08:34,327,.4
245,정읍,2024-10-06 08:35,342,.6
245,정읍,2024-10-06 08:36,334,.8
245,정읍,2024-10-06 08:37,335,.8
245,정읍,2024-10-06 08:38,343,1
245,정읍,2024-10-06 08:39,351,1
245,정읍,2024-10-06 08:40,352,1
245,정읍,2024-10-06 08:41,4,1
245,정읍,2024-10-06 08:42,12,1.1
245,정읍,2024-10-06 08:43,12,1.1
245,정읍,2024-10-06 08:44,6,.8
245,정읍,2024-10-06 08:45,353,.8
245,정읍,2024-10-06 08:46,340,.8
245,정읍,2024-10-06 08:47,323,1
245,정읍,2024-10-06 08:48,324,1
245,정읍,2024-10-06 08:49,321,1
245,정읍,2024-10-06 08:50,333,1.2
245,정읍,2024-10-06 08:51,339,1.3
245,정읍,2024-10-06 08:52,347,1.3
245,정읍,2024-10-06 08:53,345,1.8
245,정읍,2024-10-06 08:54,348,1.8
245,정읍,2024-10-06 08:55,347,1.6
245,정읍,2024-10-06 08:56,349,1.6
245,정읍,2024-10-06 08:57,14,1.3
245,정읍,2024-10-06 08:58,4,.9
245,정읍,2024-10-06 08:59,37,.7
245,정읍,2024-10-06 09:00,24,.4
245,정읍,2024-10-06 09:01,344,.3
245,정읍,2024-10-06 09:02,281,.3
245,정읍,2024-10-06 09:03,303,.3
245,정읍,2024-10-06 09:04,270,.2
245,정읍,2024-10-06 09:05,87,.4
245,정읍,2024-10-06 09:06,19,.8
245,정읍,2024-10-06 09:07,48,1.1
245,정읍,2024-10-06 09:08,23,.9
245,정읍,2024-10-06 09:09,29,1.2
245,정읍,2024-10-06 09:10,26,1.2
245,정읍,2024-10-06 09:11,16,1.1
245,정읍,2024-10-06 09:12,38,1.3
245,정읍,2024-10-06 09:13,31,1.1
245,정읍,2024-10-06 09:14,25,1.3
245,정읍,2024-10-06 09:15,38,1.1
245,정읍,2024-10-06 09:16,44,1.5
245,정읍,2024-10-06 09:17,42,1.5
245,정읍,2024-10-06 09:18,26,1
245,정읍,2024-10-06 09:19,9,.8
245,정읍,2024-10-06 09:20,337,.7
245,정읍,2024-10-06 09:21,356,.8
245,정읍,2024-10-06 09:22,333,.8
245,정읍,2024-10-06 09:23,313,1.1
245,정읍,2024-10-06 09:24,303,1
245,정읍,2024-10-06 09:25,316,.9
245,정읍,2024-10-06 09:26,4,1.3
245,정읍,2024-10-06 09:27,18,1.3
245,정읍,2024-10-06 09:28,10,1.4
245,정읍,2024-10-06 09:29,8,1.5
245,정읍,2024-10-06 09:30,14,1.3
245,정읍,2024-10-06 09:31,10,1.4
245,정읍,2024-10-06 09:32,14,1.7
245,정읍,2024-10-06 09:33,11,1.6
245,정읍,2024-10-06 09:34,12,1.4
245,정읍,2024-10-06 09:35,32,1.2
245,정읍,2024-10-06 09:36,31,1.1
245,정읍,2024-10-06 09:37,358,1.4
245,정읍,2024-10-06 09:38,15,.8
245,정읍,2024-10-06 09:39,30,.8
245,정읍,2024-10-06 09:40,43,.8
245,정읍,2024-10-06 09:41,64,.7
245,정읍,2024-10-06 09:42,69,.7
245,정읍,2024-10-06 09:43,50,.9
245,정읍,2024-10-06 09:44,52,1.4
245,정읍,2024-10-06 09:45,47,1.9
245,정읍,2024-10-06 09:46,46,1.9
245,정읍,2024-10-06 09:47,38,1.9
245,정읍,2024-10-06 09:48,36,1.8
245,정읍,2024-10-06 09:49,39,2.1
245,정읍,2024-10-06 09:50,46,2
245,정읍,2024-10-06 09:51,37,1.3
245,정읍,2024-10-06 09:52,43,1.1
245,정읍,2024-10-06 09:53,31,1.7
245,정읍,2024-10-06 09:54,32,1.7
245,정읍,2024-10-06 09:55,33,1.5
245,정읍,2024-10-06 09:56,25,1.4
245,정읍,2024-10-06 09:57,27,.9
245,정읍,2024-10-06 09:58,24,1
245,정읍,2024-10-06 09:59,28,1
245,정읍,2024-10-06 10:00,10,1
245,정읍,2024-10-06 10:01,20,.9
245,정읍,2024-10-06 10:02,352,1.5
245,정읍,2024-10-06 10:03,355,1.6
245,정읍,2024-10-06 10:04,346,1
245,정읍,2024-10-06 10:05,339,1.3
245,정읍,2024-10-06 10:06,343,1.5
245,정읍,2024-10-06 10:07,346,1.8
245,정읍,2024-10-06 10:08,350,1.7
245,정읍,2024-10-06 10:09,350,2.1
245,정읍,2024-10-06 10:10,358,1.9
245,정읍,2024-10-06 10:11,20,1.2
245,정읍,2024-10-06 10:12,8,1.5
245,정읍,2024-10-06 10:13,357,1.6
245,정읍,2024-10-06 10:14,359.9,1.4
245,정읍,2024-10-06 10:15,356,1.5
245,정읍,2024-10-06 10:16,358,1.8
245,정읍,2024-10-06 10:17,17,2.3
245,정읍,2024-10-06 10:18,11,2.2
245,정읍,2024-10-06 10:19,16,1.9
245,정읍,2024-10-06 10:20,14,1.3
245,정읍,2024-10-06 10:21,348,1
245,정읍,2024-10-06 10:22,347,1.1
245,정읍,2024-10-06 10:23,339,1
245,정읍,2024-10-06 10:24,332,.9
245,정읍,2024-10-06 10:25,311,1.4
245,정읍,2024-10-06 10:26,307,1.4
245,정읍,2024-10-06 10:27,314,1.2
245,정읍,2024-10-06 10:28,321,1.3
245,정읍,2024-10-06 10:29,318,1.7
245,정읍,2024-10-06 10:30,326,1.6
245,정읍,2024-10-06 10:31,325,1.8
245,정읍,2024-10-06 10:32,322,1.7
245,정읍,2024-10-06 10:33,306,1.6
245,정읍,2024-10-06 10:34,324,1.6
245,정읍,2024-10-06 10:35,339,1.8
245,정읍,2024-10-06 10:36,334,1.4
245,정읍,2024-10-06 10:37,350,1.8
245,정읍,2024-10-06 10:38,348,1.6
245,정읍,2024-10-06 10:39,348,1.6
245,정읍,2024-10-06 10:40,347,1.8
245,정읍,2024-10-06 10:41,345,1.8
245,정읍,2024-10-06 10:42,339,1.9
245,정읍,2024-10-06 10:43,352,2
245,정읍,2024-10-06 10:44,340,1.9
245,정읍,2024-10-06 10:45,343,1.7
245,정읍,2024-10-06 10:46,329,1.9
245,정읍,2024-10-06 10:47,316,1.9
245,정읍,2024-10-06 10:48,335,1.5
245,정읍,2024-10-06 10:49,345,1.5
245,정읍,2024-10-06 10:50,335,1.6
245,정읍,2024-10-06 10:51,319,1.5
245,정읍,2024-10-06 10:52,309,1.9
245,정읍,2024-10-06 10:53,310,1.8
245,정읍,2024-10-06 10:54,301,1.8
245,정읍,2024-10-06 10:55,311,1.9
245,정읍,2024-10-06 10:56,322,1.7
245,정읍,2024-10-06 10:57,351,1.7
245,정읍,2024-10-06 10:58,344,1.7
245,정읍,2024-10-06 10:59,336,1.5
245,정읍,2024-10-06 11:00,337,1.5
245,정읍,2024-10-06 11:01,337,1.4
245,정읍,2024-10-06 11:02,329,1.2
245,정읍,2024-10-06 11:03,324,1.7
245,정읍,2024-10-06 11:04,313,1.4
245,정읍,2024-10-06 11:05,315,1.3
245,정읍,2024-10-06 11:06,311,1.3
245,정읍,2024-10-06 11:07,310,1.3
245,정읍,2024-10-06 11:08,311,1.1
245,정읍,2024-10-06 11:09,309,1.7
245,정읍,2024-10-06 11:10,310,1.6
245,정읍,2024-10-06 11:11,299,1.2
245,정읍,2024-10-06 11:12,298,1.1
245,정읍,2024-10-06 11:13,317,1.2
245,정읍,2024-10-06 11:14,323,1
245,정읍,2024-10-06 11:15,304,1.1
245,정읍,2024-10-06 11:16,293,.9
245,정읍,2024-10-06 11:17,294,1
245,정읍,2024-10-06 11:18,304,.7
245,정읍,2024-10-06 11:19,303,.6
245,정읍,2024-10-06 11:20,316,.5
245,정읍,2024-10-06 11:21,310,.5
245,정읍,2024-10-06 11:22,327,.7
245,정읍,2024-10-06 11:23,321,.9
245,정읍,2024-10-06 11:24,278,1.1
245,정읍,2024-10-06 11:25,260,1.3
245,정읍,2024-10-06 11:26,265,1.5
245,정읍,2024-10-06 11:27,270,1.7
245,정읍,2024-10-06 11:28,289,1.2
245,정읍,2024-10-06 11:29,275,1.2
245,정읍,2024-10-06 11:30,272,1.7
245,정읍,2024-10-06 11:31,278,1.4
245,정읍,2024-10-06 11:32,276,.8
245,정읍,2024-10-06 11:33,275,1
245,정읍,2024-10-06 11:34,288,1
245,정읍,2024-10-06 11:35,291,.9
245,정읍,2024-10-06 11:36,281,1.7
245,정읍,2024-10-06 11:37,277,2.3
245,정읍,2024-10-06 11:38,279,2
245,정읍,2024-10-06 11:39,280,1.8
245,정읍,2024-10-06 11:40,273,1.7
245,정읍,2024-10-06 11:41,274,1.5
245,정읍,2024-10-06 11:42,285,1.3
245,정읍,2024-10-06 11:43,253,2.1
245,정읍,2024-10-06 11:44,243,1.3
245,정읍,2024-10-06 11:45,246,1.5
245,정읍,2024-10-06 11:46,253,2
245,정읍,2024-10-06 11:47,262,1.7
245,정읍,2024-10-06 11:48,265,1.2
245,정읍,2024-10-06 11:49,262,1.1
245,정읍,2024-10-06 11:50,265,2.2
245,정읍,2024-10-06 11:51,241,1.4
245,정읍,2024-10-06 11:52,262,1.9
245,정읍,2024-10-06 11:53,264,2.8
245,정읍,2024-10-06 11:54,274,2.5
245,정읍,2024-10-06 11:55,270,2.3
245,정읍,2024-10-06 11:56,272,2.9
245,정읍,2024-10-06 11:57,264,2.1
245,정읍,2024-10-06 11:58,275,2.9
245,정읍,2024-10-06 11:59,275,2.6
245,정읍,2024-10-06 12:00,271,2.5
245,정읍,2024-10-06 12:01,276,2.2
245,정읍,2024-10-06 12:02,275,2.1
245,정읍,2024-10-06 12:03,255,1.9
245,정읍,2024-10-06 12:04,252,1.7
245,정읍,2024-10-06 12:05,267,1.6
245,정읍,2024-10-06 12:06,256,1.9
245,정읍,2024-10-06 12:07,263,1.9
245,정읍,2024-10-06 12:08,279,1.6
245,정읍,2024-10-06 12:09,265,1.9
245,정읍,2024-10-06 12:10,270,2.3
245,정읍,2024-10-06 12:11,263,1.7
245,정읍,2024-10-06 12:12,283,1.6
245,정읍,2024-10-06 12:13,273,1.6
245,정읍,2024-10-06 12:14,278,1.6
245,정읍,2024-10-06 12:15,274,1.1
245,정읍,2024-10-06 12:16,282,1
245,정읍,2024-10-06 12:17,286,.7
245,정읍,2024-10-06 12:18,293,.6
245,정읍,2024-10-06 12:19,302,.2
245,정읍,2024-10-06 12:20,52,.3
245,정읍,2024-10-06 12:21,71,.7
245,정읍,2024-10-06 12:22,53,.9
245,정읍,2024-10-06 12:23,69,.8
245,정읍,2024-10-06 12:24,73,1.1
245,정읍,2024-10-06 12:25,70,1.1
245,정읍,2024-10-06 12:26,80,1.1
245,정읍,2024-10-06 12:27,95,1
245,정읍,2024-10-06 12:28,91,1.2
245,정읍,2024-10-06 12:29,93,1
245,정읍,2024-10-06 12:30,82,1
245,정읍,2024-10-06 12:31,88,1.1
245,정읍,2024-10-06 12:32,81,1.6
245,정읍,2024-10-06 12:33,76,1.7
245,정읍,2024-10-06 12:34,61,1.8
245,정읍,2024-10-06 12:35,64,1.5
245,정읍,2024-10-06 12:36,60,1.4
245,정읍,2024-10-06 12:37,60,1.5
245,정읍,2024-10-06 12:38,76,1.3
245,정읍,2024-10-06 12:39,70,1.4
245,정읍,2024-10-06 12:40,70,2.1
245,정읍,2024-10-06 12:41,69,2
245,정읍,2024-10-06 12:42,79,1.5
245,정읍,2024-10-06 12:43,75,2
245,정읍,2024-10-06 12:44,69,1.8
245,정읍,2024-10-06 12:45,64,1.3
245,정읍,2024-10-06 12:46,60,1.4
245,정읍,2024-10-06 12:47,54,1.3
245,정읍,2024-10-06 12:48,22,1.2
245,정읍,2024-10-06 12:49,23,1.1
245,정읍,2024-10-06 12:50,8,1.4
245,정읍,2024-10-06 12:51,14,2.2
245,정읍,2024-10-06 12:52,26,1.4
245,정읍,2024-10-06 12:53,353,1.7
245,정읍,2024-10-06 12:54,28,2.3
245,정읍,2024-10-06 12:55,31,1.9
245,정읍,2024-10-06 12:56,34,2.2
245,정읍,2024-10-06 12:57,15,1.6
245,정읍,2024-10-06 12:58,3,1.3
245,정읍,2024-10-06 12:59,4,1.4
245,정읍,2024-10-06 13:00,15,2.2
245,정읍,2024-10-06 13:01,13,2.8
245,정읍,2024-10-06 13:02,24,2.4
245,정읍,2024-10-06 13:03,29,2.1
245,정읍,2024-10-06 13:04,25,2
245,정읍,2024-10-06 13:05,33,1.7
245,정읍,2024-10-06 13:06,27,1.8
245,정읍,2024-10-06 13:07,45,1.5
245,정읍,2024-10-06 13:08,34,1.4
245,정읍,2024-10-06 13:09,31,1.4
245,정읍,2024-10-06 13:10,24,1.5
245,정읍,2024-10-06 13:11,3,1.1
245,정읍,2024-10-06 13:12,24,1.1
245,정읍,2024-10-06 13:13,18,1.4
245,정읍,2024-10-06 13:14,37,.9
245,정읍,2024-10-06 13:15,37,.8
245,정읍,2024-10-06 13:16,39,.4
245,정읍,2024-10-06 13:17,30,.4
245,정읍,2024-10-06 13:18,47,.6
245,정읍,2024-10-06 13:19,42,.3
245,정읍,2024-10-06 13:20,25,.3
245,정읍,2024-10-06 13:21,48,.4
245,정읍,2024-10-06 13:22,64,.4
245,정읍,2024-10-06 13:23,28,.2
245,정읍,2024-10-06 13:24,327,.4
245,정읍,2024-10-06 13:25,341,.5
245,정읍,2024-10-06 13:26,311,.5
245,정읍,2024-10-06 13:27,321,.7
245,정읍,2024-10-06 13:28,323,1
245,정읍,2024-10-06 13:29,314,1.2
245,정읍,2024-10-06 13:30,313,1.5
245,정읍,2024-10-06 13:31,314,1.7
245,정읍,2024-10-06 13:32,310,2.2
245,정읍,2024-10-06 13:33,315,1.9
245,정읍,2024-10-06 13:34,309,2
245,정읍,2024-10-06 13:35,305,2.3
245,정읍,2024-10-06 13:36,309,2.2
245,정읍,2024-10-06 13:37,309,2.3
245,정읍,2024-10-06 13:38,316,1.7
245,정읍,2024-10-06 13:39,311,2.5
245,정읍,2024-10-06 13:40,305,2
245,정읍,2024-10-06 13:41,319,1.7
245,정읍,2024-10-06 13:42,307,2.1
245,정읍,2024-10-06 13:43,303,1.8
245,정읍,2024-10-06 13:44,292,1.5
245,정읍,2024-10-06 13:45,295,1.2
245,정읍,2024-10-06 13:46,283,1.7
245,정읍,2024-10-06 13:47,288,1.4
245,정읍,2024-10-06 13:48,254,1.5
245,정읍,2024-10-06 13:49,262,1.3
245,정읍,2024-10-06 13:50,271,.9
245,정읍,2024-10-06 13:51,253,1.1
245,정읍,2024-10-06 13:52,252,1
245,정읍,2024-10-06 13:53,275,.7
245,정읍,2024-10-06 13:54,281,.7
245,정읍,2024-10-06 13:55,294,.7
245,정읍,2024-10-06 13:56,329,.5
245,정읍,2024-10-06 13:57,313,.7
245,정읍,2024-10-06 13:58,309,1.2
245,정읍,2024-10-06 13:59,312,1.1
245,정읍,2024-10-06 14:00,304,1.2
245,정읍,2024-10-06 14:01,292,1
245,정읍,2024-10-06 14:02,265,.8
245,정읍,2024-10-06 14:03,215,.4
245,정읍,2024-10-06 14:04,173,.5
245,정읍,2024-10-06 14:05,131,.3
245,정읍,2024-10-06 14:06,97,.5
245,정읍,2024-10-06 14:07,80,.5
245,정읍,2024-10-06 14:08,51,.4
245,정읍,2024-10-06 14:09,26,.6
245,정읍,2024-10-06 14:10,31,.9
245,정읍,2024-10-06 14:11,53,.9
245,정읍,2024-10-06 14:12,51,.9
245,정읍,2024-10-06 14:13,61,1.2
245,정읍,2024-10-06 14:14,58,1.1
245,정읍,2024-10-06 14:15,56,.8
245,정읍,2024-10-06 14:16,56,1
245,정읍,2024-10-06 14:17,59,1
245,정읍,2024-10-06 14:18,54,1
245,정읍,2024-10-06 14:19,61,.9
245,정읍,2024-10-06 14:20,43,.7
245,정읍,2024-10-06 14:21,33,.6
245,정읍,2024-10-06 14:22,13,.6
245,정읍,2024-10-06 14:23,21,.6
245,정읍,2024-10-06 14:24,43,.7
245,정읍,2024-10-06 14:25,23,.6
245,정읍,2024-10-06 14:26,359.9,.5
245,정읍,2024-10-06 14:27,335,.6
245,정읍,2024-10-06 14:28,336,.6
245,정읍,2024-10-06 14:29,331,.5
245,정읍,2024-10-06 14:30,355,1.1
245,정읍,2024-10-06 14:31,356,1.2
245,정읍,2024-10-06 14:32,8,1.1
245,정읍,2024-10-06 14:33,18,1.1
245,정읍,2024-10-06 14:34,359,1.1
245,정읍,2024-10-06 14:35,329,.9
245,정읍,2024-10-06 14:36,32,.4
245,정읍,2024-10-06 14:37,72,.5
245,정읍,2024-10-06 14:38,55,.8
245,정읍,2024-10-06 14:39,43,.8
245,정읍,2024-10-06 14:40,34,.6
245,정읍,2024-10-06 14:41,58,.4
245,정읍,2024-10-06 14:42,128,.5
245,정읍,2024-10-06 14:43,129,.7
245,정읍,2024-10-06 14:44,118,1.2
245,정읍,2024-10-06 14:45,116,1.3
245,정읍,2024-10-06 14:46,110,1.2
245,정읍,2024-10-06 14:47,125,.9
245,정읍,2024-10-06 14:48,153,1
245,정읍,2024-10-06 14:49,155,1.4
245,정읍,2024-10-06 14:50,140,1.6
245,정읍,2024-10-06 14:51,131,1.6
245,정읍,2024-10-06 14:52,107,1.5
245,정읍,2024-10-06 14:53,120,.6
245,정읍,2024-10-06 14:54,189,.5
245,정읍,2024-10-06 14:55,270,.9
245,정읍,2024-10-06 14:56,281,.7
245,정읍,2024-10-06 14:57,322,.7
245,정읍,2024-10-06 14:58,349,.9
245,정읍,2024-10-06 14:59,341,1
245,정읍,2024-10-06 15:00,321,.9
245,정읍,2024-10-06 15:01,326,.8
245,정읍,2024-10-06 15:02,310,.9
245,정읍,2024-10-06 15:03,285,.6
245,정읍,2024-10-06 15:04,261,.4
245,정읍,2024-10-06 15:05,205,.2
245,정읍,2024-10-06 15:06,233,.4
245,정읍,2024-10-06 15:07,230,.8
245,정읍,2024-10-06 15:08,241,.9
245,정읍,2024-10-06 15:09,217,1.4
245,정읍,2024-10-06 15:10,192,1.1
245,정읍,2024-10-06 15:11,185,.9
245,정읍,2024-10-06 15:12,172,1.1
245,정읍,2024-10-06 15:13,152,1.3
245,정읍,2024-10-06 15:14,170,1.3
245,정읍,2024-10-06 15:15,166,1.4
245,정읍,2024-10-06 15:16,162,1.5
245,정읍,2024-10-06 15:17,160,1.7
245,정읍,2024-10-06 15:18,159,2.2
245,정읍,2024-10-06 15:19,163,2.1
245,정읍,2024-10-06 15:20,158,2.2
245,정읍,2024-10-06 15:21,154,1.9
245,정읍,2024-10-06 15:22,156,2.1
245,정읍,2024-10-06 15:23,154,2.1
245,정읍,2024-10-06 15:24,153,1.9
245,정읍,2024-10-06 15:25,153,1.8
245,정읍,2024-10-06 15:26,157,1.8
245,정읍,2024-10-06 15:27,153,2.3
245,정읍,2024-10-06 15:28,149,2.3
245,정읍,2024-10-06 15:29,148,1.9
245,정읍,2024-10-06 15:30,146,1.6
245,정읍,2024-10-06 15:31,133,1
245,정읍,2024-10-06 15:32,144,1.3
245,정읍,2024-10-06 15:33,125,1.6
245,정읍,2024-10-06 15:34,112,1.4
245,정읍,2024-10-06 15:35,144,1.6
245,정읍,2024-10-06 15:36,144,1.6
245,정읍,2024-10-06 15:37,141,1.9
245,정읍,2024-10-06 15:38,140,2.2
245,정읍,2024-10-06 15:39,140,2.2
245,정읍,2024-10-06 15:40,135,2.3
245,정읍,2024-10-06 15:41,139,1.7
245,정읍,2024-10-06 15:42,138,1.1
245,정읍,2024-10-06 15:43,138,1.3
245,정읍,2024-10-06 15:44,147,1.3
245,정읍,2024-10-06 15:45,150,.7
245,정읍,2024-10-06 15:46,166,.7
245,정읍,2024-10-06 15:47,195,.8
245,정읍,2024-10-06 15:48,218,1
245,정읍,2024-10-06 15:49,227,.6
245,정읍,2024-10-06 15:50,235,.6
245,정읍,2024-10-06 15:51,215,.7
245,정읍,2024-10-06 15:52,204,.5
245,정읍,2024-10-06 15:53,256,.4
245,정읍,2024-10-06 15:54,280,.4
245,정읍,2024-10-06 15:55,317,.5
245,정읍,2024-10-06 15:56,294,.8
245,정읍,2024-10-06 15:57,308,.7
245,정읍,2024-10-06 15:58,316,1.4
245,정읍,2024-10-06 15:59,298,1.4
245,정읍,2024-10-06 16:00,314,1
245,정읍,2024-10-06 16:01,314,1.4
245,정읍,2024-10-06 16:02,314,2
245,정읍,2024-10-06 16:03,311,1.8
245,정읍,2024-10-06 16:04,309,1.4
245,정읍,2024-10-06 16:05,290,.9
245,정읍,2024-10-06 16:06,295,.8
245,정읍,2024-10-06 16:07,297,.9
245,정읍,2024-10-06 16:08,266,.9
245,정읍,2024-10-06 16:09,246,1.1
245,정읍,2024-10-06 16:10,241,1
245,정읍,2024-10-06 16:11,250,.9
245,정읍,2024-10-06 16:12,247,.8
245,정읍,2024-10-06 16:13,246,.7
245,정읍,2024-10-06 16:14,253,.5
245,정읍,2024-10-06 16:15,259,.5
245,정읍,2024-10-06 16:16,280,.5
245,정읍,2024-10-06 16:17,128,.2
245,정읍,2024-10-06 16:18,344,.1
245,정읍,2024-10-06 16:19,258,.2
245,정읍,2024-10-06 16:20,225,.3
245,정읍,2024-10-06 16:21,214,.7
245,정읍,2024-10-06 16:22,220,.6
245,정읍,2024-10-06 16:23,235,.4
245,정읍,2024-10-06 16:24,218,1.1
245,정읍,2024-10-06 16:25,206,1.2
245,정읍,2024-10-06 16:26,193,1.2
245,정읍,2024-10-06 16:27,191,1
245,정읍,2024-10-06 16:28,201,1.3
245,정읍,2024-10-06 16:29,209,1.2
245,정읍,2024-10-06 16:30,204,.8
245,정읍,2024-10-06 16:31,202,1.2
245,정읍,2024-10-06 16:32,191,1
245,정읍,2024-10-06 16:33,193,.9
245,정읍,2024-10-06 16:34,185,1.2
245,정읍,2024-10-06 16:35,182,1.3
245,정읍,2024-10-06 16:36,176,1.4
245,정읍,2024-10-06 16:37,170,1.7
245,정읍,2024-10-06 16:38,159,1.8
245,정읍,2024-10-06 16:39,164,1.8
245,정읍,2024-10-06 16:40,165,1.7
245,정읍,2024-10-06 16:41,163,1.5
245,정읍,2024-10-06 16:42,161,1.6
245,정읍,2024-10-06 16:43,157,1.5
245,정읍,2024-10-06 16:44,151,1.8
245,정읍,2024-10-06 16:45,156,1.6
245,정읍,2024-10-06 16:46,162,1.4
245,정읍,2024-10-06 16:47,161,1.4
245,정읍,2024-10-06 16:48,159,1.3
245,정읍,2024-10-06 16:49,164,1.3
245,정읍,2024-10-06 16:50,166,1.4
245,정읍,2024-10-06 16:51,174,1.2
245,정읍,2024-10-06 16:52,176,1.4
245,정읍,2024-10-06 16:53,178,1.3
245,정읍,2024-10-06 16:54,176,1.3
245,정읍,2024-10-06 16:55,198,1
245,정읍,2024-10-06 16:56,206,1.2
245,정읍,2024-10-06 16:57,230,.6
245,정읍,2024-10-06 16:58,238,1.1
245,정읍,2024-10-06 16:59,249,1.2
245,정읍,2024-10-06 17:00,254,1.4
245,정읍,2024-10-06 17:01,266,1.1
245,정읍,2024-10-06 17:02,256,1.1
245,정읍,2024-10-06 17:03,266,1
245,정읍,2024-10-06 17:04,285,1.2
245,정읍,2024-10-06 17:05,302,1
245,정읍,2024-10-06 17:06,315,1.2
245,정읍,2024-10-06 17:07,302,.9
245,정읍,2024-10-06 17:08,300,1
245,정읍,2024-10-06 17:09,313,1.5
245,정읍,2024-10-06 17:10,320,1.4
245,정읍,2024-10-06 17:11,328,1.5
245,정읍,2024-10-06 17:12,315,1.2
245,정읍,2024-10-06 17:13,297,1.1
245,정읍,2024-10-06 17:14,289,.6
245,정읍,2024-10-06 17:15,301,1.1
245,정읍,2024-10-06 17:16,301,.7
245,정읍,2024-10-06 17:17,308,1
245,정읍,2024-10-06 17:18,302,1
245,정읍,2024-10-06 17:19,303,.8
245,정읍,2024-10-06 17:20,301,1
245,정읍,2024-10-06 17:21,305,.9
245,정읍,2024-10-06 17:22,306,.9
245,정읍,2024-10-06 17:23,310,.7
245,정읍,2024-10-06 17:24,304,.5
245,정읍,2024-10-06 17:25,306,.5
245,정읍,2024-10-06 17:26,358,.4
245,정읍,2024-10-06 17:27,342,.2
245,정읍,2024-10-06 17:28,356,.1
245,정읍,2024-10-06 17:29,92,.2
245,정읍,2024-10-06 17:30,141,.2
245,정읍,2024-10-06 17:31,131,.2
245,정읍,2024-10-06 17:32,123,.3
245,정읍,2024-10-06 17:33,112,.2
245,정읍,2024-10-06 17:34,150,.1
245,정읍,2024-10-06 17:35,163,.1
245,정읍,2024-10-06 17:36,167,.2
245,정읍,2024-10-06 17:37,187,.4
245,정읍,2024-10-06 17:38,201,.5
245,정읍,2024-10-06 17:39,172,.5
245,정읍,2024-10-06 17:40,153,.6
245,정읍,2024-10-06 17:41,149,.8
245,정읍,2024-10-06 17:42,153,.9
245,정읍,2024-10-06 17:43,147,1
245,정읍,2024-10-06 17:44,144,.9
245,정읍,2024-10-06 17:45,140,.8
245,정읍,2024-10-06 17:46,139,.8
245,정읍,2024-10-06 17:47,141,.8
245,정읍,2024-10-06 17:48,139,.9
245,정읍,2024-10-06 17:49,136,.9
245,정읍,2024-10-06 17:50,131,.9
245,정읍,2024-10-06 17:51,123,.9
245,정읍,2024-10-06 17:52,115,1
245,정읍,2024-10-06 17:53,112,.9
245,정읍,2024-10-06 17:54,110,.7
245,정읍,2024-10-06 17:55,110,.6
245,정읍,2024-10-06 17:56,119,.5
245,정읍,2024-10-06 17:57,135,.4
245,정읍,2024-10-06 17:58,154,.2
245,정읍,2024-10-06 17:59,178,.2
245,정읍,2024-10-06 18:00,191,.4
245,정읍,2024-10-06 18:01,204,.4
245,정읍,2024-10-06 18:02,216,.4
245,정읍,2024-10-06 18:03,255,.4
245,정읍,2024-10-06 18:04,275,.4
245,정읍,2024-10-06 18:05,294,.5
245,정읍,2024-10-06 18:06,280,.5
245,정읍,2024-10-06 18:07,259,.4
245,정읍,2024-10-06 18:08,282,.3
245,정읍,2024-10-06 18:09,266,.3
245,정읍,2024-10-06 18:10,251,.2
245,정읍,2024-10-06 18:11,203,.1
245,정읍,2024-10-06 18:12,179,.3
245,정읍,2024-10-06 18:13,186,.2
245,정읍,2024-10-06 18:14,175,.4
245,정읍,2024-10-06 18:15,187,.4
245,정읍,2024-10-06 18:16,219,.3
245,정읍,2024-10-06 18:17,227,.3
245,정읍,2024-10-06 18:18,199,.2
245,정읍,2024-10-06 18:19,187,.1
245,정읍,2024-10-06 18:20,156,.1
245,정읍,2024-10-06 18:21,107,.3
245,정읍,2024-10-06 18:22,113,.5
245,정읍,2024-10-06 18:23,112,.5
245,정읍,2024-10-06 18:24,101,.6
245,정읍,2024-10-06 18:25,85,.7
245,정읍,2024-10-06 18:26,82,.7
245,정읍,2024-10-06 18:27,79,.7
245,정읍,2024-10-06 18:28,75,.8
245,정읍,2024-10-06 18:29,86,.7
245,정읍,2024-10-06 18:30,85,.7
245,정읍,2024-10-06 18:31,111,.6
245,정읍,2024-10-06 18:32,114,.9
245,정읍,2024-10-06 18:33,138,.5
245,정읍,2024-10-06 18:34,121,.5
245,정읍,2024-10-06 18:35,121,.5
245,정읍,2024-10-06 18:36,142,.5
245,정읍,2024-10-06 18:37,180,.4
245,정읍,2024-10-06 18:38,226,.7
245,정읍,2024-10-06 18:39,235,.7
245,정읍,2024-10-06 18:40,221,.8
245,정읍,2024-10-06 18:41,202,.7
245,정읍,2024-10-06 18:42,190,.6
245,정읍,2024-10-06 18:43,180,.7
245,정읍,2024-10-06 18:44,170,.9
245,정읍,2024-10-06 18:45,165,.9
245,정읍,2024-10-06 18:46,159,.9
245,정읍,2024-10-06 18:47,156,.9
245,정읍,2024-10-06 18:48,150,1.1
245,정읍,2024-10-06 18:49,146,1.2
245,정읍,2024-10-06 18:50,139,1.3
245,정읍,2024-10-06 18:51,132,1.4
245,정읍,2024-10-06 18:52,128,1.4
245,정읍,2024-10-06 18:53,122,1.5
245,정읍,2024-10-06 18:54,119,1.5
245,정읍,2024-10-06 18:55,108,1.6
245,정읍,2024-10-06 18:56,104,1.4
245,정읍,2024-10-06 18:57,98,1.3
245,정읍,2024-10-06 18:58,102,1.4
245,정읍,2024-10-06 18:59,108,1.3
245,정읍,2024-10-06 19:00,117,1.2
245,정읍,2024-10-06 19:01,106,1.3
245,정읍,2024-10-06 19:02,103,1
245,정읍,2024-10-06 19:03,134,1.1
245,정읍,2024-10-06 19:04,114,1.1
245,정읍,2024-10-06 19:05,128,.7
245,정읍,2024-10-06 19:06,132,.9
245,정읍,2024-10-06 19:07,204,.7
245,정읍,2024-10-06 19:08,229,.6
245,정읍,2024-10-06 19:09,227,.5
245,정읍,2024-10-06 19:10,233,.7
245,정읍,2024-10-06 19:11,218,1.2
245,정읍,2024-10-06 19:12,216,1.1
245,정읍,2024-10-06 19:13,232,1
245,정읍,2024-10-06 19:14,227,.8
245,정읍,2024-10-06 19:15,214,.7
245,정읍,2024-10-06 19:16,209,.8
245,정읍,2024-10-06 19:17,192,1
245,정읍,2024-10-06 19:18,189,1.1
245,정읍,2024-10-06 19:19,193,1.4
245,정읍,2024-10-06 19:20,184,1.4
245,정읍,2024-10-06 19:21,184,1.4
245,정읍,2024-10-06 19:22,167,1.2
245,정읍,2024-10-06 19:23,170,1.5
245,정읍,2024-10-06 19:24,167,1.4
245,정읍,2024-10-06 19:25,158,1.1
245,정읍,2024-10-06 19:26,143,.5
245,정읍,2024-10-06 19:27,167,.8
245,정읍,2024-10-06 19:28,150,1
245,정읍,2024-10-06 19:29,163,.8
245,정읍,2024-10-06 19:30,200,.6
245,정읍,2024-10-06 19:31,226,.4
245,정읍,2024-10-06 19:32,232,.3
245,정읍,2024-10-06 19:33,218,.4
245,정읍,2024-10-06 19:34,232,.4
245,정읍,2024-10-06 19:35,190,.5
245,정읍,2024-10-06 19:36,194,.6
245,정읍,2024-10-06 19:37,200,.8
245,정읍,2024-10-06 19:38,210,.9
245,정읍,2024-10-06 19:39,220,1
245,정읍,2024-10-06 19:40,227,.9
245,정읍,2024-10-06 19:41,227,.7
245,정읍,2024-10-06 19:42,228,.7
245,정읍,2024-10-06 19:43,239,.5
245,정읍,2024-10-06 19:44,267,.2
245,정읍,2024-10-06 19:45,281,.3
245,정읍,2024-10-06 19:46,281,.5
245,정읍,2024-10-06 19:47,289,.6
245,정읍,2024-10-06 19:48,290,.7
245,정읍,2024-10-06 19:49,280,.6
245,정읍,2024-10-06 19:50,258,.5
245,정읍,2024-10-06 19:51,221,.5
245,정읍,2024-10-06 19:52,239,.5
245,정읍,2024-10-06 19:53,244,.5
245,정읍,2024-10-06 19:54,221,.3
245,정읍,2024-10-06 19:55,204,.4
245,정읍,2024-10-06 19:56,206,.4
245,정읍,2024-10-06 19:57,203,.7
245,정읍,2024-10-06 19:58,187,.7
245,정읍,2024-10-06 19:59,192,.6
245,정읍,2024-10-06 20:00,167,.7
245,정읍,2024-10-06 20:01,181,.6
245,정읍,2024-10-06 20:02,179,.6
245,정읍,2024-10-06 20:03,181,.5
245,정읍,2024-10-06 20:04,193,.3
245,정읍,2024-10-06 20:05,225,.5
245,정읍,2024-10-06 20:06,239,.5
245,정읍,2024-10-06 20:07,230,.7
245,정읍,2024-10-06 20:08,223,.7
245,정읍,2024-10-06 20:09,218,.9
245,정읍,2024-10-06 20:10,190,.8
245,정읍,2024-10-06 20:11,167,.9
245,정읍,2024-10-06 20:12,154,1
245,정읍,2024-10-06 20:13,141,1.1
245,정읍,2024-10-06 20:14,129,.8
245,정읍,2024-10-06 20:15,135,.5
245,정읍,2024-10-06 20:16,156,.7
245,정읍,2024-10-06 20:17,156,.8
245,정읍,2024-10-06 20:18,154,.9
245,정읍,2024-10-06 20:19,153,.9
245,정읍,2024-10-06 20:20,158,1
245,정읍,2024-10-06 20:21,170,.6
245,정읍,2024-10-06 20:22,187,.6
245,정읍,2024-10-06 20:23,214,.5
245,정읍,2024-10-06 20:24,262,.5
245,정읍,2024-10-06 20:25,263,.5
245,정읍,2024-10-06 20:26,283,.5
245,정읍,2024-10-06 20:27,299,.5
245,정읍,2024-10-06 20:28,313,.4
245,정읍,2024-10-06 20:29,286,.3
245,정읍,2024-10-06 20:30,248,.4
245,정읍,2024-10-06 20:31,216,.6
245,정읍,2024-10-06 20:32,210,.9
245,정읍,2024-10-06 20:33,204,.9
245,정읍,2024-10-06 20:34,202,.9
245,정읍,2024-10-06 20:35,193,.9
245,정읍,2024-10-06 20:36,191,.8
245,정읍,2024-10-06 20:37,195,.8
245,정읍,2024-10-06 20:38,198,.7
245,정읍,2024-10-06 20:39,204,.8
245,정읍,2024-10-06 20:40,204,.8
245,정읍,2024-10-06 20:41,194,.8
245,정읍,2024-10-06 20:42,191,.7
245,정읍,2024-10-06 20:43,181,.5
245,정읍,2024-10-06 20:44,186,.6
245,정읍,2024-10-06 20:45,191,.7
245,정읍,2024-10-06 20:46,190,.8
245,정읍,2024-10-06 20:47,197,1
245,정읍,2024-10-06 20:48,201,1
245,정읍,2024-10-06 20:49,200,1
245,정읍,2024-10-06 20:50,184,.9
245,정읍,2024-10-06 20:51,173,1
245,정읍,2024-10-06 20:52,156,1
245,정읍,2024-10-06 20:53,136,1.2
245,정읍,2024-10-06 20:54,120,1.2
245,정읍,2024-10-06 20:55,112,1
245,정읍,2024-10-06 20:56,90,1.2
245,정읍,2024-10-06 20:57,85,1.1
245,정읍,2024-10-06 20:58,77,.9
245,정읍,2024-10-06 20:59,64,.7
245,정읍,2024-10-06 21:00,67,.6
245,정읍,2024-10-06 21:01,83,.4
245,정읍,2024-10-06 21:02,38,.4
245,정읍,2024-10-06 21:03,10,.4
245,정읍,2024-10-06 21:04,45,.5
245,정읍,2024-10-06 21:05,52,.8
245,정읍,2024-10-06 21:06,67,.5
245,정읍,2024-10-06 21:07,50,.5
245,정읍,2024-10-06 21:08,66,.3
245,정읍,2024-10-06 21:09,329,.1
245,정읍,2024-10-06 21:10,236,.2
245,정읍,2024-10-06 21:11,234,.3
245,정읍,2024-10-06 21:12,252,.2
245,정읍,2024-10-06 21:13,223,.5
245,정읍,2024-10-06 21:14,221,.6
245,정읍,2024-10-06 21:15,228,.6
245,정읍,2024-10-06 21:16,248,.6
245,정읍,2024-10-06 21:17,227,.6
245,정읍,2024-10-06 21:18,221,.7
245,정읍,2024-10-06 21:19,213,.8
245,정읍,2024-10-06 21:20,208,.7
245,정읍,2024-10-06 21:21,179,.7
245,정읍,2024-10-06 21:22,174,.7
245,정읍,2024-10-06 21:23,197,.5
245,정읍,2024-10-06 21:24,215,.5
245,정읍,2024-10-06 21:25,232,.3
245,정읍,2024-10-06 21:26,189,.5
245,정읍,2024-10-06 21:27,193,.5
245,정읍,2024-10-06 21:28,185,.6
245,정읍,2024-10-06 21:29,152,.6
245,정읍,2024-10-06 21:30,166,.7
245,정읍,2024-10-06 21:31,168,.7
245,정읍,2024-10-06 21:32,180,.7
245,정읍,2024-10-06 21:33,177,.6
245,정읍,2024-10-06 21:34,182,.6
245,정읍,2024-10-06 21:35,189,.5
245,정읍,2024-10-06 21:36,205,.4
245,정읍,2024-10-06 21:37,212,.6
245,정읍,2024-10-06 21:38,208,1
245,정읍,2024-10-06 21:39,199,1.1
245,정읍,2024-10-06 21:40,186,1.3
245,정읍,2024-10-06 21:41,180,1.4
245,정읍,2024-10-06 21:42,180,1.2
245,정읍,2024-10-06 21:43,181,1.2
245,정읍,2024-10-06 21:44,172,1.3
245,정읍,2024-10-06 21:45,171,1
245,정읍,2024-10-06 21:46,155,.7
245,정읍,2024-10-06 21:47,143,.5
245,정읍,2024-10-06 21:48,131,.6
245,정읍,2024-10-06 21:49,108,.5
245,정읍,2024-10-06 21:50,89,.4
245,정읍,2024-10-06 21:51,68,.7
245,정읍,2024-10-06 21:52,64,.9
245,정읍,2024-10-06 21:53,38,1
245,정읍,2024-10-06 21:54,49,.9
245,정읍,2024-10-06 21:55,47,1.1
245,정읍,2024-10-06 21:56,47,1.2
245,정읍,2024-10-06 21:57,55,1.6
245,정읍,2024-10-06 21:58,66,1.3
245,정읍,2024-10-06 21:59,93,1
245,정읍,2024-10-06 22:00,87,.9
245,정읍,2024-10-06 22:01,107,.5
245,정읍,2024-10-06 22:02,175,.5
245,정읍,2024-10-06 22:03,218,.9
245,정읍,2024-10-06 22:04,239,.8
245,정읍,2024-10-06 22:05,216,.7
245,정읍,2024-10-06 22:06,211,.7
245,정읍,2024-10-06 22:07,213,.5
245,정읍,2024-10-06 22:08,225,.3
245,정읍,2024-10-06 22:09,233,.4
245,정읍,2024-10-06 22:10,235,.5
245,정읍,2024-10-06 22:11,229,.7
245,정읍,2024-10-06 22:12,230,.8
245,정읍,2024-10-06 22:13,222,.9
245,정읍,2024-10-06 22:14,196,.8
245,정읍,2024-10-06 22:15,185,.9
245,정읍,2024-10-06 22:16,182,1
245,정읍,2024-10-06 22:17,176,.9
245,정읍,2024-10-06 22:18,173,1
245,정읍,2024-10-06 22:19,169,1
245,정읍,2024-10-06 22:20,177,.9
245,정읍,2024-10-06 22:21,177,.7
245,정읍,2024-10-06 22:22,158,.8
245,정읍,2024-10-06 22:23,162,.8
245,정읍,2024-10-06 22:24,166,.9
245,정읍,2024-10-06 22:25,150,1.2
245,정읍,2024-10-06 22:26,151,1.1
245,정읍,2024-10-06 22:27,155,1
245,정읍,2024-10-06 22:28,149,1
245,정읍,2024-10-06 22:29,154,.9
245,정읍,2024-10-06 22:30,152,1
245,정읍,2024-10-06 22:31,144,.8
245,정읍,2024-10-06 22:32,119,.7
245,정읍,2024-10-06 22:33,88,.8
245,정읍,2024-10-06 22:34,72,.9
245,정읍,2024-10-06 22:35,71,1.1
245,정읍,2024-10-06 22:36,67,.7
245,정읍,2024-10-06 22:37,72,.8
245,정읍,2024-10-06 22:38,59,1
245,정읍,2024-10-06 22:39,77,1.1
245,정읍,2024-10-06 22:40,67,.9
245,정읍,2024-10-06 22:41,57,.5
245,정읍,2024-10-06 22:42,359,.2
245,정읍,2024-10-06 22:43,347,.1
245,정읍,2024-10-06 22:44,319,.2
245,정읍,2024-10-06 22:45,328,.4
245,정읍,2024-10-06 22:46,2,.6
245,정읍,2024-10-06 22:47,332,.5
245,정읍,2024-10-06 22:48,345,.5
245,정읍,2024-10-06 22:49,317,.4
245,정읍,2024-10-06 22:50,318,.3
245,정읍,2024-10-06 22:51,332,.2
245,정읍,2024-10-06 22:52,280,.3
245,정읍,2024-10-06 22:53,266,.4
245,정읍,2024-10-06 22:54,233,.3
245,정읍,2024-10-06 22:55,12,.1
245,정읍,2024-10-06 22:56,359.9,.2
245,정읍,2024-10-06 22:57,13,.1
245,정읍,2024-10-06 22:58,46,.3
245,정읍,2024-10-06 22:59,65,.4
245,정읍,2024-10-06 23:00,79,.4
245,정읍,2024-10-06 23:01,66,.3
245,정읍,2024-10-06 23:02,26,.3
245,정읍,2024-10-06 23:03,42,.4
245,정읍,2024-10-06 23:04,41,.6
245,정읍,2024-10-06 23:05,34,.7
245,정읍,2024-10-06 23:06,48,.7
245,정읍,2024-10-06 23:07,58,.8
245,정읍,2024-10-06 23:08,58,.6
245,정읍,2024-10-06 23:09,64,.6
245,정읍,2024-10-06 23:10,77,.6
245,정읍,2024-10-06 23:11,105,.7
245,정읍,2024-10-06 23:12,120,.9
245,정읍,2024-10-06 23:13,109,.9
245,정읍,2024-10-06 23:14,100,1
245,정읍,2024-10-06 23:15,94,.9
245,정읍,2024-10-06 23:16,79,.9
245,정읍,2024-10-06 23:17,71,.7
245,정읍,2024-10-06 23:18,56,.7
245,정읍,2024-10-06 23:19,38,.5
245,정읍,2024-10-06 23:20,14,.2
245,정읍,2024-10-06 23:21,36,.2
245,정읍,2024-10-06 23:22,77,.3
245,정읍,2024-10-06 23:23,72,.4
245,정읍,2024-10-06 23:24,91,.3
245,정읍,2024-10-06 23:25,146,.2
245,정읍,2024-10-06 23:26,193,.3
245,정읍,2024-10-06 23:27,223,.5
245,정읍,2024-10-06 23:28,226,.7
245,정읍,2024-10-06 23:29,224,.9
245,정읍,2024-10-06 23:30,231,.7
245,정읍,2024-10-06 23:31,242,.7
245,정읍,2024-10-06 23:32,263,.7
245,정읍,2024-10-06 23:33,276,.8
245,정읍,2024-10-06 23:34,282,.8
245,정읍,2024-10-06 23:35,283,.6
245,정읍,2024-10-06 23:36,296,.6
245,정읍,2024-10-06 23:37,313,.4
245,정읍,2024-10-06 23:38,329,.6
245,정읍,2024-10-06 23:39,331,.6
245,정읍,2024-10-06 23:40,342,.5
245,정읍,2024-10-06 23:41,6,.6
245,정읍,2024-10-06 23:42,3,.6
245,정읍,2024-10-06 23:43,13,.4
245,정읍,2024-10-06 23:44,359,.4
245,정읍,2024-10-06 23:45,18,.5
245,정읍,2024-10-06 23:46,33,.5
245,정읍,2024-10-06 23:47,30,.5
245,정읍,2024-10-06 23:48,18,.4
245,정읍,2024-10-06 23:49,359,.3
245,정읍,2024-10-06 23:50,329,.2
245,정읍,2024-10-06 23:51,324,.2
245,정읍,2024-10-06 23:52,40,.2
245,정읍,2024-10-06 23:53,75,.2
245,정읍,2024-10-06 23:54,59,.6
245,정읍,2024-10-06 23:55,76,.6
245,정읍,2024-10-06 23:56,88,.5
245,정읍,2024-10-06 23:57,104,.2
245,정읍,2024-10-06 23:58,138,.1
245,정읍,2024-10-06 23:59,212,.1
245,정읍,2024-10-07 00:00,296,.1
247,남원,2024-10-06 00:01,340,0
247,남원,2024-10-06 00:02,341.4,.1
247,남원,2024-10-06 00:03,345.4,.2
247,남원,2024-10-06 00:04,356.8,.5
247,남원,2024-10-06 00:05,29.2,.9
247,남원,2024-10-06 00:06,43.5,1.2
247,남원,2024-10-06 00:07,48.3,1.4
247,남원,2024-10-06 00:08,38,1.2
247,남원,2024-10-06 00:09,16.1,.8
247,남원,2024-10-06 00:10,30.6,1
247,남원,2024-10-06 00:11,14.5,.9
247,남원,2024-10-06 00:12,356.6,.6
247,남원,2024-10-06 00:13,350.4,.3
247,남원,2024-10-06 00:14,345.8,.3
247,남원,2024-10-06 00:15,357.6,.5
247,남원,2024-10-06 00:16,.8,.5
247,남원,2024-10-06 00:17,45.6,1.4
247,남원,2024-10-06 00:18,69.3,2.3
247,남원,2024-10-06 00:19,61.2,2
247,남원,2024-10-06 00:20,60.9,1.6
247,남원,2024-10-06 00:21,55.1,1.6
247,남원,2024-10-06 00:22,68,1.9
247,남원,2024-10-06 00:23,69.9,2.3
247,남원,2024-10-06 00:24,49.3,1.6
247,남원,2024-10-06 00:25,58.2,1.6
247,남원,2024-10-06 00:26,46,1.3
247,남원,2024-10-06 00:27,58.1,1.6
247,남원,2024-10-06 00:28,51.9,1.8
247,남원,2024-10-06 00:29,48.4,1.5
247,남원,2024-10-06 00:30,53.7,1.8
247,남원,2024-10-06 00:31,48,1.6
247,남원,2024-10-06 00:32,43.1,1.5
247,남원,2024-10-06 00:33,33.4,1.6
247,남원,2024-10-06 00:34,15.4,1
247,남원,2024-10-06 00:35,32.1,1.3
247,남원,2024-10-06 00:36,40.7,1.7
247,남원,2024-10-06 00:37,43.1,2.2
247,남원,2024-10-06 00:38,50.1,2.2
247,남원,2024-10-06 00:39,30.2,2
247,남원,2024-10-06 00:40,34.2,1.4
247,남원,2024-10-06 00:41,46,2.1
247,남원,2024-10-06 00:42,41.5,1.6
247,남원,2024-10-06 00:43,41,1.6
247,남원,2024-10-06 00:44,48,2.2
247,남원,2024-10-06 00:45,43.7,1.9
247,남원,2024-10-06 00:46,61.9,2.1
247,남원,2024-10-06 00:47,63.2,2.2
247,남원,2024-10-06 00:48,60.9,1.7
247,남원,2024-10-06 00:49,66,2.4
247,남원,2024-10-06 00:50,72.2,2
247,남원,2024-10-06 00:51,69.8,2.1
247,남원,2024-10-06 00:52,55.9,2
247,남원,2024-10-06 00:53,52.2,1.6
247,남원,2024-10-06 00:54,36.8,1.6
247,남원,2024-10-06 00:55,37.2,1.6
247,남원,2024-10-06 00:56,33.1,1.2
247,남원,2024-10-06 00:57,28.4,1.4
247,남원,2024-10-06 00:58,36.3,1.7
247,남원,2024-10-06 00:59,32.7,1.9
247,남원,2024-10-06 01:00,23,1.1
247,남원,2024-10-06 01:01,16.8,1.1
247,남원,2024-10-06 01:02,26.5,1.9
247,남원,2024-10-06 01:03,34.6,2.1
247,남원,2024-10-06 01:04,40.4,2.2
247,남원,2024-10-06 01:05,28.3,1.7
247,남원,2024-10-06 01:06,34,1.9
247,남원,2024-10-06 01:07,35.8,2.3
247,남원,2024-10-06 01:08,45.7,2.2
247,남원,2024-10-06 01:09,45.8,2.1
247,남원,2024-10-06 01:10,53,2.3
247,남원,2024-10-06 01:11,44.1,1.9
247,남원,2024-10-06 01:12,22.1,1.1
247,남원,2024-10-06 01:13,26.7,1.3
247,남원,2024-10-06 01:14,32.8,1.2
247,남원,2024-10-06 01:15,22.3,1.1
247,남원,2024-10-06 01:16,3.9,.8
247,남원,2024-10-06 01:17,359,.6
247,남원,2024-10-06 01:18,11.8,.8
247,남원,2024-10-06 01:19,40,1.2
247,남원,2024-10-06 01:20,36.9,1.2
247,남원,2024-10-06 01:21,18.5,1
247,남원,2024-10-06 01:22,6.6,.9
247,남원,2024-10-06 01:23,14.2,.9
247,남원,2024-10-06 01:24,12.2,.8
247,남원,2024-10-06 01:25,8,.9
247,남원,2024-10-06 01:26,2.2,.7
247,남원,2024-10-06 01:27,13.6,.8
247,남원,2024-10-06 01:28,17.7,.9
247,남원,2024-10-06 01:29,33.9,1.2
247,남원,2024-10-06 01:30,39,1.6
247,남원,2024-10-06 01:31,31.6,1.3
247,남원,2024-10-06 01:32,17.3,1.1
247,남원,2024-10-06 01:33,43.3,1.6
247,남원,2024-10-06 01:34,14.7,1.2
247,남원,2024-10-06 01:35,34.1,1.2
247,남원,2024-10-06 01:36,35,1.1
247,남원,2024-10-06 01:37,37.5,1.6
247,남원,2024-10-06 01:38,40.4,1.4
247,남원,2024-10-06 01:39,49.6,1.7
247,남원,2024-10-06 01:40,52,2
247,남원,2024-10-06 01:41,45.4,1.4
247,남원,2024-10-06 01:42,57.7,2.4
247,남원,2024-10-06 01:43,44.4,2.1
247,남원,2024-10-06 01:44,22.1,1.1
247,남원,2024-10-06 01:45,22.3,1.3
247,남원,2024-10-06 01:46,42.5,1.4
247,남원,2024-10-06 01:47,47.6,1.9
247,남원,2024-10-06 01:48,30.9,1.3
247,남원,2024-10-06 01:49,38.9,1.7
247,남원,2024-10-06 01:50,59.8,2
247,남원,2024-10-06 01:51,50.6,1.8
247,남원,2024-10-06 01:52,59.2,2.6
247,남원,2024-10-06 01:53,47.7,1.7
247,남원,2024-10-06 01:54,34.9,1.4
247,남원,2024-10-06 01:55,37.6,1.5
247,남원,2024-10-06 01:56,29.4,1.3
247,남원,2024-10-06 01:57,20.1,1.3
247,남원,2024-10-06 01:58,34,1.7
247,남원,2024-10-06 01:59,29.4,1.5
247,남원,2024-10-06 02:00,25.7,1
247,남원,2024-10-06 02:01,34.5,1.3
247,남원,2024-10-06 02:02,30.4,1.6
247,남원,2024-10-06 02:03,31.3,1.8
247,남원,2024-10-06 02:04,30.3,1.5
247,남원,2024-10-06 02:05,28.8,1.2
247,남원,2024-10-06 02:06,26.1,1.3
247,남원,2024-10-06 02:07,32.9,1.5
247,남원,2024-10-06 02:08,32.3,1.2
247,남원,2024-10-06 02:09,45.3,1.6
247,남원,2024-10-06 02:10,28.2,1.4
247,남원,2024-10-06 02:11,22.3,1.2
247,남원,2024-10-06 02:12,33.7,1.3
247,남원,2024-10-06 02:13,35.5,1.5
247,남원,2024-10-06 02:14,41.6,1.3
247,남원,2024-10-06 02:15,36.5,1.2
247,남원,2024-10-06 02:16,25.3,1.2
247,남원,2024-10-06 02:17,20.4,1
247,남원,2024-10-06 02:18,22.7,1.1
247,남원,2024-10-06 02:19,34.1,1.3
247,남원,2024-10-06 02:20,25.7,1.1
247,남원,2024-10-06 02:21,37.6,1.3
247,남원,2024-10-06 02:22,34.4,1.5
247,남원,2024-10-06 02:23,46.4,1.7
247,남원,2024-10-06 02:24,6.8,.8
247,남원,2024-10-06 02:25,5.4,.7
247,남원,2024-10-06 02:26,24.6,1.8
247,남원,2024-10-06 02:27,12.1,1.4
247,남원,2024-10-06 02:28,7.7,1.2
247,남원,2024-10-06 02:29,32.5,1.4
247,남원,2024-10-06 02:30,36.3,1.5
247,남원,2024-10-06 02:31,31.7,1.3
247,남원,2024-10-06 02:32,23.4,1.2
247,남원,2024-10-06 02:33,354.9,.5
247,남원,2024-10-06 02:34,346.6,.1
247,남원,2024-10-06 02:35,29.8,.9
247,남원,2024-10-06 02:36,9.4,.8
247,남원,2024-10-06 02:37,37.5,1.2
247,남원,2024-10-06 02:38,58.7,1.6
247,남원,2024-10-06 02:39,48.7,1.2
247,남원,2024-10-06 02:40,44.7,1.3
247,남원,2024-10-06 02:41,44.9,1.3
247,남원,2024-10-06 02:42,36.7,1.6
247,남원,2024-10-06 02:43,37.9,1.8
247,남원,2024-10-06 02:44,48.4,1.7
247,남원,2024-10-06 02:45,48.3,1.5
247,남원,2024-10-06 02:46,49.7,1.6
247,남원,2024-10-06 02:47,60.8,2.2
247,남원,2024-10-06 02:48,53.7,3
247,남원,2024-10-06 02:49,53.5,2.2
247,남원,2024-10-06 02:50,60,2.5
247,남원,2024-10-06 02:51,43.4,2.5
247,남원,2024-10-06 02:52,34.1,1.9
247,남원,2024-10-06 02:53,35.1,1.8
247,남원,2024-10-06 02:54,42.9,2.1
247,남원,2024-10-06 02:55,48.7,2.1
247,남원,2024-10-06 02:56,42.1,1.9
247,남원,2024-10-06 02:57,42.4,2.2
247,남원,2024-10-06 02:58,39.1,2.3
247,남원,2024-10-06 02:59,63.8,2.6
247,남원,2024-10-06 03:00,56.2,2.8
247,남원,2024-10-06 03:01,52.8,3
247,남원,2024-10-06 03:02,45.8,2
247,남원,2024-10-06 03:03,48.6,1.9
247,남원,2024-10-06 03:04,49.9,2.8
247,남원,2024-10-06 03:05,42.1,2.8
247,남원,2024-10-06 03:06,38,2.5
247,남원,2024-10-06 03:07,49.1,2.6
247,남원,2024-10-06 03:08,46.2,2.8
247,남원,2024-10-06 03:09,41.4,2.9
247,남원,2024-10-06 03:10,44,2.9
247,남원,2024-10-06 03:11,51.2,2.9
247,남원,2024-10-06 03:12,46.5,3.3
247,남원,2024-10-06 03:13,51.4,2.7
247,남원,2024-10-06 03:14,44.5,2.7
247,남원,2024-10-06 03:15,55.1,2.8
247,남원,2024-10-06 03:16,49.5,2.9
247,남원,2024-10-06 03:17,62.8,2.2
247,남원,2024-10-06 03:18,43.1,1.7
247,남원,2024-10-06 03:19,50,2
247,남원,2024-10-06 03:20,47.1,2.2
247,남원,2024-10-06 03:21,51.6,2.3
247,남원,2024-10-06 03:22,55.2,2.1
247,남원,2024-10-06 03:23,50.3,1.8
247,남원,2024-10-06 03:24,51.6,2.2
247,남원,2024-10-06 03:25,45.8,1.7
247,남원,2024-10-06 03:26,30.1,1.4
247,남원,2024-10-06 03:27,30.1,1.1
247,남원,2024-10-06 03:28,29.8,1.1
247,남원,2024-10-06 03:29,27.5,1.3
247,남원,2024-10-06 03:30,27.9,1.1
247,남원,2024-10-06 03:31,354.7,.6
247,남원,2024-10-06 03:32,3.1,.7
247,남원,2024-10-06 03:33,354.5,.4
247,남원,2024-10-06 03:34,348.6,.4
247,남원,2024-10-06 03:35,342.4,0
247,남원,2024-10-06 03:36,333.6,.1
247,남원,2024-10-06 03:37,326.2,.3
247,남원,2024-10-06 03:38,316.9,.5
247,남원,2024-10-06 03:39,322.8,.4
247,남원,2024-10-06 03:40,316.2,.6
247,남원,2024-10-06 03:41,310.6,.7
247,남원,2024-10-06 03:42,315.2,.7
247,남원,2024-10-06 03:43,312.9,.6
247,남원,2024-10-06 03:44,317.2,.6
247,남원,2024-10-06 03:45,314.4,.6
247,남원,2024-10-06 03:46,319.3,.5
247,남원,2024-10-06 03:47,301.3,.9
247,남원,2024-10-06 03:48,289.5,1.1
247,남원,2024-10-06 03:49,286,1.4
247,남원,2024-10-06 03:50,291.4,1.1
247,남원,2024-10-06 03:51,298.5,1
247,남원,2024-10-06 03:52,289.6,1
247,남원,2024-10-06 03:53,290,1
247,남원,2024-10-06 03:54,297.9,1
247,남원,2024-10-06 03:55,285.6,1.2
247,남원,2024-10-06 03:56,273,1.3
247,남원,2024-10-06 03:57,278.4,1.3
247,남원,2024-10-06 03:58,270.4,1.5
247,남원,2024-10-06 03:59,288.7,1.4
247,남원,2024-10-06 04:00,287.1,1.5
247,남원,2024-10-06 04:01,284,1.4
247,남원,2024-10-06 04:02,277.9,1.5
247,남원,2024-10-06 04:03,278.7,1.3
247,남원,2024-10-06 04:04,288.1,1.1
247,남원,2024-10-06 04:05,285.2,1.1
247,남원,2024-10-06 04:06,299.8,.9
247,남원,2024-10-06 04:07,307.5,.7
247,남원,2024-10-06 04:08,299.9,.8
247,남원,2024-10-06 04:09,285.3,1.1
247,남원,2024-10-06 04:10,286.7,1.2
247,남원,2024-10-06 04:11,297.8,.9
247,남원,2024-10-06 04:12,269.8,1.5
247,남원,2024-10-06 04:13,260.5,1.9
247,남원,2024-10-06 04:14,277.5,1.7
247,남원,2024-10-06 04:15,272,1.9
247,남원,2024-10-06 04:16,265.9,1.9
247,남원,2024-10-06 04:17,300.8,.8
247,남원,2024-10-06 04:18,308.1,.6
247,남원,2024-10-06 04:19,299.1,.8
247,남원,2024-10-06 04:20,325.6,.3
247,남원,2024-10-06 04:21,292.7,.9
247,남원,2024-10-06 04:22,263.5,1.3
247,남원,2024-10-06 04:23,301.1,.8
247,남원,2024-10-06 04:24,315.2,.6
247,남원,2024-10-06 04:25,304.1,.8
247,남원,2024-10-06 04:26,307,.8
247,남원,2024-10-06 04:27,325.3,.3
247,남원,2024-10-06 04:28,298.6,.8
247,남원,2024-10-06 04:29,322.6,.4
247,남원,2024-10-06 04:30,329.2,.2
247,남원,2024-10-06 04:31,328.6,.1
247,남원,2024-10-06 04:32,328.6,.1
247,남원,2024-10-06 04:33,328.4,.1
247,남원,2024-10-06 04:34,348.6,.3
247,남원,2024-10-06 04:35,23.5,.9
247,남원,2024-10-06 04:36,2.6,.8
247,남원,2024-10-06 04:37,24.3,1
247,남원,2024-10-06 04:38,14,1
247,남원,2024-10-06 04:39,10.1,1
247,남원,2024-10-06 04:40,20.8,1
247,남원,2024-10-06 04:41,38.8,1.3
247,남원,2024-10-06 04:42,23.4,1
247,남원,2024-10-06 04:43,38.8,1.7
247,남원,2024-10-06 04:44,55,1.9
247,남원,2024-10-06 04:45,39.7,1.6
247,남원,2024-10-06 04:46,45.2,1.4
247,남원,2024-10-06 04:47,47.1,1.6
247,남원,2024-10-06 04:48,36.2,1.5
247,남원,2024-10-06 04:49,14.7,.9
247,남원,2024-10-06 04:50,1.1,.6
247,남원,2024-10-06 04:51,352.9,.4
247,남원,2024-10-06 04:52,347.1,.3
247,남원,2024-10-06 04:53,313.9,.4
247,남원,2024-10-06 04:54,246.8,1.6
247,남원,2024-10-06 04:55,269.4,1.4
247,남원,2024-10-06 04:56,285.5,1.2
247,남원,2024-10-06 04:57,285.5,1.3
247,남원,2024-10-06 04:58,269.4,1.7
247,남원,2024-10-06 04:59,269.9,1.4
247,남원,2024-10-06 05:00,296.2,1.1
247,남원,2024-10-06 05:01,290.7,1
247,남원,2024-10-06 05:02,274.3,1.5
247,남원,2024-10-06 05:03,299.5,1.1
247,남원,2024-10-06 05:04,305.4,.7
247,남원,2024-10-06 05:05,299,.9
247,남원,2024-10-06 05:06,316.7,.8
247,남원,2024-10-06 05:07,317.9,.6
247,남원,2024-10-06 05:08,316.9,.7
247,남원,2024-10-06 05:09,319.8,.5
247,남원,2024-10-06 05:10,305.9,.7
247,남원,2024-10-06 05:11,302,.8
247,남원,2024-10-06 05:12,313.3,.8
247,남원,2024-10-06 05:13,292.2,1.1
247,남원,2024-10-06 05:14,318.3,.8
247,남원,2024-10-06 05:15,306.7,.7
247,남원,2024-10-06 05:16,321,.7
247,남원,2024-10-06 05:17,320.1,.6
247,남원,2024-10-06 05:18,320.2,.6
247,남원,2024-10-06 05:19,319.8,.7
247,남원,2024-10-06 05:20,328.3,.6
247,남원,2024-10-06 05:21,341.9,.6
247,남원,2024-10-06 05:22,337.5,.2
247,남원,2024-10-06 05:23,309.9,.6
247,남원,2024-10-06 05:24,318.1,.6
247,남원,2024-10-06 05:25,331.8,.2
247,남원,2024-10-06 05:26,326.8,.2
247,남원,2024-10-06 05:27,313.6,.5
247,남원,2024-10-06 05:28,301.7,.9
247,남원,2024-10-06 05:29,309.7,.7
247,남원,2024-10-06 05:30,311.6,.6
247,남원,2024-10-06 05:31,293.4,.7
247,남원,2024-10-06 05:32,304.9,.6
247,남원,2024-10-06 05:33,323.4,.4
247,남원,2024-10-06 05:34,325.7,.3
247,남원,2024-10-06 05:35,324.5,.3
247,남원,2024-10-06 05:36,313.6,.5
247,남원,2024-10-06 05:37,313.9,.5
247,남원,2024-10-06 05:38,310.9,.5
247,남원,2024-10-06 05:39,328.2,.5
247,남원,2024-10-06 05:40,333.9,.2
247,남원,2024-10-06 05:41,340.9,.2
247,남원,2024-10-06 05:42,338.2,0
247,남원,2024-10-06 05:43,347.8,.3
247,남원,2024-10-06 05:44,356.8,.6
247,남원,2024-10-06 05:45,350.1,.4
247,남원,2024-10-06 05:46,355.3,.5
247,남원,2024-10-06 05:47,6.1,.8
247,남원,2024-10-06 05:48,350.7,.4
247,남원,2024-10-06 05:49,2.3,.8
247,남원,2024-10-06 05:50,351,.4
247,남원,2024-10-06 05:51,351.5,.4
247,남원,2024-10-06 05:52,64.5,2.3
247,남원,2024-10-06 05:53,34.3,1.4
247,남원,2024-10-06 05:54,355.7,.6
247,남원,2024-10-06 05:55,2.3,.6
247,남원,2024-10-06 05:56,341.6,.2
247,남원,2024-10-06 05:57,269.2,.7
247,남원,2024-10-06 05:58,340.3,.6
247,남원,2024-10-06 05:59,321.7,.5
247,남원,2024-10-06 06:00,309.5,.8
247,남원,2024-10-06 06:01,288.3,1.1
247,남원,2024-10-06 06:02,268.9,1.4
247,남원,2024-10-06 06:03,282.1,1.7
247,남원,2024-10-06 06:04,277.3,2.1
247,남원,2024-10-06 06:05,280.5,2.1
247,남원,2024-10-06 06:06,306.4,1.3
247,남원,2024-10-06 06:07,288.2,1.2
247,남원,2024-10-06 06:08,290.2,1.3
247,남원,2024-10-06 06:09,295.5,.9
247,남원,2024-10-06 06:10,278.1,1.2
247,남원,2024-10-06 06:11,262.6,1.7
247,남원,2024-10-06 06:12,261.5,1.6
247,남원,2024-10-06 06:13,289.8,1.1
247,남원,2024-10-06 06:14,303.6,.8
247,남원,2024-10-06 06:15,298.7,.8
247,남원,2024-10-06 06:16,302.2,1.1
247,남원,2024-10-06 06:17,275.3,1.5
247,남원,2024-10-06 06:18,271.7,1.8
247,남원,2024-10-06 06:19,273.4,1.6
247,남원,2024-10-06 06:20,273.7,1.5
247,남원,2024-10-06 06:21,275.5,1.5
247,남원,2024-10-06 06:22,274.3,1.3
247,남원,2024-10-06 06:23,281.5,1.2
247,남원,2024-10-06 06:24,272.2,1.3
247,남원,2024-10-06 06:25,279.8,1.2
247,남원,2024-10-06 06:26,264.3,1.8
247,남원,2024-10-06 06:27,261.8,1.9
247,남원,2024-10-06 06:28,274.7,1.5
247,남원,2024-10-06 06:29,274.2,1.5
247,남원,2024-10-06 06:30,279.1,1.5
247,남원,2024-10-06 06:31,278.2,1.9
247,남원,2024-10-06 06:32,279.7,2.1
247,남원,2024-10-06 06:33,281,2.1
247,남원,2024-10-06 06:34,273.4,1.9
247,남원,2024-10-06 06:35,284.1,1.5
247,남원,2024-10-06 06:36,313.2,.7
247,남원,2024-10-06 06:37,284.3,1.4
247,남원,2024-10-06 06:38,284.2,1.6
247,남원,2024-10-06 06:39,271.2,2
247,남원,2024-10-06 06:40,267.9,1.8
247,남원,2024-10-06 06:41,273.7,1.3
247,남원,2024-10-06 06:42,272.4,1.2
247,남원,2024-10-06 06:43,270.1,1.3
247,남원,2024-10-06 06:44,279.8,1.2
247,남원,2024-10-06 06:45,274.3,1.1
247,남원,2024-10-06 06:46,276.7,1.1
247,남원,2024-10-06 06:47,254.3,1.5
247,남원,2024-10-06 06:48,274.1,1.2
247,남원,2024-10-06 06:49,249.7,1.4
247,남원,2024-10-06 06:50,247.7,1.6
247,남원,2024-10-06 06:51,257.6,1.3
247,남원,2024-10-06 06:52,235.4,1.3
247,남원,2024-10-06 06:53,260.1,1.2
247,남원,2024-10-06 06:54,237.2,1.7
247,남원,2024-10-06 06:55,243.1,1.6
247,남원,2024-10-06 06:56,321.4,.7
247,남원,2024-10-06 06:57,334.6,.5
247,남원,2024-10-06 06:58,307.2,.5
247,남원,2024-10-06 06:59,307.9,.7
247,남원,2024-10-06 07:00,324,.4
247,남원,2024-10-06 07:01,301.2,.8
247,남원,2024-10-06 07:02,312.3,.7
247,남원,2024-10-06 07:03,324.7,.5
247,남원,2024-10-06 07:04,4.5,.7
247,남원,2024-10-06 07:05,12,1.1
247,남원,2024-10-06 07:06,34.6,1.4
247,남원,2024-10-06 07:07,16,.8
247,남원,2024-10-06 07:08,1.9,.5
247,남원,2024-10-06 07:09,297.4,.7
247,남원,2024-10-06 07:10,324.1,.3
247,남원,2024-10-06 07:11,313.5,.5
247,남원,2024-10-06 07:12,310.8,.6
247,남원,2024-10-06 07:13,326.4,.3
247,남원,2024-10-06 07:14,315.1,.5
247,남원,2024-10-06 07:15,339.1,.2
247,남원,2024-10-06 07:16,106.5,1.2
247,남원,2024-10-06 07:17,319.2,.5
247,남원,2024-10-06 07:18,292,.8
247,남원,2024-10-06 07:19,175.5,1.1
247,남원,2024-10-06 07:20,297.2,.7
247,남원,2024-10-06 07:21,295.3,.8
247,남원,2024-10-06 07:22,296.6,.7
247,남원,2024-10-06 07:23,318.3,.6
247,남원,2024-10-06 07:24,335.8,.3
247,남원,2024-10-06 07:25,323,.4
247,남원,2024-10-06 07:26,320.6,.4
247,남원,2024-10-06 07:27,332.3,.3
247,남원,2024-10-06 07:28,338.4,.4
247,남원,2024-10-06 07:29,341.7,.3
247,남원,2024-10-06 07:30,353.5,.6
247,남원,2024-10-06 07:31,43.5,1.4
247,남원,2024-10-06 07:32,79,2.2
247,남원,2024-10-06 07:33,60.7,1.7
247,남원,2024-10-06 07:34,46.4,1.6
247,남원,2024-10-06 07:35,17.8,.8
247,남원,2024-10-06 07:36,7.2,1.1
247,남원,2024-10-06 07:37,339.4,.8
247,남원,2024-10-06 07:38,349.8,.6
247,남원,2024-10-06 07:39,341.4,.5
247,남원,2024-10-06 07:40,330,.6
247,남원,2024-10-06 07:41,348.2,.9
247,남원,2024-10-06 07:42,32.3,.9
247,남원,2024-10-06 07:43,354,.5
247,남원,2024-10-06 07:44,309,.8
247,남원,2024-10-06 07:45,312.3,.9
247,남원,2024-10-06 07:46,269.9,1.7
247,남원,2024-10-06 07:47,274.6,1.8
247,남원,2024-10-06 07:48,274.9,1.5
247,남원,2024-10-06 07:49,262.8,1.5
247,남원,2024-10-06 07:50,280.8,1.3
247,남원,2024-10-06 07:51,280.1,1.1
247,남원,2024-10-06 07:52,283.2,1
247,남원,2024-10-06 07:53,287.2,.9
247,남원,2024-10-06 07:54,250.1,1.6
247,남원,2024-10-06 07:55,237.8,2.1
247,남원,2024-10-06 07:56,232.3,2.2
247,남원,2024-10-06 07:57,235.4,1.9
247,남원,2024-10-06 07:58,233.2,2.5
247,남원,2024-10-06 07:59,232.2,2.2
247,남원,2024-10-06 08:00,264.8,1.9
247,남원,2024-10-06 08:01,263.9,1.7
247,남원,2024-10-06 08:02,280.9,1.2
247,남원,2024-10-06 08:03,270.1,1.6
247,남원,2024-10-06 08:04,269.8,1.8
247,남원,2024-10-06 08:05,272.3,1.6
247,남원,2024-10-06 08:06,279.3,1.4
247,남원,2024-10-06 08:07,270.2,1.5
247,남원,2024-10-06 08:08,276,1.5
247,남원,2024-10-06 08:09,271.9,1.3
247,남원,2024-10-06 08:10,256.2,1.8
247,남원,2024-10-06 08:11,257.7,2
247,남원,2024-10-06 08:12,261.5,1.7
247,남원,2024-10-06 08:13,250.9,1.7
247,남원,2024-10-06 08:14,252.5,1.4
247,남원,2024-10-06 08:15,256.1,1.4
247,남원,2024-10-06 08:16,272.8,1.2
247,남원,2024-10-06 08:17,294.6,.9
247,남원,2024-10-06 08:18,295.5,1
247,남원,2024-10-06 08:19,314.1,.6
247,남원,2024-10-06 08:20,298.3,.8
247,남원,2024-10-06 08:21,303,.7
247,남원,2024-10-06 08:22,307.9,.7
247,남원,2024-10-06 08:23,311.7,.7
247,남원,2024-10-06 08:24,322.4,.5
247,남원,2024-10-06 08:25,325.4,.3
247,남원,2024-10-06 08:26,306.2,.7
247,남원,2024-10-06 08:27,284.9,1.1
247,남원,2024-10-06 08:28,298.3,.9
247,남원,2024-10-06 08:29,292.7,1
247,남원,2024-10-06 08:30,275.8,1.1
247,남원,2024-10-06 08:31,270.9,1.2
247,남원,2024-10-06 08:32,288.1,1.1
247,남원,2024-10-06 08:33,301.5,1
247,남원,2024-10-06 08:34,308,1.2
247,남원,2024-10-06 08:35,287.8,1.1
247,남원,2024-10-06 08:36,308.3,.8
247,남원,2024-10-06 08:37,305.4,.9
247,남원,2024-10-06 08:38,311.9,.6
247,남원,2024-10-06 08:39,325.4,.5
247,남원,2024-10-06 08:40,321.1,.5
247,남원,2024-10-06 08:41,314.7,.7
247,남원,2024-10-06 08:42,319.5,.5
247,남원,2024-10-06 08:43,315.8,.5
247,남원,2024-10-06 08:44,304.3,.8
247,남원,2024-10-06 08:45,310.1,.7
247,남원,2024-10-06 08:46,320.9,.4
247,남원,2024-10-06 08:47,320.3,.5
247,남원,2024-10-06 08:48,319.4,.5
247,남원,2024-10-06 08:49,313.5,.6
247,남원,2024-10-06 08:50,304.2,.7
247,남원,2024-10-06 08:51,299.8,.7
247,남원,2024-10-06 08:52,279.4,1
247,남원,2024-10-06 08:53,295.5,.9
247,남원,2024-10-06 08:54,314.7,.7
247,남원,2024-10-06 08:55,306.9,.8
247,남원,2024-10-06 08:56,317.2,.6
247,남원,2024-10-06 08:57,293.7,1
247,남원,2024-10-06 08:58,279.4,1.4
247,남원,2024-10-06 08:59,288.9,1.5
247,남원,2024-10-06 09:00,13.5,1.2
247,남원,2024-10-06 09:01,0,.1
247,남원,2024-10-06 09:02,0,0
247,남원,2024-10-06 09:03,0,0
247,남원,2024-10-06 09:04,0,0
247,남원,2024-10-06 09:05,0,0
247,남원,2024-10-06 09:06,5.2,0
247,남원,2024-10-06 09:07,102.4,0
247,남원,2024-10-06 09:08,74.6,.8
247,남원,2024-10-06 09:09,305.2,1.3
247,남원,2024-10-06 09:10,291.1,1.2
247,남원,2024-10-06 09:11,260.9,.9
247,남원,2024-10-06 09:12,260.8,.8
247,남원,2024-10-06 09:13,288.4,.9
247,남원,2024-10-06 09:14,265.5,1.1
247,남원,2024-10-06 09:15,242.9,1.3
247,남원,2024-10-06 09:16,250.3,1.5
247,남원,2024-10-06 09:17,263.5,1.1
247,남원,2024-10-06 09:18,256.5,1.7
247,남원,2024-10-06 09:19,252.1,1.4
247,남원,2024-10-06 09:20,256.4,1.4
247,남원,2024-10-06 09:21,249.7,1.4
247,남원,2024-10-06 09:22,314.8,.6
247,남원,2024-10-06 09:23,8.2,0
247,남원,2024-10-06 09:24,0,0
247,남원,2024-10-06 09:25,0,0
247,남원,2024-10-06 09:26,299.2,0
247,남원,2024-10-06 09:27,244.7,.6
247,남원,2024-10-06 09:28,251.4,.8
247,남원,2024-10-06 09:29,275,.9
247,남원,2024-10-06 09:30,260.3,1.3
247,남원,2024-10-06 09:31,248.8,1.1
247,남원,2024-10-06 09:32,230.4,1
247,남원,2024-10-06 09:33,250.7,1
247,남원,2024-10-06 09:34,254,.9
247,남원,2024-10-06 09:35,266.6,.9
247,남원,2024-10-06 09:36,284.2,.8
247,남원,2024-10-06 09:37,273.4,1
247,남원,2024-10-06 09:38,306.9,.4
247,남원,2024-10-06 09:39,306.8,.4
247,남원,2024-10-06 09:40,310.1,.2
247,남원,2024-10-06 09:41,279.1,.4
247,남원,2024-10-06 09:42,221.9,.7
247,남원,2024-10-06 09:43,218.9,.8
247,남원,2024-10-06 09:44,222.9,.6
247,남원,2024-10-06 09:45,236.3,.5
247,남원,2024-10-06 09:46,230.8,.8
247,남원,2024-10-06 09:47,240.4,.8
247,남원,2024-10-06 09:48,235.4,.6
247,남원,2024-10-06 09:49,172.4,.6
247,남원,2024-10-06 09:50,179.2,.5
247,남원,2024-10-06 09:51,214.8,.5
247,남원,2024-10-06 09:52,247.3,.5
247,남원,2024-10-06 09:53,233.1,.7
247,남원,2024-10-06 09:54,237.7,1
247,남원,2024-10-06 09:55,232.8,.5
247,남원,2024-10-06 09:56,245.2,.2
247,남원,2024-10-06 09:57,248.4,.2
247,남원,2024-10-06 09:58,278.9,0
247,남원,2024-10-06 09:59,264.7,0
247,남원,2024-10-06 10:00,266.2,0
247,남원,2024-10-06 10:01,253.4,.2
247,남원,2024-10-06 10:02,251.9,.3
247,남원,2024-10-06 10:03,248.7,.2
247,남원,2024-10-06 10:04,255.5,.2
247,남원,2024-10-06 10:05,258.9,0
247,남원,2024-10-06 10:06,241.5,0
247,남원,2024-10-06 10:07,251.5,0
247,남원,2024-10-06 10:08,72,.3
247,남원,2024-10-06 10:09,59.5,.7
247,남원,2024-10-06 10:10,55.9,.8
247,남원,2024-10-06 10:11,53.4,1
247,남원,2024-10-06 10:12,39.1,.9
247,남원,2024-10-06 10:13,72.7,1
247,남원,2024-10-06 10:14,77.2,1.6
247,남원,2024-10-06 10:15,72.1,.9
247,남원,2024-10-06 10:16,91.1,.6
247,남원,2024-10-06 10:17,112.7,.7
247,남원,2024-10-06 10:18,92,.8
247,남원,2024-10-06 10:19,77.1,.8
247,남원,2024-10-06 10:20,113.3,.3
247,남원,2024-10-06 10:21,115.4,.3
247,남원,2024-10-06 10:22,108.6,1
247,남원,2024-10-06 10:23,119.6,.8
247,남원,2024-10-06 10:24,120.9,.7
247,남원,2024-10-06 10:25,106.8,1
247,남원,2024-10-06 10:26,113.5,1.1
247,남원,2024-10-06 10:27,82.2,1
247,남원,2024-10-06 10:28,53.5,1.2
247,남원,2024-10-06 10:29,62.7,1.3
247,남원,2024-10-06 10:30,86.4,2
247,남원,2024-10-06 10:31,98.5,1.5
247,남원,2024-10-06 10:32,90.3,1.2
247,남원,2024-10-06 10:33,107.5,1
247,남원,2024-10-06 10:34,99.4,1.3
247,남원,2024-10-06 10:35,93.1,1.3
247,남원,2024-10-06 10:36,99.6,1.1
247,남원,2024-10-06 10:37,78.2,.8
247,남원,2024-10-06 10:38,186.1,.4
247,남원,2024-10-06 10:39,93.1,1.1
247,남원,2024-10-06 10:40,57.3,1
247,남원,2024-10-06 10:41,45.1,.6
247,남원,2024-10-06 10:42,158.3,.8
247,남원,2024-10-06 10:43,164.1,.8
247,남원,2024-10-06 10:44,218,.4
247,남원,2024-10-06 10:45,204.7,.3
247,남원,2024-10-06 10:46,228.1,.1
247,남원,2024-10-06 10:47,219.9,.2
247,남원,2024-10-06 10:48,214.1,.3
247,남원,2024-10-06 10:49,124,.3
247,남원,2024-10-06 10:50,121.5,.6
247,남원,2024-10-06 10:51,169.6,.6
247,남원,2024-10-06 10:52,215.2,.3
247,남원,2024-10-06 10:53,238.1,.6
247,남원,2024-10-06 10:54,267.4,.8
247,남원,2024-10-06 10:55,259.1,.5
247,남원,2024-10-06 10:56,226.7,.7
247,남원,2024-10-06 10:57,235.7,.6
247,남원,2024-10-06 10:58,233.2,.6
247,남원,2024-10-06 10:59,221.4,.8
247,남원,2024-10-06 11:00,211.9,.9
247,남원,2024-10-06 11:01,210.4,1.1
247,남원,2024-10-06 11:02,210.3,1.2
247,남원,2024-10-06 11:03,225.9,1.2
247,남원,2024-10-06 11:04,252.3,1.2
247,남원,2024-10-06 11:05,237.3,1.9
247,남원,2024-10-06 11:06,243.4,2.3
247,남원,2024-10-06 11:07,248.2,2.6
247,남원,2024-10-06 11:08,241.8,2.3
247,남원,2024-10-06 11:09,243.8,2.9
247,남원,2024-10-06 11:10,244.9,1.9
247,남원,2024-10-06 11:11,240,2.6
247,남원,2024-10-06 11:12,243.4,2.3
247,남원,2024-10-06 11:13,245.2,1.8
247,남원,2024-10-06 11:14,245.9,1.3
247,남원,2024-10-06 11:15,251.3,1.3
247,남원,2024-10-06 11:16,266.4,1.3
247,남원,2024-10-06 11:17,277.7,1.2
247,남원,2024-10-06 11:18,267.2,1.1
247,남원,2024-10-06 11:19,243,1.2
247,남원,2024-10-06 11:20,268.5,1.2
247,남원,2024-10-06 11:21,243.3,1.5
247,남원,2024-10-06 11:22,251.4,.9
247,남원,2024-10-06 11:23,243,1.6
247,남원,2024-10-06 11:24,246.6,1.7
247,남원,2024-10-06 11:25,266.3,1.8
247,남원,2024-10-06 11:26,256.9,1.9
247,남원,2024-10-06 11:27,254.6,1.8
247,남원,2024-10-06 11:28,258,1.7
247,남원,2024-10-06 11:29,260.1,1.8
247,남원,2024-10-06 11:30,246.9,2
247,남원,2024-10-06 11:31,255.9,1.8
247,남원,2024-10-06 11:32,253.8,1.7
247,남원,2024-10-06 11:33,238.4,1.9
247,남원,2024-10-06 11:34,246.2,1.8
247,남원,2024-10-06 11:35,261.6,1.8
247,남원,2024-10-06 11:36,254.3,2
247,남원,2024-10-06 11:37,253.8,2.3
247,남원,2024-10-06 11:38,242.8,2.7
247,남원,2024-10-06 11:39,243.4,2.3
247,남원,2024-10-06 11:40,237.5,2.8
247,남원,2024-10-06 11:41,240.8,2.7
247,남원,2024-10-06 11:42,242.3,2.3
247,남원,2024-10-06 11:43,245.9,2.8
247,남원,2024-10-06 11:44,241.4,2.4
247,남원,2024-10-06 11:45,253.1,2
247,남원,2024-10-06 11:46,246.9,2.5
247,남원,2024-10-06 11:47,252.2,2.3
247,남원,2024-10-06 11:48,250.1,2.2
247,남원,2024-10-06 11:49,244.9,1.8
247,남원,2024-10-06 11:50,222.4,2.5
247,남원,2024-10-06 11:51,228,2.4
247,남원,2024-10-06 11:52,231.8,1.6
247,남원,2024-10-06 11:53,240.5,2.4
247,남원,2024-10-06 11:54,251.1,2.4
247,남원,2024-10-06 11:55,239.1,3
247,남원,2024-10-06 11:56,243.5,2.7
247,남원,2024-10-06 11:57,242.8,2.9
247,남원,2024-10-06 11:58,236.2,3.1
247,남원,2024-10-06 11:59,235.6,2.6
247,남원,2024-10-06 12:00,231.4,2.1
247,남원,2024-10-06 12:01,236,2
247,남원,2024-10-06 12:02,223.1,2.2
247,남원,2024-10-06 12:03,233.1,1.9
247,남원,2024-10-06 12:04,234.1,1.8
247,남원,2024-10-06 12:05,238.4,2.3
247,남원,2024-10-06 12:06,239,2.1
247,남원,2024-10-06 12:07,232.1,1.1
247,남원,2024-10-06 12:08,223.2,1.4
247,남원,2024-10-06 12:09,229.9,1.6
247,남원,2024-10-06 12:10,256.3,1.1
247,남원,2024-10-06 12:11,235.8,1.3
247,남원,2024-10-06 12:12,242.8,1.6
247,남원,2024-10-06 12:13,241.2,1.4
247,남원,2024-10-06 12:14,232.1,1.4
247,남원,2024-10-06 12:15,229.9,1.3
247,남원,2024-10-06 12:16,246.4,1.4
247,남원,2024-10-06 12:17,238,1.4
247,남원,2024-10-06 12:18,246.4,2
247,남원,2024-10-06 12:19,231.6,1.8
247,남원,2024-10-06 12:20,238.9,1.8
247,남원,2024-10-06 12:21,229.2,1.6
247,남원,2024-10-06 12:22,248.9,1.3
247,남원,2024-10-06 12:23,238.5,1.2
247,남원,2024-10-06 12:24,239.9,1.4
247,남원,2024-10-06 12:25,244.1,1.3
247,남원,2024-10-06 12:26,252.1,1.5
247,남원,2024-10-06 12:27,236.9,1.7
247,남원,2024-10-06 12:28,230.9,1.6
247,남원,2024-10-06 12:29,222.3,1.6
247,남원,2024-10-06 12:30,238.5,1.9
247,남원,2024-10-06 12:31,241,1.6
247,남원,2024-10-06 12:32,231.9,1.9
247,남원,2024-10-06 12:33,232.6,1.5
247,남원,2024-10-06 12:34,228.6,1.7
247,남원,2024-10-06 12:35,245.4,1.4
247,남원,2024-10-06 12:36,238.6,1.2
247,남원,2024-10-06 12:37,236.1,1.7
247,남원,2024-10-06 12:38,228.5,1.4
247,남원,2024-10-06 12:39,240.5,1.7
247,남원,2024-10-06 12:40,243.7,1.8
247,남원,2024-10-06 12:41,248.9,1.5
247,남원,2024-10-06 12:42,239.3,1.4
247,남원,2024-10-06 12:43,238.6,1.4
247,남원,2024-10-06 12:44,228.2,1.3
247,남원,2024-10-06 12:45,234.1,1.6
247,남원,2024-10-06 12:46,242.3,2.1
247,남원,2024-10-06 12:47,241.2,2.5
247,남원,2024-10-06 12:48,228.8,2.2
247,남원,2024-10-06 12:49,233.6,2.4
247,남원,2024-10-06 12:50,231.8,2.2
247,남원,2024-10-06 12:51,239.6,2
247,남원,2024-10-06 12:52,232.5,2.1
247,남원,2024-10-06 12:53,245.8,1.7
247,남원,2024-10-06 12:54,224,1.7
247,남원,2024-10-06 12:55,227.2,2.2
247,남원,2024-10-06 12:56,227.6,1.8
247,남원,2024-10-06 12:57,235.8,1.8
247,남원,2024-10-06 12:58,244.1,1.7
247,남원,2024-10-06 12:59,237.9,1.1
247,남원,2024-10-06 13:00,253.6,.9
247,남원,2024-10-06 13:01,213.6,1
247,남원,2024-10-06 13:02,193.8,1.4
247,남원,2024-10-06 13:03,194,1.4
247,남원,2024-10-06 13:04,185.3,1.2
247,남원,2024-10-06 13:05,178.1,1.3
247,남원,2024-10-06 13:06,173.9,1.2
247,남원,2024-10-06 13:07,202.3,.7
247,남원,2024-10-06 13:08,186.6,.4
247,남원,2024-10-06 13:09,150.1,1.3
247,남원,2024-10-06 13:10,162.3,1.3
247,남원,2024-10-06 13:11,155,1.7
247,남원,2024-10-06 13:12,161.1,1.8
247,남원,2024-10-06 13:13,157.9,1.4
247,남원,2024-10-06 13:14,132.4,.9
247,남원,2024-10-06 13:15,121.9,1.1
247,남원,2024-10-06 13:16,96.6,2.1
247,남원,2024-10-06 13:17,91.7,1.8
247,남원,2024-10-06 13:18,81.2,1.5
247,남원,2024-10-06 13:19,93.1,2
247,남원,2024-10-06 13:20,87.7,1.9
247,남원,2024-10-06 13:21,75.8,2.1
247,남원,2024-10-06 13:22,76.7,2.4
247,남원,2024-10-06 13:23,61.4,1.7
247,남원,2024-10-06 13:24,82.3,2.3
247,남원,2024-10-06 13:25,98.6,2.1
247,남원,2024-10-06 13:26,92.2,1.4
247,남원,2024-10-06 13:27,86.3,1.2
247,남원,2024-10-06 13:28,76.6,1.3
247,남원,2024-10-06 13:29,80,1.7
247,남원,2024-10-06 13:30,90.5,1.6
247,남원,2024-10-06 13:31,78.3,1.6
247,남원,2024-10-06 13:32,79.6,1.7
247,남원,2024-10-06 13:33,87.8,1.7
247,남원,2024-10-06 13:34,78.3,1.6
247,남원,2024-10-06 13:35,62.3,1.6
247,남원,2024-10-06 13:36,65.4,.8
247,남원,2024-10-06 13:37,70.8,.9
247,남원,2024-10-06 13:38,102.2,.5
247,남원,2024-10-06 13:39,247.8,.1
247,남원,2024-10-06 13:40,265.8,.5
247,남원,2024-10-06 13:41,290.1,1.1
247,남원,2024-10-06 13:42,290.2,.9
247,남원,2024-10-06 13:43,285.8,1.1
247,남원,2024-10-06 13:44,284,1.5
247,남원,2024-10-06 13:45,283.9,.5
247,남원,2024-10-06 13:46,309,.4
247,남원,2024-10-06 13:47,315,.5
247,남원,2024-10-06 13:48,314.6,1.3
247,남원,2024-10-06 13:49,309.5,1
247,남원,2024-10-06 13:50,271.1,.8
247,남원,2024-10-06 13:51,281.9,2.4
247,남원,2024-10-06 13:52,286.2,2.4
247,남원,2024-10-06 13:53,280.7,2.3
247,남원,2024-10-06 13:54,292.4,2.2
247,남원,2024-10-06 13:55,299.3,1.9
247,남원,2024-10-06 13:56,283.2,1.6
247,남원,2024-10-06 13:57,286.9,1.4
247,남원,2024-10-06 13:58,275.2,1.3
247,남원,2024-10-06 13:59,279.8,1.3
247,남원,2024-10-06 14:00,273.9,1.6
247,남원,2024-10-06 14:01,282.6,1.9
247,남원,2024-10-06 14:02,281.2,1.4
247,남원,2024-10-06 14:03,288.8,1.1
247,남원,2024-10-06 14:04,238.4,.5
247,남원,2024-10-06 14:05,272.3,.8
247,남원,2024-10-06 14:06,271.5,.7
247,남원,2024-10-06 14:07,282.8,.5
247,남원,2024-10-06 14:08,279.2,.8
247,남원,2024-10-06 14:09,260.3,.8
247,남원,2024-10-06 14:10,255,1.3
247,남원,2024-10-06 14:11,247.6,1.1
247,남원,2024-10-06 14:12,250.1,1
247,남원,2024-10-06 14:13,259.9,1.1
247,남원,2024-10-06 14:14,251.6,.8
247,남원,2024-10-06 14:15,249.7,.6
247,남원,2024-10-06 14:16,239.4,.4
247,남원,2024-10-06 14:17,261.3,.1
247,남원,2024-10-06 14:18,264.4,0
247,남원,2024-10-06 14:19,339.9,.2
247,남원,2024-10-06 14:20,334,.9
247,남원,2024-10-06 14:21,333.1,.8
247,남원,2024-10-06 14:22,310.9,.5
247,남원,2024-10-06 14:23,313,.4
247,남원,2024-10-06 14:24,304.1,.2
247,남원,2024-10-06 14:25,320.3,.1
247,남원,2024-10-06 14:26,332,.1
247,남원,2024-10-06 14:27,351.9,.4
247,남원,2024-10-06 14:28,352.4,.5
247,남원,2024-10-06 14:29,314.8,.7
247,남원,2024-10-06 14:30,296.4,.8
247,남원,2024-10-06 14:31,319.9,.5
247,남원,2024-10-06 14:32,322.2,.4
247,남원,2024-10-06 14:33,325,.6
247,남원,2024-10-06 14:34,310.7,.3
247,남원,2024-10-06 14:35,280.7,.3
247,남원,2024-10-06 14:36,299.7,.3
247,남원,2024-10-06 14:37,318.8,.3
247,남원,2024-10-06 14:38,283.8,.1
247,남원,2024-10-06 14:39,344.8,.4
247,남원,2024-10-06 14:40,330.6,.3
247,남원,2024-10-06 14:41,289.2,.2
247,남원,2024-10-06 14:42,323.2,.2
247,남원,2024-10-06 14:43,316.5,.3
247,남원,2024-10-06 14:44,327.2,.4
247,남원,2024-10-06 14:45,282.1,.1
247,남원,2024-10-06 14:46,121.4,.2
247,남원,2024-10-06 14:47,48.4,.3
247,남원,2024-10-06 14:48,78.1,.4
247,남원,2024-10-06 14:49,29.2,.5
247,남원,2024-10-06 14:50,39.4,.5
247,남원,2024-10-06 14:51,50.8,.5
247,남원,2024-10-06 14:52,65.1,.5
247,남원,2024-10-06 14:53,81.4,.4
247,남원,2024-10-06 14:54,33.8,.4
247,남원,2024-10-06 14:55,354.5,.3
247,남원,2024-10-06 14:56,332.1,.1
247,남원,2024-10-06 14:57,332.1,0
247,남원,2024-10-06 14:58,332.1,0
247,남원,2024-10-06 14:59,331.7,0
247,남원,2024-10-06 15:00,330.4,0
247,남원,2024-10-06 15:01,329.2,0
247,남원,2024-10-06 15:02,295,0
247,남원,2024-10-06 15:03,238.4,.1
247,남원,2024-10-06 15:04,237.9,.1
247,남원,2024-10-06 15:05,237.6,0
247,남원,2024-10-06 15:06,237.6,0
247,남원,2024-10-06 15:07,238.8,0
247,남원,2024-10-06 15:08,237.9,0
247,남원,2024-10-06 15:09,239.1,0
247,남원,2024-10-06 15:10,194.2,.2
247,남원,2024-10-06 15:11,185,.4
247,남원,2024-10-06 15:12,204.5,.5
247,남원,2024-10-06 15:13,191.9,.4
247,남원,2024-10-06 15:14,204.4,.3
247,남원,2024-10-06 15:15,182.5,.3
247,남원,2024-10-06 15:16,163,.3
247,남원,2024-10-06 15:17,179.1,.1
247,남원,2024-10-06 15:18,216.6,0
247,남원,2024-10-06 15:19,216.6,0
247,남원,2024-10-06 15:20,216.6,0
247,남원,2024-10-06 15:21,216.6,0
247,남원,2024-10-06 15:22,216.1,.1
247,남원,2024-10-06 15:23,170.3,.2
247,남원,2024-10-06 15:24,107.1,.1
247,남원,2024-10-06 15:25,104.7,.2
247,남원,2024-10-06 15:26,134.9,.2
247,남원,2024-10-06 15:27,203.7,.2
247,남원,2024-10-06 15:28,197.2,.3
247,남원,2024-10-06 15:29,67.8,.4
247,남원,2024-10-06 15:30,351.1,.1
247,남원,2024-10-06 15:31,290,0
247,남원,2024-10-06 15:32,293.7,.2
247,남원,2024-10-06 15:33,309.1,.3
247,남원,2024-10-06 15:34,329.7,.5
247,남원,2024-10-06 15:35,301.5,.2
247,남원,2024-10-06 15:36,274.4,.3
247,남원,2024-10-06 15:37,258.7,.7
247,남원,2024-10-06 15:38,264.5,.5
247,남원,2024-10-06 15:39,291.8,.2
247,남원,2024-10-06 15:40,310,.2
247,남원,2024-10-06 15:41,281.7,.4
247,남원,2024-10-06 15:42,266.1,.3
247,남원,2024-10-06 15:43,259.4,.4
247,남원,2024-10-06 15:44,245.5,.8
247,남원,2024-10-06 15:45,258.8,.8
247,남원,2024-10-06 15:46,271.1,.8
247,남원,2024-10-06 15:47,281.9,1.1
247,남원,2024-10-06 15:48,279.3,.9
247,남원,2024-10-06 15:49,282,1.3
247,남원,2024-10-06 15:50,271.9,.7
247,남원,2024-10-06 15:51,270.5,.9
247,남원,2024-10-06 15:52,268.3,.8
247,남원,2024-10-06 15:53,291.9,.5
247,남원,2024-10-06 15:54,299.9,.5
247,남원,2024-10-06 15:55,306.3,.7
247,남원,2024-10-06 15:56,281,.3
247,남원,2024-10-06 15:57,301.4,.2
247,남원,2024-10-06 15:58,280.5,.1
247,남원,2024-10-06 15:59,269.7,0
247,남원,2024-10-06 16:00,255.9,.3
247,남원,2024-10-06 16:01,257,.2
247,남원,2024-10-06 16:02,253.3,0
247,남원,2024-10-06 16:03,262.7,0
247,남원,2024-10-06 16:04,313.5,.4
247,남원,2024-10-06 16:05,299.7,.7
247,남원,2024-10-06 16:06,290.5,.8
247,남원,2024-10-06 16:07,298.8,.8
247,남원,2024-10-06 16:08,296.5,.7
247,남원,2024-10-06 16:09,297.6,.7
247,남원,2024-10-06 16:10,294.6,.6
247,남원,2024-10-06 16:11,304.2,.7
247,남원,2024-10-06 16:12,309.1,.5
247,남원,2024-10-06 16:13,308.5,.8
247,남원,2024-10-06 16:14,301.8,.8
247,남원,2024-10-06 16:15,310.3,1
247,남원,2024-10-06 16:16,311.7,.9
247,남원,2024-10-06 16:17,314.2,.8
247,남원,2024-10-06 16:18,320.3,.8
247,남원,2024-10-06 16:19,333.4,.8
247,남원,2024-10-06 16:20,326.9,1.2
247,남원,2024-10-06 16:21,327.2,1
247,남원,2024-10-06 16:22,316.4,1
247,남원,2024-10-06 16:23,334.8,.7
247,남원,2024-10-06 16:24,338.4,1.2
247,남원,2024-10-06 16:25,343.7,1.2
247,남원,2024-10-06 16:26,344.6,1
247,남원,2024-10-06 16:27,325.4,.8
247,남원,2024-10-06 16:28,357,.6
247,남원,2024-10-06 16:29,19.7,.6
247,남원,2024-10-06 16:30,46.8,.4
247,남원,2024-10-06 16:31,282.9,.1
247,남원,2024-10-06 16:32,297.4,.2
247,남원,2024-10-06 16:33,307.6,.1
247,남원,2024-10-06 16:34,287.3,.2
247,남원,2024-10-06 16:35,347.3,.5
247,남원,2024-10-06 16:36,350.9,.6
247,남원,2024-10-06 16:37,346.5,.6
247,남원,2024-10-06 16:38,338.7,.6
247,남원,2024-10-06 16:39,330.5,.6
247,남원,2024-10-06 16:40,349.2,.5
247,남원,2024-10-06 16:41,359.3,.5
247,남원,2024-10-06 16:42,69.7,.4
247,남원,2024-10-06 16:43,75.8,.5
247,남원,2024-10-06 16:44,70.2,.4
247,남원,2024-10-06 16:45,63.2,.4
247,남원,2024-10-06 16:46,143.9,.2
247,남원,2024-10-06 16:47,168.8,0
247,남원,2024-10-06 16:48,168.8,0
247,남원,2024-10-06 16:49,168.8,0
247,남원,2024-10-06 16:50,168.8,0
247,남원,2024-10-06 16:51,105.1,.3
247,남원,2024-10-06 16:52,101.3,.1
247,남원,2024-10-06 16:53,104.1,.3
247,남원,2024-10-06 16:54,84.9,.3
247,남원,2024-10-06 16:55,87.5,.3
247,남원,2024-10-06 16:56,67.1,.3
247,남원,2024-10-06 16:57,59.6,.5
247,남원,2024-10-06 16:58,48.6,.3
247,남원,2024-10-06 16:59,57.7,.4
247,남원,2024-10-06 17:00,68.6,.8
247,남원,2024-10-06 17:01,77.4,.8
247,남원,2024-10-06 17:02,85.2,.7
247,남원,2024-10-06 17:03,85,.6
247,남원,2024-10-06 17:04,61.5,.8
247,남원,2024-10-06 17:05,62,.7
247,남원,2024-10-06 17:06,50.4,.8
247,남원,2024-10-06 17:07,54.8,.8
247,남원,2024-10-06 17:08,52.6,1
247,남원,2024-10-06 17:09,56.8,1.4
247,남원,2024-10-06 17:10,55.2,1.3
247,남원,2024-10-06 17:11,67,1.4
247,남원,2024-10-06 17:12,62.8,1.3
247,남원,2024-10-06 17:13,62.1,1.1
247,남원,2024-10-06 17:14,68.2,1.2
247,남원,2024-10-06 17:15,67.9,1
247,남원,2024-10-06 17:16,65.7,.9
247,남원,2024-10-06 17:17,80.1,.7
247,남원,2024-10-06 17:18,109.5,.6
247,남원,2024-10-06 17:19,109.2,1.3
247,남원,2024-10-06 17:20,70.4,1.8
247,남원,2024-10-06 17:21,92.3,1.5
247,남원,2024-10-06 17:22,91.8,1
247,남원,2024-10-06 17:23,80.9,2
247,남원,2024-10-06 17:24,99.8,2
247,남원,2024-10-06 17:25,106.9,1.6
247,남원,2024-10-06 17:26,97.1,1.6
247,남원,2024-10-06 17:27,86.3,1.6
247,남원,2024-10-06 17:28,83.4,1.5
247,남원,2024-10-06 17:29,91.4,1.4
247,남원,2024-10-06 17:30,109,1.5
247,남원,2024-10-06 17:31,117.5,1.4
247,남원,2024-10-06 17:32,112.9,.8
247,남원,2024-10-06 17:33,72,.6
247,남원,2024-10-06 17:34,50.5,.1
247,남원,2024-10-06 17:35,66.5,.1
247,남원,2024-10-06 17:36,70.9,.3
247,남원,2024-10-06 17:37,60.7,.1
247,남원,2024-10-06 17:38,163.3,.3
247,남원,2024-10-06 17:39,193.7,.2
247,남원,2024-10-06 17:40,147.2,.6
247,남원,2024-10-06 17:41,123.3,.7
247,남원,2024-10-06 17:42,124.2,.7
247,남원,2024-10-06 17:43,125.6,.7
247,남원,2024-10-06 17:44,102.5,1.1
247,남원,2024-10-06 17:45,105,1.2
247,남원,2024-10-06 17:46,101.6,1.3
247,남원,2024-10-06 17:47,85.8,1.7
247,남원,2024-10-06 17:48,83.4,1.8
247,남원,2024-10-06 17:49,70.4,1.6
247,남원,2024-10-06 17:50,72.4,1.5
247,남원,2024-10-06 17:51,76.3,1.2
247,남원,2024-10-06 17:52,80.7,1.1
247,남원,2024-10-06 17:53,81.5,1.2
247,남원,2024-10-06 17:54,79.9,1.3
247,남원,2024-10-06 17:55,82.9,1.5
247,남원,2024-10-06 17:56,75.5,1.3
247,남원,2024-10-06 17:57,66.5,1.1
247,남원,2024-10-06 17:58,64.8,1.1
247,남원,2024-10-06 17:59,73.5,1.1
247,남원,2024-10-06 18:00,59.2,.9
247,남원,2024-10-06 18:01,63.7,1.3
247,남원,2024-10-06 18:02,55.1,1.3
247,남원,2024-10-06 18:03,59.5,1
247,남원,2024-10-06 18:04,63.1,1.1
247,남원,2024-10-06 18:05,68.4,1.1
247,남원,2024-10-06 18:06,83.7,1.2
247,남원,2024-10-06 18:07,80.7,1.5
247,남원,2024-10-06 18:08,79.9,1.5
247,남원,2024-10-06 18:09,75.2,1.4
247,남원,2024-10-06 18:10,77.9,1.5
247,남원,2024-10-06 18:11,80.8,1.7
247,남원,2024-10-06 18:12,84.2,1.7
247,남원,2024-10-06 18:13,78.9,1.6
247,남원,2024-10-06 18:14,88,1.4
247,남원,2024-10-06 18:15,88.8,1.6
247,남원,2024-10-06 18:16,91,2
247,남원,2024-10-06 18:17,88.2,2
247,남원,2024-10-06 18:18,89.5,2
247,남원,2024-10-06 18:19,85.9,2.4
247,남원,2024-10-06 18:20,84.8,2.1
247,남원,2024-10-06 18:21,83.1,2.1
247,남원,2024-10-06 18:22,82.7,2.1
247,남원,2024-10-06 18:23,85.5,2.2
247,남원,2024-10-06 18:24,86.3,2.2
247,남원,2024-10-06 18:25,88.3,2.2
247,남원,2024-10-06 18:26,84,2.1
247,남원,2024-10-06 18:27,85.1,2.2
247,남원,2024-10-06 18:28,86.1,2.6
247,남원,2024-10-06 18:29,86.2,2.6
247,남원,2024-10-06 18:30,80.8,2.9
247,남원,2024-10-06 18:31,79.9,2.8
247,남원,2024-10-06 18:32,82.2,3
247,남원,2024-10-06 18:33,64.1,1.9
247,남원,2024-10-06 18:34,42.9,2.1
247,남원,2024-10-06 18:35,56.4,1.4
247,남원,2024-10-06 18:36,47,1.9
247,남원,2024-10-06 18:37,43.5,2
247,남원,2024-10-06 18:38,45,1.6
247,남원,2024-10-06 18:39,47.4,1.6
247,남원,2024-10-06 18:40,45.8,1.6
247,남원,2024-10-06 18:41,49.6,1.9
247,남원,2024-10-06 18:42,63.6,1.1
247,남원,2024-10-06 18:43,50,.9
247,남원,2024-10-06 18:44,52.4,.9
247,남원,2024-10-06 18:45,40.8,1
247,남원,2024-10-06 18:46,68.6,.8
247,남원,2024-10-06 18:47,48.9,1.3
247,남원,2024-10-06 18:48,35.6,.8
247,남원,2024-10-06 18:49,75.7,.7
247,남원,2024-10-06 18:50,47.5,.9
247,남원,2024-10-06 18:51,52,1
247,남원,2024-10-06 18:52,48.4,1.6
247,남원,2024-10-06 18:53,60.1,1.3
247,남원,2024-10-06 18:54,51.1,1.3
247,남원,2024-10-06 18:55,61.2,1.3
247,남원,2024-10-06 18:56,36.5,1.2
247,남원,2024-10-06 18:57,33.2,.9
247,남원,2024-10-06 18:58,54.2,.9
247,남원,2024-10-06 18:59,64.7,.8
247,남원,2024-10-06 19:00,351.5,.6
247,남원,2024-10-06 19:01,18.3,.9
247,남원,2024-10-06 19:02,31.4,.9
247,남원,2024-10-06 19:03,36.2,1
247,남원,2024-10-06 19:04,52,1.2
247,남원,2024-10-06 19:05,68,.8
247,남원,2024-10-06 19:06,50.3,.3
247,남원,2024-10-06 19:07,16.2,.2
247,남원,2024-10-06 19:08,42.3,.6
247,남원,2024-10-06 19:09,33.4,.3
247,남원,2024-10-06 19:10,51.6,.7
247,남원,2024-10-06 19:11,62.2,.9
247,남원,2024-10-06 19:12,75.7,.9
247,남원,2024-10-06 19:13,68.4,1.1
247,남원,2024-10-06 19:14,76.1,1.3
247,남원,2024-10-06 19:15,71.4,1.5
247,남원,2024-10-06 19:16,76.7,1.6
247,남원,2024-10-06 19:17,76,1.8
247,남원,2024-10-06 19:18,77,1.7
247,남원,2024-10-06 19:19,75.1,2.4
247,남원,2024-10-06 19:20,88.7,1.7
247,남원,2024-10-06 19:21,90.2,2.2
247,남원,2024-10-06 19:22,81.8,2.2
247,남원,2024-10-06 19:23,85.2,2.1
247,남원,2024-10-06 19:24,89.3,1.6
247,남원,2024-10-06 19:25,92.8,1.8
247,남원,2024-10-06 19:26,88.3,2.1
247,남원,2024-10-06 19:27,91.5,1.9
247,남원,2024-10-06 19:28,89.4,2.3
247,남원,2024-10-06 19:29,89.3,2.2
247,남원,2024-10-06 19:30,84.9,2.1
247,남원,2024-10-06 19:31,89.3,2.3
247,남원,2024-10-06 19:32,88.7,2.4
247,남원,2024-10-06 19:33,86.3,2.8
247,남원,2024-10-06 19:34,85.4,2.6
247,남원,2024-10-06 19:35,82.2,2.3
247,남원,2024-10-06 19:36,79.6,2.1
247,남원,2024-10-06 19:37,77,2.5
247,남원,2024-10-06 19:38,84.5,2.6
247,남원,2024-10-06 19:39,76.6,2.2
247,남원,2024-10-06 19:40,78.7,2.1
247,남원,2024-10-06 19:41,66.3,1.5
247,남원,2024-10-06 19:42,67.7,1.2
247,남원,2024-10-06 19:43,54.3,1.3
247,남원,2024-10-06 19:44,57.8,1.4
247,남원,2024-10-06 19:45,56.8,1.6
247,남원,2024-10-06 19:46,56,2.1
247,남원,2024-10-06 19:47,59.2,2.4
247,남원,2024-10-06 19:48,57,1.9
247,남원,2024-10-06 19:49,58.6,2.1
247,남원,2024-10-06 19:50,56.7,2.3
247,남원,2024-10-06 19:51,65.4,2
247,남원,2024-10-06 19:52,60.8,2.1
247,남원,2024-10-06 19:53,61.3,2.2
247,남원,2024-10-06 19:54,66.6,1.8
247,남원,2024-10-06 19:55,51.9,1.8
247,남원,2024-10-06 19:56,50.5,1.2
247,남원,2024-10-06 19:57,67.6,1.1
247,남원,2024-10-06 19:58,58.2,1.6
247,남원,2024-10-06 19:59,68.4,1.3
247,남원,2024-10-06 20:00,64.3,1.1
247,남원,2024-10-06 20:01,63.9,1.9
247,남원,2024-10-06 20:02,61.1,1.6
247,남원,2024-10-06 20:03,58.3,1.1
247,남원,2024-10-06 20:04,40.6,1.4
247,남원,2024-10-06 20:05,62.1,1
247,남원,2024-10-06 20:06,63.8,1.1
247,남원,2024-10-06 20:07,52.3,1.6
247,남원,2024-10-06 20:08,72.8,1.2
247,남원,2024-10-06 20:09,62.3,1.4
247,남원,2024-10-06 20:10,53.5,1.7
247,남원,2024-10-06 20:11,71.1,1.6
247,남원,2024-10-06 20:12,53,1.4
247,남원,2024-10-06 20:13,56.5,1.4
247,남원,2024-10-06 20:14,55.3,1.5
247,남원,2024-10-06 20:15,47.9,1.1
247,남원,2024-10-06 20:16,59.3,1.6
247,남원,2024-10-06 20:17,76.3,1.6
247,남원,2024-10-06 20:18,82.6,1.6
247,남원,2024-10-06 20:19,87.9,1.5
247,남원,2024-10-06 20:20,71.3,1.2
247,남원,2024-10-06 20:21,93.3,1.1
247,남원,2024-10-06 20:22,75.6,1
247,남원,2024-10-06 20:23,75.4,1.2
247,남원,2024-10-06 20:24,69.2,.5
247,남원,2024-10-06 20:25,36.6,.5
247,남원,2024-10-06 20:26,52.9,.6
247,남원,2024-10-06 20:27,39.1,.7
247,남원,2024-10-06 20:28,56.6,.7
247,남원,2024-10-06 20:29,57.8,1.3
247,남원,2024-10-06 20:30,59.6,1
247,남원,2024-10-06 20:31,72.5,1.2
247,남원,2024-10-06 20:32,63.3,1.1
247,남원,2024-10-06 20:33,19.5,.7
247,남원,2024-10-06 20:34,11.4,.8
247,남원,2024-10-06 20:35,352.6,.6
247,남원,2024-10-06 20:36,356.8,.6
247,남원,2024-10-06 20:37,9.2,.8
247,남원,2024-10-06 20:38,32,.7
247,남원,2024-10-06 20:39,75.5,.4
247,남원,2024-10-06 20:40,68.9,.6
247,남원,2024-10-06 20:41,72.1,.7
247,남원,2024-10-06 20:42,75,.8
247,남원,2024-10-06 20:43,70.3,.9
247,남원,2024-10-06 20:44,64.4,.8
247,남원,2024-10-06 20:45,56.4,.8
247,남원,2024-10-06 20:46,53,.8
247,남원,2024-10-06 20:47,57,.7
247,남원,2024-10-06 20:48,61.4,.5
247,남원,2024-10-06 20:49,50.8,.3
247,남원,2024-10-06 20:50,42.2,.1
247,남원,2024-10-06 20:51,26.3,0
247,남원,2024-10-06 20:52,303.9,.1
247,남원,2024-10-06 20:53,303.9,.1
247,남원,2024-10-06 20:54,308.2,.2
247,남원,2024-10-06 20:55,321.1,.3
247,남원,2024-10-06 20:56,356,.5
247,남원,2024-10-06 20:57,353.9,.4
247,남원,2024-10-06 20:58,349.7,.4
247,남원,2024-10-06 20:59,336.9,.5
247,남원,2024-10-06 21:00,315.4,.4
247,남원,2024-10-06 21:01,305.4,.1
247,남원,2024-10-06 21:02,300.7,0
247,남원,2024-10-06 21:03,323.7,.2
247,남원,2024-10-06 21:04,238.7,.1
247,남원,2024-10-06 21:05,221.4,0
247,남원,2024-10-06 21:06,233.7,0
247,남원,2024-10-06 21:07,236.3,0
247,남원,2024-10-06 21:08,243.5,0
247,남원,2024-10-06 21:09,244.8,0
247,남원,2024-10-06 21:10,238.8,0
247,남원,2024-10-06 21:11,178.8,.4
247,남원,2024-10-06 21:12,166.2,.4
247,남원,2024-10-06 21:13,159.2,.4
247,남원,2024-10-06 21:14,117.7,.4
247,남원,2024-10-06 21:15,94.9,.5
247,남원,2024-10-06 21:16,111.8,.5
247,남원,2024-10-06 21:17,114.8,1.2
247,남원,2024-10-06 21:18,112.5,1.6
247,남원,2024-10-06 21:19,105.1,1.5
247,남원,2024-10-06 21:20,90.4,1.6
247,남원,2024-10-06 21:21,94,1.8
247,남원,2024-10-06 21:22,88,2.1
247,남원,2024-10-06 21:23,95.2,2
247,남원,2024-10-06 21:24,91.6,2.5
247,남원,2024-10-06 21:25,94.1,2.1
247,남원,2024-10-06 21:26,89.9,2.2
247,남원,2024-10-06 21:27,95.8,2.4
247,남원,2024-10-06 21:28,79.7,2.2
247,남원,2024-10-06 21:29,76.3,2.2
247,남원,2024-10-06 21:30,93.8,2.5
247,남원,2024-10-06 21:31,87.8,2.6
247,남원,2024-10-06 21:32,83.1,2.5
247,남원,2024-10-06 21:33,81.2,2.5
247,남원,2024-10-06 21:34,80,2.1
247,남원,2024-10-06 21:35,80.2,2.3
247,남원,2024-10-06 21:36,85.5,2.1
247,남원,2024-10-06 21:37,79.2,1.6
247,남원,2024-10-06 21:38,82.4,1.8
247,남원,2024-10-06 21:39,66,1.4
247,남원,2024-10-06 21:40,72.8,1.7
247,남원,2024-10-06 21:41,80.8,1.4
247,남원,2024-10-06 21:42,79.1,1.7
247,남원,2024-10-06 21:43,82.1,1.8
247,남원,2024-10-06 21:44,86.6,1.8
247,남원,2024-10-06 21:45,86.8,1.8
247,남원,2024-10-06 21:46,88.1,2
247,남원,2024-10-06 21:47,85.6,2.2
247,남원,2024-10-06 21:48,89.7,2
247,남원,2024-10-06 21:49,81.6,2.5
247,남원,2024-10-06 21:50,81.4,2.4
247,남원,2024-10-06 21:51,75.3,2.1
247,남원,2024-10-06 21:52,78.4,2.2
247,남원,2024-10-06 21:53,83.6,1.8
247,남원,2024-10-06 21:54,63.7,1.5
247,남원,2024-10-06 21:55,69,1.2
247,남원,2024-10-06 21:56,79.6,1.4
247,남원,2024-10-06 21:57,59.6,1.2
247,남원,2024-10-06 21:58,74.6,1.2
247,남원,2024-10-06 21:59,53.7,.9
247,남원,2024-10-06 22:00,52.5,1.4
247,남원,2024-10-06 22:01,63.7,1.2
247,남원,2024-10-06 22:02,79.4,1.5
247,남원,2024-10-06 22:03,67.6,1
247,남원,2024-10-06 22:04,63.7,1
247,남원,2024-10-06 22:05,37.6,.6
247,남원,2024-10-06 22:06,42.4,.7
247,남원,2024-10-06 22:07,62.7,.7
247,남원,2024-10-06 22:08,69.1,.8
247,남원,2024-10-06 22:09,71.2,.6
247,남원,2024-10-06 22:10,61.4,.5
247,남원,2024-10-06 22:11,45,.4
247,남원,2024-10-06 22:12,42.7,.6
247,남원,2024-10-06 22:13,33.6,.5
247,남원,2024-10-06 22:14,35.4,.5
247,남원,2024-10-06 22:15,52,.6
247,남원,2024-10-06 22:16,83.9,.7
247,남원,2024-10-06 22:17,80.8,.8
247,남원,2024-10-06 22:18,87.3,.7
247,남원,2024-10-06 22:19,77.7,1.1
247,남원,2024-10-06 22:20,74.1,1
247,남원,2024-10-06 22:21,46.3,1
247,남원,2024-10-06 22:22,68.7,.7
247,남원,2024-10-06 22:23,69.5,1.2
247,남원,2024-10-06 22:24,82,1.2
247,남원,2024-10-06 22:25,72.9,1.1
247,남원,2024-10-06 22:26,70.2,1.2
247,남원,2024-10-06 22:27,78,1.3
247,남원,2024-10-06 22:28,69.7,1.7
247,남원,2024-10-06 22:29,62.6,1.4
247,남원,2024-10-06 22:30,71.5,1.2
247,남원,2024-10-06 22:31,70.1,1.3
247,남원,2024-10-06 22:32,54.5,1
247,남원,2024-10-06 22:33,63.3,1.5
247,남원,2024-10-06 22:34,62.5,1.3
247,남원,2024-10-06 22:35,60.8,1
247,남원,2024-10-06 22:36,65.6,1.1
247,남원,2024-10-06 22:37,66.3,1
247,남원,2024-10-06 22:38,39.5,.8
247,남원,2024-10-06 22:39,21.2,.6
247,남원,2024-10-06 22:40,44.5,.5
247,남원,2024-10-06 22:41,15.6,.6
247,남원,2024-10-06 22:42,22.8,.7
247,남원,2024-10-06 22:43,35.7,.9
247,남원,2024-10-06 22:44,22.5,.9
247,남원,2024-10-06 22:45,18,.8
247,남원,2024-10-06 22:46,13.8,.8
247,남원,2024-10-06 22:47,6.9,.7
247,남원,2024-10-06 22:48,15.3,.5
247,남원,2024-10-06 22:49,29.9,.4
247,남원,2024-10-06 22:50,50.1,.7
247,남원,2024-10-06 22:51,77.2,.7
247,남원,2024-10-06 22:52,9.6,.3
247,남원,2024-10-06 22:53,44,.4
247,남원,2024-10-06 22:54,345.3,.2
247,남원,2024-10-06 22:55,316.7,.1
247,남원,2024-10-06 22:56,299.3,0
247,남원,2024-10-06 22:57,307.5,.2
247,남원,2024-10-06 22:58,312.3,.2
247,남원,2024-10-06 22:59,349.2,.3
247,남원,2024-10-06 23:00,39.4,.6
247,남원,2024-10-06 23:01,53.7,.6
247,남원,2024-10-06 23:02,67.5,.7
247,남원,2024-10-06 23:03,80,.8
247,남원,2024-10-06 23:04,86.2,1
247,남원,2024-10-06 23:05,75,1
247,남원,2024-10-06 23:06,76.1,.7
247,남원,2024-10-06 23:07,61.4,.7
247,남원,2024-10-06 23:08,45.4,.7
247,남원,2024-10-06 23:09,42.8,.4
247,남원,2024-10-06 23:10,63.3,.8
247,남원,2024-10-06 23:11,62.7,1.1
247,남원,2024-10-06 23:12,60.8,.8
247,남원,2024-10-06 23:13,56.7,.4
247,남원,2024-10-06 23:14,354.2,.2
247,남원,2024-10-06 23:15,5.7,.3
247,남원,2024-10-06 23:16,336.8,.1
247,남원,2024-10-06 23:17,61.6,.3
247,남원,2024-10-06 23:18,26.7,.4
247,남원,2024-10-06 23:19,55.8,.3
247,남원,2024-10-06 23:20,23.7,.2
247,남원,2024-10-06 23:21,343.6,.3
247,남원,2024-10-06 23:22,318,.1
247,남원,2024-10-06 23:23,318,.2
247,남원,2024-10-06 23:24,331.8,.3
247,남원,2024-10-06 23:25,328.3,.6
247,남원,2024-10-06 23:26,321.9,.7
247,남원,2024-10-06 23:27,355.8,.6
247,남원,2024-10-06 23:28,348.1,.7
247,남원,2024-10-06 23:29,14.4,.9
247,남원,2024-10-06 23:30,63.8,.5
247,남원,2024-10-06 23:31,41.4,.5
247,남원,2024-10-06 23:32,40,.4
247,남원,2024-10-06 23:33,72.6,.6
247,남원,2024-10-06 23:34,76.8,.6
247,남원,2024-10-06 23:35,84.5,.7
247,남원,2024-10-06 23:36,75.5,1
247,남원,2024-10-06 23:37,91,1
247,남원,2024-10-06 23:38,88.4,1.2
247,남원,2024-10-06 23:39,97.4,1.5
247,남원,2024-10-06 23:40,71.9,1.1
247,남원,2024-10-06 23:41,81.2,.8
247,남원,2024-10-06 23:42,72,1.2
247,남원,2024-10-06 23:43,50.2,.8
247,남원,2024-10-06 23:44,64.1,.9
247,남원,2024-10-06 23:45,60.7,.5
247,남원,2024-10-06 23:46,90.1,.6
247,남원,2024-10-06 23:47,81.3,.9
247,남원,2024-10-06 23:48,75.1,1
247,남원,2024-10-06 23:49,77,1.6
247,남원,2024-10-06 23:50,64.8,1.6
247,남원,2024-10-06 23:51,60.5,1
247,남원,2024-10-06 23:52,71.7,1.6
247,남원,2024-10-06 23:53,59.7,2
247,남원,2024-10-06 23:54,54.5,1.4
247,남원,2024-10-06 23:55,28.4,1.5
247,남원,2024-10-06 23:56,35.3,1.5
247,남원,2024-10-06 23:57,36,1
247,남원,2024-10-06 23:58,35.5,1.4
247,남원,2024-10-06 23:59,41.6,1.2
247,남원,2024-10-07 00:00,50.5,.5
248,장수,2024-10-06 00:01,111.9,.5
248,장수,2024-10-06 00:02,130.5,.3
248,장수,2024-10-06 00:03,116.3,.5
248,장수,2024-10-06 00:04,119.4,.6
248,장수,2024-10-06 00:05,110.9,.7
248,장수,2024-10-06 00:06,104.5,.6
248,장수,2024-10-06 00:07,96.3,.6
248,장수,2024-10-06 00:08,92.8,.7
248,장수,2024-10-06 00:09,94.7,.6
248,장수,2024-10-06 00:10,100.8,.5
248,장수,2024-10-06 00:11,108.3,.4
248,장수,2024-10-06 00:12,114.7,.2
248,장수,2024-10-06 00:13,133.1,0
248,장수,2024-10-06 00:14,0,0
248,장수,2024-10-06 00:15,243.2,0
248,장수,2024-10-06 00:16,272.9,.1
248,장수,2024-10-06 00:17,0,0
248,장수,2024-10-06 00:18,0,0
248,장수,2024-10-06 00:19,0,0
248,장수,2024-10-06 00:20,0,0
248,장수,2024-10-06 00:21,0,0
248,장수,2024-10-06 00:22,0,0
248,장수,2024-10-06 00:23,0,0
248,장수,2024-10-06 00:24,0,0
248,장수,2024-10-06 00:25,0,0
248,장수,2024-10-06 00:26,0,0
248,장수,2024-10-06 00:27,0,0
248,장수,2024-10-06 00:28,0,0
248,장수,2024-10-06 00:29,0,0
248,장수,2024-10-06 00:30,0,0
248,장수,2024-10-06 00:31,301.8,0
248,장수,2024-10-06 00:32,304.3,.3
248,장수,2024-10-06 00:33,298.9,.5
248,장수,2024-10-06 00:34,282.5,.7
248,장수,2024-10-06 00:35,274.6,.7
248,장수,2024-10-06 00:36,274.6,.7
248,장수,2024-10-06 00:37,263.7,.5
248,장수,2024-10-06 00:38,265.3,.4
248,장수,2024-10-06 00:39,259.6,.4
248,장수,2024-10-06 00:40,253.9,.2
248,장수,2024-10-06 00:41,243.3,.3
248,장수,2024-10-06 00:42,234.5,.1
248,장수,2024-10-06 00:43,197.5,0
248,장수,2024-10-06 00:44,194.4,0
248,장수,2024-10-06 00:45,197.5,.3
248,장수,2024-10-06 00:46,200.9,.5
248,장수,2024-10-06 00:47,199.4,.8
248,장수,2024-10-06 00:48,199.4,.7
248,장수,2024-10-06 00:49,200,.5
248,장수,2024-10-06 00:50,194.7,.1
248,장수,2024-10-06 00:51,0,0
248,장수,2024-10-06 00:52,197.5,0
248,장수,2024-10-06 00:53,0,0
248,장수,2024-10-06 00:54,106.2,0
248,장수,2024-10-06 00:55,90.4,.5
248,장수,2024-10-06 00:56,85.9,.6
248,장수,2024-10-06 00:57,88.1,.4
248,장수,2024-10-06 00:58,79,0
248,장수,2024-10-06 00:59,0,0
248,장수,2024-10-06 01:00,0,0
248,장수,2024-10-06 01:01,0,0
248,장수,2024-10-06 01:02,294.6,.1
248,장수,2024-10-06 01:03,295.5,.2
248,장수,2024-10-06 01:04,304.2,.2
248,장수,2024-10-06 01:05,0,0
248,장수,2024-10-06 01:06,0,0
248,장수,2024-10-06 01:07,0,0
248,장수,2024-10-06 01:08,0,0
248,장수,2024-10-06 01:09,0,0
248,장수,2024-10-06 01:10,89.5,.1
248,장수,2024-10-06 01:11,90.4,.3
248,장수,2024-10-06 01:12,97,.2
248,장수,2024-10-06 01:13,93.4,.1
248,장수,2024-10-06 01:14,0,0
248,장수,2024-10-06 01:15,0,0
248,장수,2024-10-06 01:16,0,0
248,장수,2024-10-06 01:17,0,0
248,장수,2024-10-06 01:18,0,0
248,장수,2024-10-06 01:19,0,0
248,장수,2024-10-06 01:20,0,0
248,장수,2024-10-06 01:21,0,0
248,장수,2024-10-06 01:22,0,0
248,장수,2024-10-06 01:23,0,0
248,장수,2024-10-06 01:24,0,0
248,장수,2024-10-06 01:25,0,0
248,장수,2024-10-06 01:26,0,0
248,장수,2024-10-06 01:27,0,0
248,장수,2024-10-06 01:28,286.5,.1
248,장수,2024-10-06 01:29,283.4,.3
248,장수,2024-10-06 01:30,277,.6
248,장수,2024-10-06 01:31,278.1,.5
248,장수,2024-10-06 01:32,275,.5
248,장수,2024-10-06 01:33,277.2,.4
248,장수,2024-10-06 01:34,269,.1
248,장수,2024-10-06 01:35,0,0
248,장수,2024-10-06 01:36,0,0
248,장수,2024-10-06 01:37,0,0
248,장수,2024-10-06 01:38,0,0
248,장수,2024-10-06 01:39,0,0
248,장수,2024-10-06 01:40,0,0
248,장수,2024-10-06 01:41,80.9,.2
248,장수,2024-10-06 01:42,77.5,.4
248,장수,2024-10-06 01:43,74,.4
248,장수,2024-10-06 01:44,71.9,.3
248,장수,2024-10-06 01:45,66.5,.4
248,장수,2024-10-06 01:46,65.6,.4
248,장수,2024-10-06 01:47,66.3,.3
248,장수,2024-10-06 01:48,77.8,.4
248,장수,2024-10-06 01:49,84.6,.3
248,장수,2024-10-06 01:50,87.1,.1
248,장수,2024-10-06 01:51,80.3,.2
248,장수,2024-10-06 01:52,80,.2
248,장수,2024-10-06 01:53,86.7,.1
248,장수,2024-10-06 01:54,0,0
248,장수,2024-10-06 01:55,0,0
248,장수,2024-10-06 01:56,273.4,.2
248,장수,2024-10-06 01:57,286.3,.5
248,장수,2024-10-06 01:58,284.1,.6
248,장수,2024-10-06 01:59,283.8,.6
248,장수,2024-10-06 02:00,294.7,.5
248,장수,2024-10-06 02:01,293.4,.3
248,장수,2024-10-06 02:02,286,0
248,장수,2024-10-06 02:03,0,0
248,장수,2024-10-06 02:04,0,0
248,장수,2024-10-06 02:05,0,0
248,장수,2024-10-06 02:06,0,0
248,장수,2024-10-06 02:07,0,0
248,장수,2024-10-06 02:08,0,0
248,장수,2024-10-06 02:09,79.6,.2
248,장수,2024-10-06 02:10,88.6,.3
248,장수,2024-10-06 02:11,82.8,.5
248,장수,2024-10-06 02:12,91.3,.5
248,장수,2024-10-06 02:13,82.8,.5
248,장수,2024-10-06 02:14,76.5,.3
248,장수,2024-10-06 02:15,65.3,.2
248,장수,2024-10-06 02:16,0,0
248,장수,2024-10-06 02:17,17.6,0
248,장수,2024-10-06 02:18,0,0
248,장수,2024-10-06 02:19,0,0
248,장수,2024-10-06 02:20,0,0
248,장수,2024-10-06 02:21,307.7,0
248,장수,2024-10-06 02:22,288.7,.1
248,장수,2024-10-06 02:23,274,.2
248,장수,2024-10-06 02:24,270.1,.3
248,장수,2024-10-06 02:25,282.6,.3
248,장수,2024-10-06 02:26,307.1,.3
248,장수,2024-10-06 02:27,319.5,.2
248,장수,2024-10-06 02:28,316,.2
248,장수,2024-10-06 02:29,303.7,.2
248,장수,2024-10-06 02:30,289.1,.3
248,장수,2024-10-06 02:31,277.1,.5
248,장수,2024-10-06 02:32,270.2,.7
248,장수,2024-10-06 02:33,265.9,.6
248,장수,2024-10-06 02:34,252.7,.5
248,장수,2024-10-06 02:35,247.6,.4
248,장수,2024-10-06 02:36,248.6,.3
248,장수,2024-10-06 02:37,258.8,0
248,장수,2024-10-06 02:38,0,0
248,장수,2024-10-06 02:39,0,0
248,장수,2024-10-06 02:40,0,0
248,장수,2024-10-06 02:41,266.1,0
248,장수,2024-10-06 02:42,79.9,.4
248,장수,2024-10-06 02:43,67.8,.5
248,장수,2024-10-06 02:44,66.1,.5
248,장수,2024-10-06 02:45,66.1,.5
248,장수,2024-10-06 02:46,69.7,.6
248,장수,2024-10-06 02:47,79.7,.4
248,장수,2024-10-06 02:48,88,.3
248,장수,2024-10-06 02:49,78.4,.2
248,장수,2024-10-06 02:50,76.6,.1
248,장수,2024-10-06 02:51,77.9,0
248,장수,2024-10-06 02:52,0,0
248,장수,2024-10-06 02:53,0,0
248,장수,2024-10-06 02:54,0,0
248,장수,2024-10-06 02:55,0,0
248,장수,2024-10-06 02:56,0,0
248,장수,2024-10-06 02:57,0,0
248,장수,2024-10-06 02:58,0,0
248,장수,2024-10-06 02:59,0,0
248,장수,2024-10-06 03:00,0,0
248,장수,2024-10-06 03:01,88.9,0
248,장수,2024-10-06 03:02,107.4,.3
248,장수,2024-10-06 03:03,111.2,.4
248,장수,2024-10-06 03:04,111.5,.4
248,장수,2024-10-06 03:05,110.4,.6
248,장수,2024-10-06 03:06,105.7,.5
248,장수,2024-10-06 03:07,100,.6
248,장수,2024-10-06 03:08,101.5,.4
248,장수,2024-10-06 03:09,100.3,.4
248,장수,2024-10-06 03:10,113.9,.3
248,장수,2024-10-06 03:11,130.4,.2
248,장수,2024-10-06 03:12,154.5,0
248,장수,2024-10-06 03:13,0,0
248,장수,2024-10-06 03:14,242.3,0
248,장수,2024-10-06 03:15,269.1,.2
248,장수,2024-10-06 03:16,275.5,.2
248,장수,2024-10-06 03:17,291.5,.4
248,장수,2024-10-06 03:18,298.8,.3
248,장수,2024-10-06 03:19,309.9,.4
248,장수,2024-10-06 03:20,310,.4
248,장수,2024-10-06 03:21,313.7,.3
248,장수,2024-10-06 03:22,307.2,.3
248,장수,2024-10-06 03:23,288.6,0
248,장수,2024-10-06 03:24,0,0
248,장수,2024-10-06 03:25,21.5,0
248,장수,2024-10-06 03:26,63.1,.1
248,장수,2024-10-06 03:27,79.5,.3
248,장수,2024-10-06 03:28,87.6,.4
248,장수,2024-10-06 03:29,80.6,.4
248,장수,2024-10-06 03:30,65,.2
248,장수,2024-10-06 03:31,0,0
248,장수,2024-10-06 03:32,0,0
248,장수,2024-10-06 03:33,0,0
248,장수,2024-10-06 03:34,0,0
248,장수,2024-10-06 03:35,301.5,0
248,장수,2024-10-06 03:36,298.5,.2
248,장수,2024-10-06 03:37,286.8,.3
248,장수,2024-10-06 03:38,275.9,.3
248,장수,2024-10-06 03:39,263.3,.3
248,장수,2024-10-06 03:40,255.1,.2
248,장수,2024-10-06 03:41,245.1,.2
248,장수,2024-10-06 03:42,237.6,.2
248,장수,2024-10-06 03:43,226.8,0
248,장수,2024-10-06 03:44,220.9,0
248,장수,2024-10-06 03:45,0,0
248,장수,2024-10-06 03:46,0,0
248,장수,2024-10-06 03:47,0,0
248,장수,2024-10-06 03:48,0,0
248,장수,2024-10-06 03:49,0,0
248,장수,2024-10-06 03:50,0,0
248,장수,2024-10-06 03:51,0,0
248,장수,2024-10-06 03:52,0,0
248,장수,2024-10-06 03:53,0,0
248,장수,2024-10-06 03:54,0,0
248,장수,2024-10-06 03:55,0,0
248,장수,2024-10-06 03:56,0,0
248,장수,2024-10-06 03:57,102.7,0
248,장수,2024-10-06 03:58,99.7,.2
248,장수,2024-10-06 03:59,88.6,0
248,장수,2024-10-06 04:00,0,0
248,장수,2024-10-06 04:01,0,0
248,장수,2024-10-06 04:02,0,0
248,장수,2024-10-06 04:03,0,0
248,장수,2024-10-06 04:04,0,0
248,장수,2024-10-06 04:05,255.9,.1
248,장수,2024-10-06 04:06,245.3,.4
248,장수,2024-10-06 04:07,244.6,.7
248,장수,2024-10-06 04:08,247.1,.8
248,장수,2024-10-06 04:09,236.6,.5
248,장수,2024-10-06 04:10,238.4,.5
248,장수,2024-10-06 04:11,233.1,.1
248,장수,2024-10-06 04:12,231.5,0
248,장수,2024-10-06 04:13,0,0
248,장수,2024-10-06 04:14,0,0
248,장수,2024-10-06 04:15,0,0
248,장수,2024-10-06 04:16,42.4,.1
248,장수,2024-10-06 04:17,58.7,.1
248,장수,2024-10-06 04:18,48.2,.2
248,장수,2024-10-06 04:19,50.5,.4
248,장수,2024-10-06 04:20,53.5,.5
248,장수,2024-10-06 04:21,52.7,.6
248,장수,2024-10-06 04:22,48.2,.4
248,장수,2024-10-06 04:23,61.8,.4
248,장수,2024-10-06 04:24,64.6,.3
248,장수,2024-10-06 04:25,60.5,.3
248,장수,2024-10-06 04:26,59.4,.3
248,장수,2024-10-06 04:27,57.5,.3
248,장수,2024-10-06 04:28,53,.3
248,장수,2024-10-06 04:29,49.3,.3
248,장수,2024-10-06 04:30,69.8,0
248,장수,2024-10-06 04:31,70.3,.1
248,장수,2024-10-06 04:32,55.2,.4
248,장수,2024-10-06 04:33,49.9,.2
248,장수,2024-10-06 04:34,68.6,0
248,장수,2024-10-06 04:35,0,0
248,장수,2024-10-06 04:36,0,0
248,장수,2024-10-06 04:37,0,0
248,장수,2024-10-06 04:38,248.1,0
248,장수,2024-10-06 04:39,0,0
248,장수,2024-10-06 04:40,0,0
248,장수,2024-10-06 04:41,0,0
248,장수,2024-10-06 04:42,0,0
248,장수,2024-10-06 04:43,0,0
248,장수,2024-10-06 04:44,0,0
248,장수,2024-10-06 04:45,266,.2
248,장수,2024-10-06 04:46,266.6,.4
248,장수,2024-10-06 04:47,259.6,.5
248,장수,2024-10-06 04:48,249.6,.4
248,장수,2024-10-06 04:49,242.7,.3
248,장수,2024-10-06 04:50,254.5,0
248,장수,2024-10-06 04:51,259.2,0
248,장수,2024-10-06 04:52,74.8,0
248,장수,2024-10-06 04:53,0,0
248,장수,2024-10-06 04:54,0,0
248,장수,2024-10-06 04:55,57.5,.1
248,장수,2024-10-06 04:56,70.2,.2
248,장수,2024-10-06 04:57,92.4,.1
248,장수,2024-10-06 04:58,98,.2
248,장수,2024-10-06 04:59,99.9,.4
248,장수,2024-10-06 05:00,100.1,.5
248,장수,2024-10-06 05:01,109.8,.4
248,장수,2024-10-06 05:02,132.9,.2
248,장수,2024-10-06 05:03,148.4,.1
248,장수,2024-10-06 05:04,125.7,0
248,장수,2024-10-06 05:05,0,0
248,장수,2024-10-06 05:06,0,0
248,장수,2024-10-06 05:07,146,.1
248,장수,2024-10-06 05:08,119,0
248,장수,2024-10-06 05:09,140.9,0
248,장수,2024-10-06 05:10,113.5,.2
248,장수,2024-10-06 05:11,122.4,.3
248,장수,2024-10-06 05:12,92.9,.1
248,장수,2024-10-06 05:13,0,0
248,장수,2024-10-06 05:14,0,0
248,장수,2024-10-06 05:15,0,0
248,장수,2024-10-06 05:16,0,0
248,장수,2024-10-06 05:17,0,0
248,장수,2024-10-06 05:18,0,0
248,장수,2024-10-06 05:19,0,0
248,장수,2024-10-06 05:20,0,0
248,장수,2024-10-06 05:21,0,0
248,장수,2024-10-06 05:22,316.3,0
248,장수,2024-10-06 05:23,312.4,.4
248,장수,2024-10-06 05:24,297.8,.7
248,장수,2024-10-06 05:25,297.6,.8
248,장수,2024-10-06 05:26,294.3,.6
248,장수,2024-10-06 05:27,283.6,.4
248,장수,2024-10-06 05:28,281.1,.2
248,장수,2024-10-06 05:29,271.2,.2
248,장수,2024-10-06 05:30,246.2,.4
248,장수,2024-10-06 05:31,234.8,.4
248,장수,2024-10-06 05:32,238.9,.3
248,장수,2024-10-06 05:33,247.8,.4
248,장수,2024-10-06 05:34,261.7,.1
248,장수,2024-10-06 05:35,0,0
248,장수,2024-10-06 05:36,298,0
248,장수,2024-10-06 05:37,302.8,0
248,장수,2024-10-06 05:38,276.3,0
248,장수,2024-10-06 05:39,267.5,.1
248,장수,2024-10-06 05:40,254.5,.3
248,장수,2024-10-06 05:41,229,0
248,장수,2024-10-06 05:42,109.8,.2
248,장수,2024-10-06 05:43,94.8,.5
248,장수,2024-10-06 05:44,92.7,.3
248,장수,2024-10-06 05:45,0,0
248,장수,2024-10-06 05:46,0,0
248,장수,2024-10-06 05:47,0,0
248,장수,2024-10-06 05:48,116.2,.2
248,장수,2024-10-06 05:49,117.7,.5
248,장수,2024-10-06 05:50,117.5,.9
248,장수,2024-10-06 05:51,115.2,.8
248,장수,2024-10-06 05:52,110.1,.8
248,장수,2024-10-06 05:53,123.8,.7
248,장수,2024-10-06 05:54,118.3,.6
248,장수,2024-10-06 05:55,105.6,.6
248,장수,2024-10-06 05:56,102.2,.5
248,장수,2024-10-06 05:57,120.2,.3
248,장수,2024-10-06 05:58,122.4,.4
248,장수,2024-10-06 05:59,137.4,.1
248,장수,2024-10-06 06:00,0,0
248,장수,2024-10-06 06:01,226.3,0
248,장수,2024-10-06 06:02,228,.2
248,장수,2024-10-06 06:03,243.3,.3
248,장수,2024-10-06 06:04,262.9,.6
248,장수,2024-10-06 06:05,260.6,.2
248,장수,2024-10-06 06:06,0,0
248,장수,2024-10-06 06:07,0,0
248,장수,2024-10-06 06:08,0,0
248,장수,2024-10-06 06:09,313.7,0
248,장수,2024-10-06 06:10,329.8,.3
248,장수,2024-10-06 06:11,340.7,.7
248,장수,2024-10-06 06:12,346.5,.8
248,장수,2024-10-06 06:13,6.6,.6
248,장수,2024-10-06 06:14,21.5,.8
248,장수,2024-10-06 06:15,34.6,1
248,장수,2024-10-06 06:16,45,.8
248,장수,2024-10-06 06:17,60.3,.5
248,장수,2024-10-06 06:18,72,.4
248,장수,2024-10-06 06:19,100.4,.3
248,장수,2024-10-06 06:20,110.9,.6
248,장수,2024-10-06 06:21,120.6,.7
248,장수,2024-10-06 06:22,110.1,.5
248,장수,2024-10-06 06:23,127.2,.4
248,장수,2024-10-06 06:24,152.9,.4
248,장수,2024-10-06 06:25,189.5,.3
248,장수,2024-10-06 06:26,200.3,.3
248,장수,2024-10-06 06:27,201.2,.4
248,장수,2024-10-06 06:28,207.5,.5
248,장수,2024-10-06 06:29,247.1,.5
248,장수,2024-10-06 06:30,258.2,.7
248,장수,2024-10-06 06:31,252.7,.6
248,장수,2024-10-06 06:32,229.6,.2
248,장수,2024-10-06 06:33,0,0
248,장수,2024-10-06 06:34,0,0
248,장수,2024-10-06 06:35,0,0
248,장수,2024-10-06 06:36,0,0
248,장수,2024-10-06 06:37,0,0
248,장수,2024-10-06 06:38,55.2,0
248,장수,2024-10-06 06:39,52.8,.4
248,장수,2024-10-06 06:40,68.6,.5
248,장수,2024-10-06 06:41,83.2,.2
248,장수,2024-10-06 06:42,0,0
248,장수,2024-10-06 06:43,0,0
248,장수,2024-10-06 06:44,81,0
248,장수,2024-10-06 06:45,114.1,.5
248,장수,2024-10-06 06:46,153.5,.5
248,장수,2024-10-06 06:47,164.6,.3
248,장수,2024-10-06 06:48,147.4,.2
248,장수,2024-10-06 06:49,118.5,.5
248,장수,2024-10-06 06:50,141.2,.5
248,장수,2024-10-06 06:51,158.3,.6
248,장수,2024-10-06 06:52,178.3,.3
248,장수,2024-10-06 06:53,169.2,.4
248,장수,2024-10-06 06:54,204.3,.3
248,장수,2024-10-06 06:55,220.7,.3
248,장수,2024-10-06 06:56,250.4,.4
248,장수,2024-10-06 06:57,270.5,.5
248,장수,2024-10-06 06:58,280.1,.5
248,장수,2024-10-06 06:59,285.6,.8
248,장수,2024-10-06 07:00,281.3,.6
248,장수,2024-10-06 07:01,271.7,.7
248,장수,2024-10-06 07:02,280.1,.7
248,장수,2024-10-06 07:03,292,.8
248,장수,2024-10-06 07:04,303.8,.8
248,장수,2024-10-06 07:05,3.7,.4
248,장수,2024-10-06 07:06,69.4,.5
248,장수,2024-10-06 07:07,88.9,.7
248,장수,2024-10-06 07:08,114,.3
248,장수,2024-10-06 07:09,117.5,.4
248,장수,2024-10-06 07:10,116.4,.7
248,장수,2024-10-06 07:11,103,1.1
248,장수,2024-10-06 07:12,114.8,.9
248,장수,2024-10-06 07:13,115.4,.6
248,장수,2024-10-06 07:14,120.1,.6
248,장수,2024-10-06 07:15,148.7,.3
248,장수,2024-10-06 07:16,165.9,.6
248,장수,2024-10-06 07:17,206.8,.5
248,장수,2024-10-06 07:18,216.3,.6
248,장수,2024-10-06 07:19,224.6,.8
248,장수,2024-10-06 07:20,224.2,.7
248,장수,2024-10-06 07:21,229.7,.6
248,장수,2024-10-06 07:22,236.8,.5
248,장수,2024-10-06 07:23,203.7,.7
248,장수,2024-10-06 07:24,199.8,.7
248,장수,2024-10-06 07:25,198.7,.6
248,장수,2024-10-06 07:26,189.7,.3
248,장수,2024-10-06 07:27,198,.6
248,장수,2024-10-06 07:28,138.1,.3
248,장수,2024-10-06 07:29,129.4,.8
248,장수,2024-10-06 07:30,153.3,.4
248,장수,2024-10-06 07:31,210,.2
248,장수,2024-10-06 07:32,156.5,.3
248,장수,2024-10-06 07:33,195,0
248,장수,2024-10-06 07:34,254,.2
248,장수,2024-10-06 07:35,287,.5
248,장수,2024-10-06 07:36,317.9,.5
248,장수,2024-10-06 07:37,315.2,.5
248,장수,2024-10-06 07:38,329.1,.4
248,장수,2024-10-06 07:39,336.7,.4
248,장수,2024-10-06 07:40,85.7,.1
248,장수,2024-10-06 07:41,28.3,0
248,장수,2024-10-06 07:42,309.8,.1
248,장수,2024-10-06 07:43,300.5,.3
248,장수,2024-10-06 07:44,279,.7
248,장수,2024-10-06 07:45,300,.4
248,장수,2024-10-06 07:46,357.6,.2
248,장수,2024-10-06 07:47,24.1,.7
248,장수,2024-10-06 07:48,30.1,.6
248,장수,2024-10-06 07:49,8.5,.4
248,장수,2024-10-06 07:50,334.7,.3
248,장수,2024-10-06 07:51,313.4,.4
248,장수,2024-10-06 07:52,317,.1
248,장수,2024-10-06 07:53,355.5,0
248,장수,2024-10-06 07:54,0,0
248,장수,2024-10-06 07:55,0,0
248,장수,2024-10-06 07:56,32.2,0
248,장수,2024-10-06 07:57,37.9,0
248,장수,2024-10-06 07:58,0,0
248,장수,2024-10-06 07:59,0,0
248,장수,2024-10-06 08:00,325.8,0
248,장수,2024-10-06 08:01,297,.3
248,장수,2024-10-06 08:02,280,.5
248,장수,2024-10-06 08:03,256.8,.5
248,장수,2024-10-06 08:04,246,.4
248,장수,2024-10-06 08:05,211.4,.2
248,장수,2024-10-06 08:06,189.7,.1
248,장수,2024-10-06 08:07,140.6,0
248,장수,2024-10-06 08:08,0,0
248,장수,2024-10-06 08:09,210,0
248,장수,2024-10-06 08:10,256.2,.5
248,장수,2024-10-06 08:11,260.5,.9
248,장수,2024-10-06 08:12,251.5,1.4
248,장수,2024-10-06 08:13,243.1,1.5
248,장수,2024-10-06 08:14,243.3,2
248,장수,2024-10-06 08:15,244,1.9
248,장수,2024-10-06 08:16,242,1.9
248,장수,2024-10-06 08:17,244.3,1.9
248,장수,2024-10-06 08:18,243.6,1.6
248,장수,2024-10-06 08:19,214.3,1.1
248,장수,2024-10-06 08:20,205.9,.6
248,장수,2024-10-06 08:21,139.5,.5
248,장수,2024-10-06 08:22,110.9,.7
248,장수,2024-10-06 08:23,98.6,1
248,장수,2024-10-06 08:24,83.1,1.1
248,장수,2024-10-06 08:25,71.6,1.1
248,장수,2024-10-06 08:26,53.2,.7
248,장수,2024-10-06 08:27,41.5,.9
248,장수,2024-10-06 08:28,59,1.2
248,장수,2024-10-06 08:29,62.1,.8
248,장수,2024-10-06 08:30,56.1,.6
248,장수,2024-10-06 08:31,70.9,.5
248,장수,2024-10-06 08:32,75.9,.5
248,장수,2024-10-06 08:33,71.7,.6
248,장수,2024-10-06 08:34,63.1,.5
248,장수,2024-10-06 08:35,56.7,.5
248,장수,2024-10-06 08:36,27.7,.4
248,장수,2024-10-06 08:37,315.8,.3
248,장수,2024-10-06 08:38,276.8,.5
248,장수,2024-10-06 08:39,256,.6
248,장수,2024-10-06 08:40,256,.5
248,장수,2024-10-06 08:41,237.3,.1
248,장수,2024-10-06 08:42,271.2,.9
248,장수,2024-10-06 08:43,248.4,.7
248,장수,2024-10-06 08:44,245.5,.4
248,장수,2024-10-06 08:45,269.3,.5
248,장수,2024-10-06 08:46,236.3,.7
248,장수,2024-10-06 08:47,276.9,.5
248,장수,2024-10-06 08:48,284.2,.7
248,장수,2024-10-06 08:49,254.6,.3
248,장수,2024-10-06 08:50,246.6,0
248,장수,2024-10-06 08:51,273,.3
248,장수,2024-10-06 08:52,240.2,.8
248,장수,2024-10-06 08:53,255,.6
248,장수,2024-10-06 08:54,267.8,.7
248,장수,2024-10-06 08:55,257.4,1.3
248,장수,2024-10-06 08:56,257.9,1.6
248,장수,2024-10-06 08:57,264.3,2
248,장수,2024-10-06 08:58,260.5,1.9
248,장수,2024-10-06 08:59,258.2,1.4
248,장수,2024-10-06 09:00,262.6,1
248,장수,2024-10-06 09:01,270.1,.9
248,장수,2024-10-06 09:02,283.7,.7
248,장수,2024-10-06 09:03,281.5,.5
248,장수,2024-10-06 09:04,269.2,.4
248,장수,2024-10-06 09:05,200.3,.1
248,장수,2024-10-06 09:06,0,0
248,장수,2024-10-06 09:07,0,0
248,장수,2024-10-06 09:08,0,0
248,장수,2024-10-06 09:09,0,0
248,장수,2024-10-06 09:10,168,0
248,장수,2024-10-06 09:11,0,0
248,장수,2024-10-06 09:12,102.5,0
248,장수,2024-10-06 09:13,75.9,.6
248,장수,2024-10-06 09:14,78.2,.9
248,장수,2024-10-06 09:15,73.7,.9
248,장수,2024-10-06 09:16,75.2,1.1
248,장수,2024-10-06 09:17,87.5,.9
248,장수,2024-10-06 09:18,84.1,.9
248,장수,2024-10-06 09:19,71.5,1
248,장수,2024-10-06 09:20,77.7,1.1
248,장수,2024-10-06 09:21,72.2,1.3
248,장수,2024-10-06 09:22,67.3,1.4
248,장수,2024-10-06 09:23,71.6,1.2
248,장수,2024-10-06 09:24,64.8,1
248,장수,2024-10-06 09:25,56.5,.8
248,장수,2024-10-06 09:26,51.1,1.2
248,장수,2024-10-06 09:27,53.7,1.1
248,장수,2024-10-06 09:28,60.9,1
248,장수,2024-10-06 09:29,52.3,.7
248,장수,2024-10-06 09:30,57.5,.9
248,장수,2024-10-06 09:31,51,.7
248,장수,2024-10-06 09:32,57.3,.4
248,장수,2024-10-06 09:33,42.5,.4
248,장수,2024-10-06 09:34,84.5,.1
248,장수,2024-10-06 09:35,349.4,.1
248,장수,2024-10-06 09:36,349.3,.4
248,장수,2024-10-06 09:37,5.1,.4
248,장수,2024-10-06 09:38,355.6,.2
248,장수,2024-10-06 09:39,317.9,0
248,장수,2024-10-06 09:40,320.6,0
248,장수,2024-10-06 09:41,319.5,0
248,장수,2024-10-06 09:42,289.7,0
248,장수,2024-10-06 09:43,0,0
248,장수,2024-10-06 09:44,203.7,.3
248,장수,2024-10-06 09:45,211.5,.4
248,장수,2024-10-06 09:46,209.2,.3
248,장수,2024-10-06 09:47,204.3,.2
248,장수,2024-10-06 09:48,248.8,.3
248,장수,2024-10-06 09:49,216.1,.4
248,장수,2024-10-06 09:50,202.3,.1
248,장수,2024-10-06 09:51,225.2,0
248,장수,2024-10-06 09:52,269.6,0
248,장수,2024-10-06 09:53,307.2,0
248,장수,2024-10-06 09:54,326.8,0
248,장수,2024-10-06 09:55,315.6,0
248,장수,2024-10-06 09:56,330.5,0
248,장수,2024-10-06 09:57,0,0
248,장수,2024-10-06 09:58,288.7,0
248,장수,2024-10-06 09:59,278.6,.6
248,장수,2024-10-06 10:00,279.1,.5
248,장수,2024-10-06 10:01,279.5,.8
248,장수,2024-10-06 10:02,281.8,.7
248,장수,2024-10-06 10:03,290.5,1.1
248,장수,2024-10-06 10:04,277.5,1.3
248,장수,2024-10-06 10:05,292.8,1.4
248,장수,2024-10-06 10:06,293.3,1.2
248,장수,2024-10-06 10:07,301.5,.9
248,장수,2024-10-06 10:08,255.2,.9
248,장수,2024-10-06 10:09,230.2,.8
248,장수,2024-10-06 10:10,264.4,.7
248,장수,2024-10-06 10:11,273.9,1.4
248,장수,2024-10-06 10:12,260.1,1.2
248,장수,2024-10-06 10:13,283.7,.2
248,장수,2024-10-06 10:14,290.7,.1
248,장수,2024-10-06 10:15,324.1,.1
248,장수,2024-10-06 10:16,308.2,.1
248,장수,2024-10-06 10:17,317.3,0
248,장수,2024-10-06 10:18,124.5,.3
248,장수,2024-10-06 10:19,111.4,0
248,장수,2024-10-06 10:20,243.3,0
248,장수,2024-10-06 10:21,199.3,.4
248,장수,2024-10-06 10:22,244.7,.5
248,장수,2024-10-06 10:23,246.8,.6
248,장수,2024-10-06 10:24,231.8,1
248,장수,2024-10-06 10:25,239.8,.4
248,장수,2024-10-06 10:26,256.7,.7
248,장수,2024-10-06 10:27,264.7,.8
248,장수,2024-10-06 10:28,249.3,.6
248,장수,2024-10-06 10:29,214.4,0
248,장수,2024-10-06 10:30,0,0
248,장수,2024-10-06 10:31,0,0
248,장수,2024-10-06 10:32,278.1,0
248,장수,2024-10-06 10:33,322.9,.1
248,장수,2024-10-06 10:34,320.9,.1
248,장수,2024-10-06 10:35,204.8,.1
248,장수,2024-10-06 10:36,133,.2
248,장수,2024-10-06 10:37,13.5,.4
248,장수,2024-10-06 10:38,337.8,0
248,장수,2024-10-06 10:39,42.3,.6
248,장수,2024-10-06 10:40,80.6,.4
248,장수,2024-10-06 10:41,174.9,.1
248,장수,2024-10-06 10:42,208.8,.4
248,장수,2024-10-06 10:43,191.4,.6
248,장수,2024-10-06 10:44,304.3,.3
248,장수,2024-10-06 10:45,351.7,.8
248,장수,2024-10-06 10:46,8,.8
248,장수,2024-10-06 10:47,329.2,.7
248,장수,2024-10-06 10:48,309.8,1
248,장수,2024-10-06 10:49,288.7,.5
248,장수,2024-10-06 10:50,280.7,.2
248,장수,2024-10-06 10:51,359.4,.2
248,장수,2024-10-06 10:52,36.7,.4
248,장수,2024-10-06 10:53,62.3,.3
248,장수,2024-10-06 10:54,337.6,.6
248,장수,2024-10-06 10:55,333.4,.5
248,장수,2024-10-06 10:56,288.4,.5
248,장수,2024-10-06 10:57,267.8,.7
248,장수,2024-10-06 10:58,256,.6
248,장수,2024-10-06 10:59,316.5,.6
248,장수,2024-10-06 11:00,328.2,.6
248,장수,2024-10-06 11:01,355.6,.1
248,장수,2024-10-06 11:02,342.1,.4
248,장수,2024-10-06 11:03,311.2,.4
248,장수,2024-10-06 11:04,311.4,.8
248,장수,2024-10-06 11:05,289,1
248,장수,2024-10-06 11:06,279.5,.8
248,장수,2024-10-06 11:07,281.8,.7
248,장수,2024-10-06 11:08,270,1.1
248,장수,2024-10-06 11:09,264.8,1
248,장수,2024-10-06 11:10,236,.6
248,장수,2024-10-06 11:11,233.2,.7
248,장수,2024-10-06 11:12,239.6,1
248,장수,2024-10-06 11:13,231.6,1.1
248,장수,2024-10-06 11:14,238.3,.9
248,장수,2024-10-06 11:15,232.7,1
248,장수,2024-10-06 11:16,243.6,1.7
248,장수,2024-10-06 11:17,248.3,1.7
248,장수,2024-10-06 11:18,250.4,2
248,장수,2024-10-06 11:19,264.9,2.9
248,장수,2024-10-06 11:20,267.2,3
248,장수,2024-10-06 11:21,264.6,2.1
248,장수,2024-10-06 11:22,261.9,1.8
248,장수,2024-10-06 11:23,267.9,2
248,장수,2024-10-06 11:24,269.5,1.9
248,장수,2024-10-06 11:25,253.7,1.3
248,장수,2024-10-06 11:26,245.5,1.4
248,장수,2024-10-06 11:27,249.6,1.6
248,장수,2024-10-06 11:28,241.2,1.2
248,장수,2024-10-06 11:29,255.2,1.2
248,장수,2024-10-06 11:30,225.9,1.6
248,장수,2024-10-06 11:31,221.8,1.7
248,장수,2024-10-06 11:32,249.5,1.1
248,장수,2024-10-06 11:33,230.7,1.1
248,장수,2024-10-06 11:34,252,1.7
248,장수,2024-10-06 11:35,258.1,1.6
248,장수,2024-10-06 11:36,257.4,1.8
248,장수,2024-10-06 11:37,255,1.6
248,장수,2024-10-06 11:38,255,1.5
248,장수,2024-10-06 11:39,268.4,1.4
248,장수,2024-10-06 11:40,265.4,.8
248,장수,2024-10-06 11:41,219,1.5
248,장수,2024-10-06 11:42,209.1,1.2
248,장수,2024-10-06 11:43,234.1,1.6
248,장수,2024-10-06 11:44,255.9,1.5
248,장수,2024-10-06 11:45,245.4,1.3
248,장수,2024-10-06 11:46,230.6,1.4
248,장수,2024-10-06 11:47,248.1,2.1
248,장수,2024-10-06 11:48,235,1.9
248,장수,2024-10-06 11:49,221,.8
248,장수,2024-10-06 11:50,193.5,.4
248,장수,2024-10-06 11:51,245,.5
248,장수,2024-10-06 11:52,241.5,.9
248,장수,2024-10-06 11:53,251.6,1.6
248,장수,2024-10-06 11:54,211.2,1.3
248,장수,2024-10-06 11:55,203.3,1.9
248,장수,2024-10-06 11:56,243.6,1.6
248,장수,2024-10-06 11:57,236,1.2
248,장수,2024-10-06 11:58,226.9,1.9
248,장수,2024-10-06 11:59,207.3,2
248,장수,2024-10-06 12:00,216.6,1.3
248,장수,2024-10-06 12:01,213.9,2
248,장수,2024-10-06 12:02,219.7,2.2
248,장수,2024-10-06 12:03,211.7,1.9
248,장수,2024-10-06 12:04,220.4,1
248,장수,2024-10-06 12:05,246.2,1.1
248,장수,2024-10-06 12:06,251.3,1.3
248,장수,2024-10-06 12:07,253.5,1.8
248,장수,2024-10-06 12:08,245.7,2.1
248,장수,2024-10-06 12:09,228.9,1.6
248,장수,2024-10-06 12:10,243.8,2.4
248,장수,2024-10-06 12:11,215.9,1.7
248,장수,2024-10-06 12:12,209.7,2.1
248,장수,2024-10-06 12:13,218.5,2.2
248,장수,2024-10-06 12:14,229.5,1.5
248,장수,2024-10-06 12:15,226.6,1.8
248,장수,2024-10-06 12:16,215.5,1.8
248,장수,2024-10-06 12:17,219.8,2.4
248,장수,2024-10-06 12:18,217,2.7
248,장수,2024-10-06 12:19,207.1,2.4
248,장수,2024-10-06 12:20,221.7,2.1
248,장수,2024-10-06 12:21,218,1.7
248,장수,2024-10-06 12:22,241.7,2
248,장수,2024-10-06 12:23,237.4,2.3
248,장수,2024-10-06 12:24,252.5,2
248,장수,2024-10-06 12:25,235.7,2.4
248,장수,2024-10-06 12:26,235.7,2
248,장수,2024-10-06 12:27,250.2,2
248,장수,2024-10-06 12:28,220.3,2.3
248,장수,2024-10-06 12:29,200.2,2.2
248,장수,2024-10-06 12:30,199.3,1.4
248,장수,2024-10-06 12:31,228.4,1.3
248,장수,2024-10-06 12:32,247.9,2.1
248,장수,2024-10-06 12:33,255.2,1.6
248,장수,2024-10-06 12:34,268.5,1.7
248,장수,2024-10-06 12:35,256.8,2.2
248,장수,2024-10-06 12:36,261.4,2.2
248,장수,2024-10-06 12:37,266.3,2
248,장수,2024-10-06 12:38,267.3,1.9
248,장수,2024-10-06 12:39,276,1.7
248,장수,2024-10-06 12:40,274.9,1.9
248,장수,2024-10-06 12:41,269.3,1.7
248,장수,2024-10-06 12:42,266.8,2
248,장수,2024-10-06 12:43,261.7,1.8
248,장수,2024-10-06 12:44,251.9,1.2
248,장수,2024-10-06 12:45,255.9,1.5
248,장수,2024-10-06 12:46,255,.9
248,장수,2024-10-06 12:47,271,.4
248,장수,2024-10-06 12:48,277.9,.9
248,장수,2024-10-06 12:49,260.8,1.6
248,장수,2024-10-06 12:50,265.4,1.6
248,장수,2024-10-06 12:51,272.1,1
248,장수,2024-10-06 12:52,267.8,1.4
248,장수,2024-10-06 12:53,240.8,1.6
248,장수,2024-10-06 12:54,243.2,1.7
248,장수,2024-10-06 12:55,239.1,1.3
248,장수,2024-10-06 12:56,242.4,1.2
248,장수,2024-10-06 12:57,232.3,1.2
248,장수,2024-10-06 12:58,243.6,1.9
248,장수,2024-10-06 12:59,244.2,1.5
248,장수,2024-10-06 13:00,250.3,1.3
248,장수,2024-10-06 13:01,261.3,1.1
248,장수,2024-10-06 13:02,263.7,1
248,장수,2024-10-06 13:03,220.6,.6
248,장수,2024-10-06 13:04,205.4,1.2
248,장수,2024-10-06 13:05,193.3,1.1
248,장수,2024-10-06 13:06,182,.8
248,장수,2024-10-06 13:07,182.5,1.1
248,장수,2024-10-06 13:08,182.6,.6
248,장수,2024-10-06 13:09,180.4,1.4
248,장수,2024-10-06 13:10,188.7,1.1
248,장수,2024-10-06 13:11,155.7,.6
248,장수,2024-10-06 13:12,134.4,.6
248,장수,2024-10-06 13:13,147.3,1.5
248,장수,2024-10-06 13:14,149.2,.9
248,장수,2024-10-06 13:15,99.4,1.2
248,장수,2024-10-06 13:16,120.5,1.2
248,장수,2024-10-06 13:17,116.6,1.2
248,장수,2024-10-06 13:18,107.3,2
248,장수,2024-10-06 13:19,108.6,2.1
248,장수,2024-10-06 13:20,115.2,1.8
248,장수,2024-10-06 13:21,115.6,1.5
248,장수,2024-10-06 13:22,115.4,1.7
248,장수,2024-10-06 13:23,123,1.5
248,장수,2024-10-06 13:24,113.7,1.3
248,장수,2024-10-06 13:25,136.6,1.3
248,장수,2024-10-06 13:26,117.9,.8
248,장수,2024-10-06 13:27,103.4,.9
248,장수,2024-10-06 13:28,108.4,.8
248,장수,2024-10-06 13:29,111.6,.6
248,장수,2024-10-06 13:30,116.5,1
248,장수,2024-10-06 13:31,104.7,1.2
248,장수,2024-10-06 13:32,105,1.3
248,장수,2024-10-06 13:33,105.4,1.4
248,장수,2024-10-06 13:34,96,1.5
248,장수,2024-10-06 13:35,78.7,.9
248,장수,2024-10-06 13:36,91.5,.6
248,장수,2024-10-06 13:37,67.9,.6
248,장수,2024-10-06 13:38,67,.7
248,장수,2024-10-06 13:39,59,.7
248,장수,2024-10-06 13:40,78.6,1
248,장수,2024-10-06 13:41,56.9,1.1
248,장수,2024-10-06 13:42,42.2,1.2
248,장수,2024-10-06 13:43,5,.9
248,장수,2024-10-06 13:44,349.7,1
248,장수,2024-10-06 13:45,341.2,1.2
248,장수,2024-10-06 13:46,347.7,1.2
248,장수,2024-10-06 13:47,343.7,.9
248,장수,2024-10-06 13:48,336.6,1.1
248,장수,2024-10-06 13:49,345.2,.7
248,장수,2024-10-06 13:50,341,.8
248,장수,2024-10-06 13:51,335.9,.9
248,장수,2024-10-06 13:52,331,.9
248,장수,2024-10-06 13:53,333.1,1.1
248,장수,2024-10-06 13:54,336,.9
248,장수,2024-10-06 13:55,341.5,.9
248,장수,2024-10-06 13:56,338.7,.6
248,장수,2024-10-06 13:57,325.9,.5
248,장수,2024-10-06 13:58,282.4,.5
248,장수,2024-10-06 13:59,252.8,.4
248,장수,2024-10-06 14:00,252.1,.6
248,장수,2024-10-06 14:01,244.7,.9
248,장수,2024-10-06 14:02,250,.6
248,장수,2024-10-06 14:03,298.7,0
248,장수,2024-10-06 14:04,0,0
248,장수,2024-10-06 14:05,149.6,0
248,장수,2024-10-06 14:06,149.5,0
248,장수,2024-10-06 14:07,92.3,.2
248,장수,2024-10-06 14:08,126.7,.2
248,장수,2024-10-06 14:09,113.4,.2
248,장수,2024-10-06 14:10,132.2,.2
248,장수,2024-10-06 14:11,118.2,.6
248,장수,2024-10-06 14:12,102.5,.5
248,장수,2024-10-06 14:13,125,.9
248,장수,2024-10-06 14:14,92,.4
248,장수,2024-10-06 14:15,91.7,.5
248,장수,2024-10-06 14:16,109.2,.6
248,장수,2024-10-06 14:17,123.8,.6
248,장수,2024-10-06 14:18,111.8,.8
248,장수,2024-10-06 14:19,117.3,.6
248,장수,2024-10-06 14:20,135.2,1.2
248,장수,2024-10-06 14:21,127,1.5
248,장수,2024-10-06 14:22,134.9,1.5
248,장수,2024-10-06 14:23,145.7,1.6
248,장수,2024-10-06 14:24,143.6,1.4
248,장수,2024-10-06 14:25,149.4,1.6
248,장수,2024-10-06 14:26,154.9,1.7
248,장수,2024-10-06 14:27,169.3,.8
248,장수,2024-10-06 14:28,153.4,1.1
248,장수,2024-10-06 14:29,156,1.2
248,장수,2024-10-06 14:30,172,.7
248,장수,2024-10-06 14:31,167.4,.6
248,장수,2024-10-06 14:32,223.9,.2
248,장수,2024-10-06 14:33,158.2,.4
248,장수,2024-10-06 14:34,95.9,.1
248,장수,2024-10-06 14:35,147.8,.4
248,장수,2024-10-06 14:36,173.6,.5
248,장수,2024-10-06 14:37,230,1.8
248,장수,2024-10-06 14:38,212.6,1.5
248,장수,2024-10-06 14:39,244.7,.6
248,장수,2024-10-06 14:40,158.5,.2
248,장수,2024-10-06 14:41,301.1,0
248,장수,2024-10-06 14:42,223.7,.2
248,장수,2024-10-06 14:43,175.1,0
248,장수,2024-10-06 14:44,186.1,.2
248,장수,2024-10-06 14:45,285.8,0
248,장수,2024-10-06 14:46,0,0
248,장수,2024-10-06 14:47,262.4,.1
248,장수,2024-10-06 14:48,200.2,.8
248,장수,2024-10-06 14:49,213.2,.9
248,장수,2024-10-06 14:50,251.7,.9
248,장수,2024-10-06 14:51,245.9,1.1
248,장수,2024-10-06 14:52,254.4,1.1
248,장수,2024-10-06 14:53,275.1,.9
248,장수,2024-10-06 14:54,297.6,.7
248,장수,2024-10-06 14:55,317.8,.4
248,장수,2024-10-06 14:56,313.6,.5
248,장수,2024-10-06 14:57,299.9,.7
248,장수,2024-10-06 14:58,301,.6
248,장수,2024-10-06 14:59,311.4,.4
248,장수,2024-10-06 15:00,306.9,.2
248,장수,2024-10-06 15:01,62.8,0
248,장수,2024-10-06 15:02,23.6,0
248,장수,2024-10-06 15:03,27.7,.1
248,장수,2024-10-06 15:04,2.6,0
248,장수,2024-10-06 15:05,336.7,.5
248,장수,2024-10-06 15:06,356.2,1
248,장수,2024-10-06 15:07,359.2,.9
248,장수,2024-10-06 15:08,.6,.6
248,장수,2024-10-06 15:09,25.1,.4
248,장수,2024-10-06 15:10,37.8,.3
248,장수,2024-10-06 15:11,0,0
248,장수,2024-10-06 15:12,13.5,.1
248,장수,2024-10-06 15:13,2.3,1
248,장수,2024-10-06 15:14,355.9,.7
248,장수,2024-10-06 15:15,355.4,1.4
248,장수,2024-10-06 15:16,357.1,1.5
248,장수,2024-10-06 15:17,351.6,1.5
248,장수,2024-10-06 15:18,351.4,1
248,장수,2024-10-06 15:19,347.1,1.2
248,장수,2024-10-06 15:20,346.3,1.3
248,장수,2024-10-06 15:21,346.8,.9
248,장수,2024-10-06 15:22,1.9,.7
248,장수,2024-10-06 15:23,30,.6
248,장수,2024-10-06 15:24,46.1,.6
248,장수,2024-10-06 15:25,76.8,.6
248,장수,2024-10-06 15:26,86.4,.4
248,장수,2024-10-06 15:27,98.6,.1
248,장수,2024-10-06 15:28,0,0
248,장수,2024-10-06 15:29,0,0
248,장수,2024-10-06 15:30,0,0
248,장수,2024-10-06 15:31,0,0
248,장수,2024-10-06 15:32,92.2,.4
248,장수,2024-10-06 15:33,95.4,.5
248,장수,2024-10-06 15:34,94.6,.6
248,장수,2024-10-06 15:35,96.5,.6
248,장수,2024-10-06 15:36,101.1,.4
248,장수,2024-10-06 15:37,103.3,.6
248,장수,2024-10-06 15:38,119.5,.7
248,장수,2024-10-06 15:39,136.5,.4
248,장수,2024-10-06 15:40,161,.7
248,장수,2024-10-06 15:41,180.6,.3
248,장수,2024-10-06 15:42,165.7,.4
248,장수,2024-10-06 15:43,175.1,0
248,장수,2024-10-06 15:44,149.5,.1
248,장수,2024-10-06 15:45,123.1,.1
248,장수,2024-10-06 15:46,104.7,.1
248,장수,2024-10-06 15:47,117.2,.2
248,장수,2024-10-06 15:48,96.1,.5
248,장수,2024-10-06 15:49,78.6,1.2
248,장수,2024-10-06 15:50,78.9,.9
248,장수,2024-10-06 15:51,74.6,.7
248,장수,2024-10-06 15:52,81,.9
248,장수,2024-10-06 15:53,80.8,.8
248,장수,2024-10-06 15:54,82.5,1
248,장수,2024-10-06 15:55,82.6,1.1
248,장수,2024-10-06 15:56,85,1.2
248,장수,2024-10-06 15:57,87.4,1.4
248,장수,2024-10-06 15:58,83.6,1.5
248,장수,2024-10-06 15:59,88.1,1.5
248,장수,2024-10-06 16:00,92.3,1.4
248,장수,2024-10-06 16:01,97.6,1.3
248,장수,2024-10-06 16:02,85.9,1.4
248,장수,2024-10-06 16:03,79.6,.9
248,장수,2024-10-06 16:04,85.6,.5
248,장수,2024-10-06 16:05,81.7,.7
248,장수,2024-10-06 16:06,80.9,.7
248,장수,2024-10-06 16:07,66.8,.5
248,장수,2024-10-06 16:08,58.4,.6
248,장수,2024-10-06 16:09,75.2,.4
248,장수,2024-10-06 16:10,78.4,.3
248,장수,2024-10-06 16:11,50,.6
248,장수,2024-10-06 16:12,43.4,.8
248,장수,2024-10-06 16:13,30.8,1
248,장수,2024-10-06 16:14,41.3,.7
248,장수,2024-10-06 16:15,41.6,1.1
248,장수,2024-10-06 16:16,84.4,.8
248,장수,2024-10-06 16:17,129.7,.9
248,장수,2024-10-06 16:18,124.7,1.3
248,장수,2024-10-06 16:19,149.8,1.5
248,장수,2024-10-06 16:20,154.7,1.2
248,장수,2024-10-06 16:21,153.1,1.9
248,장수,2024-10-06 16:22,160.5,1.8
248,장수,2024-10-06 16:23,156.7,1.5
248,장수,2024-10-06 16:24,166.6,.7
248,장수,2024-10-06 16:25,160.6,1.1
248,장수,2024-10-06 16:26,168.8,.6
248,장수,2024-10-06 16:27,140.6,.7
248,장수,2024-10-06 16:28,164.9,.6
248,장수,2024-10-06 16:29,150.3,.5
248,장수,2024-10-06 16:30,130.8,.8
248,장수,2024-10-06 16:31,138.9,1
248,장수,2024-10-06 16:32,141,1.1
248,장수,2024-10-06 16:33,143.8,1.2
248,장수,2024-10-06 16:34,137.4,1.2
248,장수,2024-10-06 16:35,147.3,1.4
248,장수,2024-10-06 16:36,166.7,1
248,장수,2024-10-06 16:37,178.7,1
248,장수,2024-10-06 16:38,189.5,.7
248,장수,2024-10-06 16:39,176.4,.7
248,장수,2024-10-06 16:40,208.9,.6
248,장수,2024-10-06 16:41,190.3,1
248,장수,2024-10-06 16:42,193.6,.8
248,장수,2024-10-06 16:43,237.9,.7
248,장수,2024-10-06 16:44,236,.9
248,장수,2024-10-06 16:45,239.2,1.1
248,장수,2024-10-06 16:46,233.1,1.2
248,장수,2024-10-06 16:47,235.7,1
248,장수,2024-10-06 16:48,222,1.1
248,장수,2024-10-06 16:49,212.5,.7
248,장수,2024-10-06 16:50,208.2,.7
248,장수,2024-10-06 16:51,220.8,.6
248,장수,2024-10-06 16:52,204.6,.5
248,장수,2024-10-06 16:53,198.5,.7
248,장수,2024-10-06 16:54,202.8,.7
248,장수,2024-10-06 16:55,178.3,.7
248,장수,2024-10-06 16:56,158.3,.8
248,장수,2024-10-06 16:57,154.8,.6
248,장수,2024-10-06 16:58,139.1,.8
248,장수,2024-10-06 16:59,132.4,.6
248,장수,2024-10-06 17:00,133.5,1.1
248,장수,2024-10-06 17:01,126.5,1.2
248,장수,2024-10-06 17:02,118.2,1
248,장수,2024-10-06 17:03,124.3,1
248,장수,2024-10-06 17:04,114.5,1.4
248,장수,2024-10-06 17:05,111.7,.8
248,장수,2024-10-06 17:06,133.8,1.4
248,장수,2024-10-06 17:07,146.2,1.6
248,장수,2024-10-06 17:08,159.4,1.6
248,장수,2024-10-06 17:09,162.8,1.1
248,장수,2024-10-06 17:10,160,.9
248,장수,2024-10-06 17:11,169.8,.4
248,장수,2024-10-06 17:12,177.2,.5
248,장수,2024-10-06 17:13,199.3,.6
248,장수,2024-10-06 17:14,237.2,.5
248,장수,2024-10-06 17:15,236.3,.5
248,장수,2024-10-06 17:16,236.2,.7
248,장수,2024-10-06 17:17,216.4,.7
248,장수,2024-10-06 17:18,225.1,.5
248,장수,2024-10-06 17:19,237,.4
248,장수,2024-10-06 17:20,213.1,0
248,장수,2024-10-06 17:21,221.6,0
248,장수,2024-10-06 17:22,240.3,.3
248,장수,2024-10-06 17:23,242.8,.4
248,장수,2024-10-06 17:24,245.1,.4
248,장수,2024-10-06 17:25,244.5,.4
248,장수,2024-10-06 17:26,240.9,.4
248,장수,2024-10-06 17:27,252.9,.2
248,장수,2024-10-06 17:28,248.6,0
248,장수,2024-10-06 17:29,256.8,.3
248,장수,2024-10-06 17:30,256.6,.4
248,장수,2024-10-06 17:31,256.4,.2
248,장수,2024-10-06 17:32,244.5,.4
248,장수,2024-10-06 17:33,237.2,.6
248,장수,2024-10-06 17:34,239.6,.6
248,장수,2024-10-06 17:35,247.7,.5
248,장수,2024-10-06 17:36,245.3,.6
248,장수,2024-10-06 17:37,233.6,.6
248,장수,2024-10-06 17:38,237.1,.6
248,장수,2024-10-06 17:39,237.7,.7
248,장수,2024-10-06 17:40,235.4,.9
248,장수,2024-10-06 17:41,231.4,.8
248,장수,2024-10-06 17:42,235.2,.4
248,장수,2024-10-06 17:43,227.4,.6
248,장수,2024-10-06 17:44,231.6,.1
248,장수,2024-10-06 17:45,230,.3
248,장수,2024-10-06 17:46,218,.7
248,장수,2024-10-06 17:47,232.1,.4
248,장수,2024-10-06 17:48,217.9,.4
248,장수,2024-10-06 17:49,223.6,.7
248,장수,2024-10-06 17:50,229.9,.9
248,장수,2024-10-06 17:51,226.7,.6
248,장수,2024-10-06 17:52,226.6,.6
248,장수,2024-10-06 17:53,235.3,.5
248,장수,2024-10-06 17:54,234.3,.1
248,장수,2024-10-06 17:55,0,0
248,장수,2024-10-06 17:56,266.2,.1
248,장수,2024-10-06 17:57,306.4,.1
248,장수,2024-10-06 17:58,304.6,.3
248,장수,2024-10-06 17:59,311.7,.5
248,장수,2024-10-06 18:00,322.6,.4
248,장수,2024-10-06 18:01,338.7,.9
248,장수,2024-10-06 18:02,342.5,1.4
248,장수,2024-10-06 18:03,347.7,1.3
248,장수,2024-10-06 18:04,356.3,1.4
248,장수,2024-10-06 18:05,350.8,1.5
248,장수,2024-10-06 18:06,343.4,1.2
248,장수,2024-10-06 18:07,358.4,1.2
248,장수,2024-10-06 18:08,9.6,1.9
248,장수,2024-10-06 18:09,359.5,2.3
248,장수,2024-10-06 18:10,357.6,2
248,장수,2024-10-06 18:11,354.9,2
248,장수,2024-10-06 18:12,356.8,2.5
248,장수,2024-10-06 18:13,3.7,1.7
248,장수,2024-10-06 18:14,8.4,2
248,장수,2024-10-06 18:15,17.8,1.3
248,장수,2024-10-06 18:16,19.6,1.4
248,장수,2024-10-06 18:17,6.5,1.4
248,장수,2024-10-06 18:18,15.8,.9
248,장수,2024-10-06 18:19,24.7,1
248,장수,2024-10-06 18:20,7,.7
248,장수,2024-10-06 18:21,17.7,.7
248,장수,2024-10-06 18:22,20.6,.6
248,장수,2024-10-06 18:23,14,.8
248,장수,2024-10-06 18:24,13.9,.7
248,장수,2024-10-06 18:25,6.9,.2
248,장수,2024-10-06 18:26,15.3,.3
248,장수,2024-10-06 18:27,24.6,.3
248,장수,2024-10-06 18:28,31.7,.7
248,장수,2024-10-06 18:29,25,.7
248,장수,2024-10-06 18:30,13.8,.7
248,장수,2024-10-06 18:31,358.7,.5
248,장수,2024-10-06 18:32,355.1,.7
248,장수,2024-10-06 18:33,359.8,.9
248,장수,2024-10-06 18:34,7,.8
248,장수,2024-10-06 18:35,350.8,.8
248,장수,2024-10-06 18:36,342.5,.6
248,장수,2024-10-06 18:37,349,.1
248,장수,2024-10-06 18:38,324,.3
248,장수,2024-10-06 18:39,299.9,.2
248,장수,2024-10-06 18:40,0,0
248,장수,2024-10-06 18:41,0,0
248,장수,2024-10-06 18:42,0,0
248,장수,2024-10-06 18:43,0,0
248,장수,2024-10-06 18:44,0,0
248,장수,2024-10-06 18:45,30,0
248,장수,2024-10-06 18:46,8.6,.1
248,장수,2024-10-06 18:47,342.5,0
248,장수,2024-10-06 18:48,330.3,0
248,장수,2024-10-06 18:49,306.4,.3
248,장수,2024-10-06 18:50,289.8,.5
248,장수,2024-10-06 18:51,281.5,1.1
248,장수,2024-10-06 18:52,283.7,1.5
248,장수,2024-10-06 18:53,281.1,1.2
248,장수,2024-10-06 18:54,281.4,1.2
248,장수,2024-10-06 18:55,284.3,1.2
248,장수,2024-10-06 18:56,274.8,1
248,장수,2024-10-06 18:57,278.4,1
248,장수,2024-10-06 18:58,279.5,.8
248,장수,2024-10-06 18:59,284.5,.7
248,장수,2024-10-06 19:00,291.6,.7
248,장수,2024-10-06 19:01,283.1,.8
248,장수,2024-10-06 19:02,278.3,.8
248,장수,2024-10-06 19:03,273.3,.6
248,장수,2024-10-06 19:04,276.6,.1
248,장수,2024-10-06 19:05,298,.1
248,장수,2024-10-06 19:06,322.2,.2
248,장수,2024-10-06 19:07,328.4,.3
248,장수,2024-10-06 19:08,327.3,.3
248,장수,2024-10-06 19:09,333.8,.3
248,장수,2024-10-06 19:10,351.4,.2
248,장수,2024-10-06 19:11,20.5,.2
248,장수,2024-10-06 19:12,42.7,.4
248,장수,2024-10-06 19:13,84.2,.6
248,장수,2024-10-06 19:14,84.2,.8
248,장수,2024-10-06 19:15,87.1,.6
248,장수,2024-10-06 19:16,89.5,.9
248,장수,2024-10-06 19:17,97.9,.8
248,장수,2024-10-06 19:18,104.7,.7
248,장수,2024-10-06 19:19,105.8,.5
248,장수,2024-10-06 19:20,108.3,.7
248,장수,2024-10-06 19:21,112.2,.4
248,장수,2024-10-06 19:22,100.3,.3
248,장수,2024-10-06 19:23,80.5,.1
248,장수,2024-10-06 19:24,0,0
248,장수,2024-10-06 19:25,0,0
248,장수,2024-10-06 19:26,0,0
248,장수,2024-10-06 19:27,123.4,0
248,장수,2024-10-06 19:28,118.1,.4
248,장수,2024-10-06 19:29,138.7,.6
248,장수,2024-10-06 19:30,160.4,.7
248,장수,2024-10-06 19:31,176.9,.6
248,장수,2024-10-06 19:32,215.8,.6
248,장수,2024-10-06 19:33,247.6,.7
248,장수,2024-10-06 19:34,241.8,.6
248,장수,2024-10-06 19:35,260.7,1
248,장수,2024-10-06 19:36,262.4,1.5
248,장수,2024-10-06 19:37,259.1,1.3
248,장수,2024-10-06 19:38,263.1,1.3
248,장수,2024-10-06 19:39,269.3,1.3
248,장수,2024-10-06 19:40,274.2,.9
248,장수,2024-10-06 19:41,277,.9
248,장수,2024-10-06 19:42,273.9,.8
248,장수,2024-10-06 19:43,271.6,.8
248,장수,2024-10-06 19:44,265.9,.9
248,장수,2024-10-06 19:45,264.2,.8
248,장수,2024-10-06 19:46,261.4,1
248,장수,2024-10-06 19:47,258.4,1.1
248,장수,2024-10-06 19:48,259,1.2
248,장수,2024-10-06 19:49,261.2,1.3
248,장수,2024-10-06 19:50,267.4,1.4
248,장수,2024-10-06 19:51,272.6,1.2
248,장수,2024-10-06 19:52,276.7,1.4
248,장수,2024-10-06 19:53,273.2,1.2
248,장수,2024-10-06 19:54,273.2,.7
248,장수,2024-10-06 19:55,266.1,.8
248,장수,2024-10-06 19:56,274.4,.5
248,장수,2024-10-06 19:57,280.5,.3
248,장수,2024-10-06 19:58,314.4,.6
248,장수,2024-10-06 19:59,341.2,.5
248,장수,2024-10-06 20:00,10.7,.7
248,장수,2024-10-06 20:01,31,.8
248,장수,2024-10-06 20:02,52.8,.9
248,장수,2024-10-06 20:03,60.4,.9
248,장수,2024-10-06 20:04,66.5,.9
248,장수,2024-10-06 20:05,74.3,.9
248,장수,2024-10-06 20:06,75.9,1.4
248,장수,2024-10-06 20:07,74.3,1.6
248,장수,2024-10-06 20:08,74.4,1.6
248,장수,2024-10-06 20:09,81.4,1.5
248,장수,2024-10-06 20:10,88.1,1.4
248,장수,2024-10-06 20:11,86.9,1.1
248,장수,2024-10-06 20:12,79.9,.9
248,장수,2024-10-06 20:13,89.7,1.1
248,장수,2024-10-06 20:14,82.5,.9
248,장수,2024-10-06 20:15,73.9,.8
248,장수,2024-10-06 20:16,52.9,.9
248,장수,2024-10-06 20:17,36.7,.8
248,장수,2024-10-06 20:18,38.4,.7
248,장수,2024-10-06 20:19,32.4,.3
248,장수,2024-10-06 20:20,46.8,.3
248,장수,2024-10-06 20:21,42.6,.5
248,장수,2024-10-06 20:22,44,.6
248,장수,2024-10-06 20:23,31.5,.7
248,장수,2024-10-06 20:24,30.1,.6
248,장수,2024-10-06 20:25,28.5,.5
248,장수,2024-10-06 20:26,28.5,.4
248,장수,2024-10-06 20:27,352.4,.3
248,장수,2024-10-06 20:28,354.2,.5
248,장수,2024-10-06 20:29,342.8,.5
248,장수,2024-10-06 20:30,335.1,.7
248,장수,2024-10-06 20:31,334.9,.8
248,장수,2024-10-06 20:32,326.5,.6
248,장수,2024-10-06 20:33,315.1,.5
248,장수,2024-10-06 20:34,320.5,.7
248,장수,2024-10-06 20:35,304.1,.4
248,장수,2024-10-06 20:36,314.1,0
248,장수,2024-10-06 20:37,311.6,.1
248,장수,2024-10-06 20:38,311.5,.2
248,장수,2024-10-06 20:39,309,.4
248,장수,2024-10-06 20:40,318,.3
248,장수,2024-10-06 20:41,316.4,.5
248,장수,2024-10-06 20:42,309.8,.5
248,장수,2024-10-06 20:43,316.6,.4
248,장수,2024-10-06 20:44,335.3,0
248,장수,2024-10-06 20:45,348,.1
248,장수,2024-10-06 20:46,353.3,.3
248,장수,2024-10-06 20:47,354.8,.5
248,장수,2024-10-06 20:48,338.1,.5
248,장수,2024-10-06 20:49,323.3,.3
248,장수,2024-10-06 20:50,311.7,.5
248,장수,2024-10-06 20:51,302.7,.7
248,장수,2024-10-06 20:52,287.6,.7
248,장수,2024-10-06 20:53,282.9,.7
248,장수,2024-10-06 20:54,278.9,.5
248,장수,2024-10-06 20:55,285.4,.5
248,장수,2024-10-06 20:56,288.7,.4
248,장수,2024-10-06 20:57,295.6,.5
248,장수,2024-10-06 20:58,295.1,.6
248,장수,2024-10-06 20:59,293.6,.6
248,장수,2024-10-06 21:00,296.2,.3
248,장수,2024-10-06 21:01,314.9,0
248,장수,2024-10-06 21:02,337.2,0
248,장수,2024-10-06 21:03,341.9,.1
248,장수,2024-10-06 21:04,351.3,0
248,장수,2024-10-06 21:05,339.2,0
248,장수,2024-10-06 21:06,0,0
248,장수,2024-10-06 21:07,0,0
248,장수,2024-10-06 21:08,0,0
248,장수,2024-10-06 21:09,0,0
248,장수,2024-10-06 21:10,47.2,.1
248,장수,2024-10-06 21:11,73.1,.3
248,장수,2024-10-06 21:12,76.6,.4
248,장수,2024-10-06 21:13,89.8,.5
248,장수,2024-10-06 21:14,96.7,.6
248,장수,2024-10-06 21:15,110.4,.6
248,장수,2024-10-06 21:16,119.1,.7
248,장수,2024-10-06 21:17,127,.7
248,장수,2024-10-06 21:18,135.4,.5
248,장수,2024-10-06 21:19,154.1,.4
248,장수,2024-10-06 21:20,145.7,.4
248,장수,2024-10-06 21:21,148.4,.5
248,장수,2024-10-06 21:22,204.2,.3
248,장수,2024-10-06 21:23,252.8,.1
248,장수,2024-10-06 21:24,224.4,.3
248,장수,2024-10-06 21:25,228.9,.4
248,장수,2024-10-06 21:26,243.3,.8
248,장수,2024-10-06 21:27,241.8,.8
248,장수,2024-10-06 21:28,237.6,1.1
248,장수,2024-10-06 21:29,248.1,1.1
248,장수,2024-10-06 21:30,250.5,1
248,장수,2024-10-06 21:31,251.5,1
248,장수,2024-10-06 21:32,265,1.4
248,장수,2024-10-06 21:33,265.7,1.5
248,장수,2024-10-06 21:34,268.7,1.4
248,장수,2024-10-06 21:35,267.5,1.6
248,장수,2024-10-06 21:36,261.3,1.5
248,장수,2024-10-06 21:37,262.9,1.5
248,장수,2024-10-06 21:38,262.2,1.5
248,장수,2024-10-06 21:39,257.9,1.3
248,장수,2024-10-06 21:40,255.2,1.3
248,장수,2024-10-06 21:41,257.6,1
248,장수,2024-10-06 21:42,265.6,1.3
248,장수,2024-10-06 21:43,261.9,1.2
248,장수,2024-10-06 21:44,250.2,1.2
248,장수,2024-10-06 21:45,252.1,1.2
248,장수,2024-10-06 21:46,254.9,1.1
248,장수,2024-10-06 21:47,255,1
248,장수,2024-10-06 21:48,263.6,.9
248,장수,2024-10-06 21:49,272.9,.8
248,장수,2024-10-06 21:50,273.2,.5
248,장수,2024-10-06 21:51,288.6,.5
248,장수,2024-10-06 21:52,289,.7
248,장수,2024-10-06 21:53,310.2,.5
248,장수,2024-10-06 21:54,288.8,.1
248,장수,2024-10-06 21:55,7.2,0
248,장수,2024-10-06 21:56,52.9,.4
248,장수,2024-10-06 21:57,50.6,.3
248,장수,2024-10-06 21:58,61.6,.7
248,장수,2024-10-06 21:59,50.8,1.3
248,장수,2024-10-06 22:00,53.9,1.3
248,장수,2024-10-06 22:01,63,1.1
248,장수,2024-10-06 22:02,64.9,1
248,장수,2024-10-06 22:03,65.5,1
248,장수,2024-10-06 22:04,68,1.3
248,장수,2024-10-06 22:05,68.9,1.2
248,장수,2024-10-06 22:06,64.7,1
248,장수,2024-10-06 22:07,75.5,.9
248,장수,2024-10-06 22:08,60.5,.5
248,장수,2024-10-06 22:09,61.7,.6
248,장수,2024-10-06 22:10,38.3,.6
248,장수,2024-10-06 22:11,22.7,.9
248,장수,2024-10-06 22:12,31.5,1
248,장수,2024-10-06 22:13,21.7,1.1
248,장수,2024-10-06 22:14,19.3,1
248,장수,2024-10-06 22:15,22.4,1
248,장수,2024-10-06 22:16,11,1
248,장수,2024-10-06 22:17,17.7,.5
248,장수,2024-10-06 22:18,2.8,.3
248,장수,2024-10-06 22:19,327.4,0
248,장수,2024-10-06 22:20,318.2,.2
248,장수,2024-10-06 22:21,318.1,.1
248,장수,2024-10-06 22:22,316.4,0
248,장수,2024-10-06 22:23,0,0
248,장수,2024-10-06 22:24,0,0
248,장수,2024-10-06 22:25,348.6,.1
248,장수,2024-10-06 22:26,351.7,.6
248,장수,2024-10-06 22:27,343.7,.9
248,장수,2024-10-06 22:28,348.4,.8
248,장수,2024-10-06 22:29,344.5,.9
248,장수,2024-10-06 22:30,347.3,.9
248,장수,2024-10-06 22:31,336.9,1.1
248,장수,2024-10-06 22:32,321.4,1
248,장수,2024-10-06 22:33,312,.9
248,장수,2024-10-06 22:34,296.1,1.2
248,장수,2024-10-06 22:35,294,1.3
248,장수,2024-10-06 22:36,289.2,1.1
248,장수,2024-10-06 22:37,287.1,.9
248,장수,2024-10-06 22:38,288.1,.6
248,장수,2024-10-06 22:39,281,.5
248,장수,2024-10-06 22:40,290.2,.6
248,장수,2024-10-06 22:41,299.1,.5
248,장수,2024-10-06 22:42,301.8,.7
248,장수,2024-10-06 22:43,309.2,.7
248,장수,2024-10-06 22:44,312.1,.7
248,장수,2024-10-06 22:45,304.6,.5
248,장수,2024-10-06 22:46,305.3,.3
248,장수,2024-10-06 22:47,304.8,.4
248,장수,2024-10-06 22:48,302.3,.3
248,장수,2024-10-06 22:49,317.7,.1
248,장수,2024-10-06 22:50,0,0
248,장수,2024-10-06 22:51,0,0
248,장수,2024-10-06 22:52,59.4,.1
248,장수,2024-10-06 22:53,107,.2
248,장수,2024-10-06 22:54,107.8,.4
248,장수,2024-10-06 22:55,99.7,.7
248,장수,2024-10-06 22:56,100.7,.7
248,장수,2024-10-06 22:57,99.4,.7
248,장수,2024-10-06 22:58,106,.7
248,장수,2024-10-06 22:59,133.3,.6
248,장수,2024-10-06 23:00,131.4,.7
248,장수,2024-10-06 23:01,160.9,.4
248,장수,2024-10-06 23:02,155.7,.1
248,장수,2024-10-06 23:03,177.6,.2
248,장수,2024-10-06 23:04,176.9,.1
248,장수,2024-10-06 23:05,221,.2
248,장수,2024-10-06 23:06,220.7,.3
248,장수,2024-10-06 23:07,241,.5
248,장수,2024-10-06 23:08,242.3,.6
248,장수,2024-10-06 23:09,260.4,.9
248,장수,2024-10-06 23:10,269.1,1
248,장수,2024-10-06 23:11,270,.9
248,장수,2024-10-06 23:12,272,1
248,장수,2024-10-06 23:13,273.8,1.2
248,장수,2024-10-06 23:14,278.2,1.1
248,장수,2024-10-06 23:15,283.1,1
248,장수,2024-10-06 23:16,289.8,1
248,장수,2024-10-06 23:17,288.8,1.1
248,장수,2024-10-06 23:18,285.8,.9
248,장수,2024-10-06 23:19,275.9,.4
248,장수,2024-10-06 23:20,279.6,.4
248,장수,2024-10-06 23:21,278.5,.3
248,장수,2024-10-06 23:22,272.3,.4
248,장수,2024-10-06 23:23,263.6,.4
248,장수,2024-10-06 23:24,257.8,.3
248,장수,2024-10-06 23:25,263,.3
248,장수,2024-10-06 23:26,270.4,.7
248,장수,2024-10-06 23:27,269.5,.8
248,장수,2024-10-06 23:28,260.3,.7
248,장수,2024-10-06 23:29,259.7,.5
248,장수,2024-10-06 23:30,268.7,.4
248,장수,2024-10-06 23:31,288.2,.1
248,장수,2024-10-06 23:32,242.8,0
248,장수,2024-10-06 23:33,244,.1
248,장수,2024-10-06 23:34,243.1,0
248,장수,2024-10-06 23:35,237.8,0
248,장수,2024-10-06 23:36,0,0
248,장수,2024-10-06 23:37,0,0
248,장수,2024-10-06 23:38,161.4,0
248,장수,2024-10-06 23:39,119.7,.1
248,장수,2024-10-06 23:40,87.3,.5
248,장수,2024-10-06 23:41,83.2,.6
248,장수,2024-10-06 23:42,77.5,.9
248,장수,2024-10-06 23:43,77.1,.8
248,장수,2024-10-06 23:44,80.5,.6
248,장수,2024-10-06 23:45,85.6,.8
248,장수,2024-10-06 23:46,87.8,.7
248,장수,2024-10-06 23:47,84.8,.8
248,장수,2024-10-06 23:48,91.7,.8
248,장수,2024-10-06 23:49,88.4,.7
248,장수,2024-10-06 23:50,86.8,.6
248,장수,2024-10-06 23:51,88.5,.5
248,장수,2024-10-06 23:52,87.5,.4
248,장수,2024-10-06 23:53,95.4,.4
248,장수,2024-10-06 23:54,104.9,.2
248,장수,2024-10-06 23:55,0,0
248,장수,2024-10-06 23:56,0,0
248,장수,2024-10-06 23:57,0,0
248,장수,2024-10-06 23:58,277.4,.1
248,장수,2024-10-06 23:59,284.8,.7
248,장수,2024-10-07 00:00,278.1,.7
251,고창군,2024-10-06 00:01,26,.4
251,고창군,2024-10-06 00:02,42.9,.4
251,고창군,2024-10-06 00:03,25.9,.1
251,고창군,2024-10-06 00:04,353.9,0
251,고창군,2024-10-06 00:05,358.5,0
251,고창군,2024-10-06 00:06,15.1,0
251,고창군,2024-10-06 00:07,9,0
251,고창군,2024-10-06 00:08,31.3,0
251,고창군,2024-10-06 00:09,29.5,0
251,고창군,2024-10-06 00:10,37,0
251,고창군,2024-10-06 00:11,33.7,0
251,고창군,2024-10-06 00:12,66.5,0
251,고창군,2024-10-06 00:13,39.1,0
251,고창군,2024-10-06 00:14,17.7,.3
251,고창군,2024-10-06 00:15,31.6,.5
251,고창군,2024-10-06 00:16,35.2,.4
251,고창군,2024-10-06 00:17,24.4,.4
251,고창군,2024-10-06 00:18,18.8,.7
251,고창군,2024-10-06 00:19,22.2,.6
251,고창군,2024-10-06 00:20,17.7,.5
251,고창군,2024-10-06 00:21,21.6,.5
251,고창군,2024-10-06 00:22,22,.5
251,고창군,2024-10-06 00:23,17.3,.7
251,고창군,2024-10-06 00:24,7.6,.7
251,고창군,2024-10-06 00:25,21.5,.7
251,고창군,2024-10-06 00:26,14.8,.7
251,고창군,2024-10-06 00:27,14.1,.8
251,고창군,2024-10-06 00:28,17.7,.8
251,고창군,2024-10-06 00:29,15,.7
251,고창군,2024-10-06 00:30,19.6,.6
251,고창군,2024-10-06 00:31,17.3,.5
251,고창군,2024-10-06 00:32,12.3,.6
251,고창군,2024-10-06 00:33,3.7,.7
251,고창군,2024-10-06 00:34,353,.7
251,고창군,2024-10-06 00:35,355.9,.6
251,고창군,2024-10-06 00:36,357.6,.7
251,고창군,2024-10-06 00:37,352.4,.5
251,고창군,2024-10-06 00:38,.7,.5
251,고창군,2024-10-06 00:39,12.6,.6
251,고창군,2024-10-06 00:40,18.1,.8
251,고창군,2024-10-06 00:41,5.3,.6
251,고창군,2024-10-06 00:42,9.2,.5
251,고창군,2024-10-06 00:43,5,.4
251,고창군,2024-10-06 00:44,358.5,.4
251,고창군,2024-10-06 00:45,14.5,.4
251,고창군,2024-10-06 00:46,27.5,.6
251,고창군,2024-10-06 00:47,52.9,.6
251,고창군,2024-10-06 00:48,89.7,.5
251,고창군,2024-10-06 00:49,89.9,.7
251,고창군,2024-10-06 00:50,86.6,.5
251,고창군,2024-10-06 00:51,68.3,.6
251,고창군,2024-10-06 00:52,75.1,.4
251,고창군,2024-10-06 00:53,61.5,.1
251,고창군,2024-10-06 00:54,308.6,0
251,고창군,2024-10-06 00:55,306.5,0
251,고창군,2024-10-06 00:56,323,.4
251,고창군,2024-10-06 00:57,314.3,.2
251,고창군,2024-10-06 00:58,325.9,.3
251,고창군,2024-10-06 00:59,32,.4
251,고창군,2024-10-06 01:00,45.9,.6
251,고창군,2024-10-06 01:01,52.2,.5
251,고창군,2024-10-06 01:02,57.5,.2
251,고창군,2024-10-06 01:03,55.3,.2
251,고창군,2024-10-06 01:04,82,0
251,고창군,2024-10-06 01:05,88.1,0
251,고창군,2024-10-06 01:06,56.7,0
251,고창군,2024-10-06 01:07,58.5,0
251,고창군,2024-10-06 01:08,81,0
251,고창군,2024-10-06 01:09,67.9,0
251,고창군,2024-10-06 01:10,53.4,0
251,고창군,2024-10-06 01:11,45.8,0
251,고창군,2024-10-06 01:12,11.1,0
251,고창군,2024-10-06 01:13,11.1,0
251,고창군,2024-10-06 01:14,11.1,0
251,고창군,2024-10-06 01:15,11.1,0
251,고창군,2024-10-06 01:16,12.9,0
251,고창군,2024-10-06 01:17,27.8,0
251,고창군,2024-10-06 01:18,33.7,0
251,고창군,2024-10-06 01:19,40.1,0
251,고창군,2024-10-06 01:20,44.9,0
251,고창군,2024-10-06 01:21,44.9,0
251,고창군,2024-10-06 01:22,65,0
251,고창군,2024-10-06 01:23,75.9,0
251,고창군,2024-10-06 01:24,75.9,0
251,고창군,2024-10-06 01:25,75.9,0
251,고창군,2024-10-06 01:26,75.1,0
251,고창군,2024-10-06 01:27,45.5,0
251,고창군,2024-10-06 01:28,57.6,0
251,고창군,2024-10-06 01:29,67.5,.3
251,고창군,2024-10-06 01:30,67.5,.4
251,고창군,2024-10-06 01:31,67.5,.4
251,고창군,2024-10-06 01:32,67.5,.4
251,고창군,2024-10-06 01:33,67.5,.4
251,고창군,2024-10-06 01:34,67.5,.3
251,고창군,2024-10-06 01:35,67.8,.3
251,고창군,2024-10-06 01:36,75.9,.4
251,고창군,2024-10-06 01:37,75.9,.2
251,고창군,2024-10-06 01:38,69.6,.1
251,고창군,2024-10-06 01:39,55.3,0
251,고창군,2024-10-06 01:40,56.2,0
251,고창군,2024-10-06 01:41,56.2,0
251,고창군,2024-10-06 01:42,56.2,0
251,고창군,2024-10-06 01:43,56.2,0
251,고창군,2024-10-06 01:44,56.2,0
251,고창군,2024-10-06 01:45,56.2,0
251,고창군,2024-10-06 01:46,20,0
251,고창군,2024-10-06 01:47,0,0
251,고창군,2024-10-06 01:48,0,0
251,고창군,2024-10-06 01:49,4.3,0
251,고창군,2024-10-06 01:50,16.3,0
251,고창군,2024-10-06 01:51,8.2,0
251,고창군,2024-10-06 01:52,352.1,0
251,고창군,2024-10-06 01:53,349.5,0
251,고창군,2024-10-06 01:54,15.2,0
251,고창군,2024-10-06 01:55,3.5,.5
251,고창군,2024-10-06 01:56,346.9,.3
251,고창군,2024-10-06 01:57,11,.5
251,고창군,2024-10-06 01:58,13.9,.3
251,고창군,2024-10-06 01:59,28.6,.3
251,고창군,2024-10-06 02:00,49.1,.2
251,고창군,2024-10-06 02:01,44.3,.1
251,고창군,2024-10-06 02:02,62.1,.2
251,고창군,2024-10-06 02:03,50.5,.2
251,고창군,2024-10-06 02:04,53.2,.3
251,고창군,2024-10-06 02:05,50.2,.3
251,고창군,2024-10-06 02:06,40.8,.4
251,고창군,2024-10-06 02:07,47,.3
251,고창군,2024-10-06 02:08,46.5,.5
251,고창군,2024-10-06 02:09,52.3,.5
251,고창군,2024-10-06 02:10,38.6,.6
251,고창군,2024-10-06 02:11,46.4,.6
251,고창군,2024-10-06 02:12,55.8,.5
251,고창군,2024-10-06 02:13,55.6,.4
251,고창군,2024-10-06 02:14,41.3,.4
251,고창군,2024-10-06 02:15,53.3,.4
251,고창군,2024-10-06 02:16,49.5,.3
251,고창군,2024-10-06 02:17,66,.4
251,고창군,2024-10-06 02:18,73,0
251,고창군,2024-10-06 02:19,83.3,0
251,고창군,2024-10-06 02:20,88.8,.1
251,고창군,2024-10-06 02:21,96.9,.3
251,고창군,2024-10-06 02:22,85.5,.1
251,고창군,2024-10-06 02:23,109.6,0
251,고창군,2024-10-06 02:24,109.6,0
251,고창군,2024-10-06 02:25,109.6,0
251,고창군,2024-10-06 02:26,109.6,0
251,고창군,2024-10-06 02:27,82.8,0
251,고창군,2024-10-06 02:28,11.9,0
251,고창군,2024-10-06 02:29,343.3,.1
251,고창군,2024-10-06 02:30,339.6,.2
251,고창군,2024-10-06 02:31,346.8,.1
251,고창군,2024-10-06 02:32,24.3,.7
251,고창군,2024-10-06 02:33,19,.4
251,고창군,2024-10-06 02:34,10,.6
251,고창군,2024-10-06 02:35,342.1,.5
251,고창군,2024-10-06 02:36,16.2,.2
251,고창군,2024-10-06 02:37,29.9,.2
251,고창군,2024-10-06 02:38,8.2,.7
251,고창군,2024-10-06 02:39,347.7,.9
251,고창군,2024-10-06 02:40,352.6,.7
251,고창군,2024-10-06 02:41,352.4,1
251,고창군,2024-10-06 02:42,343.8,1
251,고창군,2024-10-06 02:43,340.8,1.1
251,고창군,2024-10-06 02:44,351.3,.8
251,고창군,2024-10-06 02:45,350.1,1
251,고창군,2024-10-06 02:46,348.3,.8
251,고창군,2024-10-06 02:47,357.8,.7
251,고창군,2024-10-06 02:48,354.3,.8
251,고창군,2024-10-06 02:49,46.2,.5
251,고창군,2024-10-06 02:50,38.4,.6
251,고창군,2024-10-06 02:51,16.5,.5
251,고창군,2024-10-06 02:52,31.8,.3
251,고창군,2024-10-06 02:53,321.7,.3
251,고창군,2024-10-06 02:54,348.2,.3
251,고창군,2024-10-06 02:55,17.2,.4
251,고창군,2024-10-06 02:56,10.8,.7
251,고창군,2024-10-06 02:57,.7,.8
251,고창군,2024-10-06 02:58,358.5,.9
251,고창군,2024-10-06 02:59,353.3,1
251,고창군,2024-10-06 03:00,6,1.1
251,고창군,2024-10-06 03:01,345.6,1.2
251,고창군,2024-10-06 03:02,351.2,1.4
251,고창군,2024-10-06 03:03,333.6,1.3
251,고창군,2024-10-06 03:04,328,1.3
251,고창군,2024-10-06 03:05,341.8,.8
251,고창군,2024-10-06 03:06,342.6,.6
251,고창군,2024-10-06 03:07,358.9,.6
251,고창군,2024-10-06 03:08,349.4,.6
251,고창군,2024-10-06 03:09,350,.8
251,고창군,2024-10-06 03:10,355.4,.8
251,고창군,2024-10-06 03:11,9.5,.5
251,고창군,2024-10-06 03:12,4.1,.4
251,고창군,2024-10-06 03:13,347.9,.5
251,고창군,2024-10-06 03:14,356.9,.7
251,고창군,2024-10-06 03:15,1.7,.8
251,고창군,2024-10-06 03:16,8.2,1.5
251,고창군,2024-10-06 03:17,355.3,1.2
251,고창군,2024-10-06 03:18,353.3,1
251,고창군,2024-10-06 03:19,346.6,1.3
251,고창군,2024-10-06 03:20,346.5,1.7
251,고창군,2024-10-06 03:21,352.6,1.7
251,고창군,2024-10-06 03:22,13.6,.8
251,고창군,2024-10-06 03:23,320.3,1.1
251,고창군,2024-10-06 03:24,349.5,.7
251,고창군,2024-10-06 03:25,356.3,1.5
251,고창군,2024-10-06 03:26,2.6,1
251,고창군,2024-10-06 03:27,5,1.2
251,고창군,2024-10-06 03:28,352.4,1.5
251,고창군,2024-10-06 03:29,5.8,.9
251,고창군,2024-10-06 03:30,356.6,.7
251,고창군,2024-10-06 03:31,24.6,.9
251,고창군,2024-10-06 03:32,28.6,1.5
251,고창군,2024-10-06 03:33,26.3,.8
251,고창군,2024-10-06 03:34,16.7,1.4
251,고창군,2024-10-06 03:35,9.4,1.3
251,고창군,2024-10-06 03:36,21.5,1
251,고창군,2024-10-06 03:37,14.9,.8
251,고창군,2024-10-06 03:38,12.1,1.1
251,고창군,2024-10-06 03:39,15.9,1.2
251,고창군,2024-10-06 03:40,355.8,.6
251,고창군,2024-10-06 03:41,1.8,.5
251,고창군,2024-10-06 03:42,336.2,.7
251,고창군,2024-10-06 03:43,15.6,.7
251,고창군,2024-10-06 03:44,41.7,.3
251,고창군,2024-10-06 03:45,43.4,0
251,고창군,2024-10-06 03:46,11.5,1.2
251,고창군,2024-10-06 03:47,18.3,1
251,고창군,2024-10-06 03:48,27,.7
251,고창군,2024-10-06 03:49,4.1,.4
251,고창군,2024-10-06 03:50,4,.3
251,고창군,2024-10-06 03:51,34.3,.5
251,고창군,2024-10-06 03:52,11,.8
251,고창군,2024-10-06 03:53,45.2,.7
251,고창군,2024-10-06 03:54,40.6,.5
251,고창군,2024-10-06 03:55,45.5,.6
251,고창군,2024-10-06 03:56,45.1,.3
251,고창군,2024-10-06 03:57,57.1,.6
251,고창군,2024-10-06 03:58,35.7,.6
251,고창군,2024-10-06 03:59,43.3,.6
251,고창군,2024-10-06 04:00,34.4,.5
251,고창군,2024-10-06 04:01,26.9,.8
251,고창군,2024-10-06 04:02,9.3,.9
251,고창군,2024-10-06 04:03,343,.8
251,고창군,2024-10-06 04:04,340.5,.7
251,고창군,2024-10-06 04:05,343.3,1
251,고창군,2024-10-06 04:06,348.6,1
251,고창군,2024-10-06 04:07,348.9,1
251,고창군,2024-10-06 04:08,347.7,1
251,고창군,2024-10-06 04:09,30,.5
251,고창군,2024-10-06 04:10,6.6,.2
251,고창군,2024-10-06 04:11,75.6,.4
251,고창군,2024-10-06 04:12,27.5,0
251,고창군,2024-10-06 04:13,28,.5
251,고창군,2024-10-06 04:14,9.1,.7
251,고창군,2024-10-06 04:15,34.2,.5
251,고창군,2024-10-06 04:16,27.6,.3
251,고창군,2024-10-06 04:17,16.6,.4
251,고창군,2024-10-06 04:18,350.8,.5
251,고창군,2024-10-06 04:19,19.8,.5
251,고창군,2024-10-06 04:20,38.8,.5
251,고창군,2024-10-06 04:21,59,.5
251,고창군,2024-10-06 04:22,56.1,.7
251,고창군,2024-10-06 04:23,60.8,.8
251,고창군,2024-10-06 04:24,40.5,.9
251,고창군,2024-10-06 04:25,79.7,.5
251,고창군,2024-10-06 04:26,58.3,.5
251,고창군,2024-10-06 04:27,55.5,.5
251,고창군,2024-10-06 04:28,64.2,.5
251,고창군,2024-10-06 04:29,41.4,.5
251,고창군,2024-10-06 04:30,37.7,1
251,고창군,2024-10-06 04:31,38.3,.8
251,고창군,2024-10-06 04:32,26.9,1.1
251,고창군,2024-10-06 04:33,39.1,1.1
251,고창군,2024-10-06 04:34,48.3,.9
251,고창군,2024-10-06 04:35,32.1,.8
251,고창군,2024-10-06 04:36,9.2,1
251,고창군,2024-10-06 04:37,22.1,1
251,고창군,2024-10-06 04:38,357.9,1.3
251,고창군,2024-10-06 04:39,8.3,1.2
251,고창군,2024-10-06 04:40,351.1,1.2
251,고창군,2024-10-06 04:41,346.1,1.4
251,고창군,2024-10-06 04:42,348.1,1.4
251,고창군,2024-10-06 04:43,8.2,1.6
251,고창군,2024-10-06 04:44,359.4,1.1
251,고창군,2024-10-06 04:45,354.6,1.5
251,고창군,2024-10-06 04:46,359.4,1.4
251,고창군,2024-10-06 04:47,359.6,1.9
251,고창군,2024-10-06 04:48,4.6,1.5
251,고창군,2024-10-06 04:49,11.9,1.4
251,고창군,2024-10-06 04:50,13.5,1.3
251,고창군,2024-10-06 04:51,46.2,1
251,고창군,2024-10-06 04:52,84,.6
251,고창군,2024-10-06 04:53,18.7,1.1
251,고창군,2024-10-06 04:54,9.5,1.6
251,고창군,2024-10-06 04:55,.5,1.4
251,고창군,2024-10-06 04:56,345.6,1.7
251,고창군,2024-10-06 04:57,346.3,1.7
251,고창군,2024-10-06 04:58,345.2,1.3
251,고창군,2024-10-06 04:59,341.3,1.3
251,고창군,2024-10-06 05:00,336,1.4
251,고창군,2024-10-06 05:01,326.2,.6
251,고창군,2024-10-06 05:02,342.8,1.2
251,고창군,2024-10-06 05:03,348.5,1.2
251,고창군,2024-10-06 05:04,340.3,1
251,고창군,2024-10-06 05:05,350,1
251,고창군,2024-10-06 05:06,322.9,.7
251,고창군,2024-10-06 05:07,324,1.2
251,고창군,2024-10-06 05:08,344.1,.7
251,고창군,2024-10-06 05:09,341.6,.8
251,고창군,2024-10-06 05:10,343.7,1.1
251,고창군,2024-10-06 05:11,336.3,1
251,고창군,2024-10-06 05:12,335.7,1
251,고창군,2024-10-06 05:13,332.9,1
251,고창군,2024-10-06 05:14,337.1,1.1
251,고창군,2024-10-06 05:15,349.2,1.3
251,고창군,2024-10-06 05:16,355.3,.8
251,고창군,2024-10-06 05:17,334.4,1
251,고창군,2024-10-06 05:18,333,1.2
251,고창군,2024-10-06 05:19,344.9,1.2
251,고창군,2024-10-06 05:20,330.1,.6
251,고창군,2024-10-06 05:21,350.3,.8
251,고창군,2024-10-06 05:22,344.3,.9
251,고창군,2024-10-06 05:23,336.8,.7
251,고창군,2024-10-06 05:24,346.7,1
251,고창군,2024-10-06 05:25,336,1.2
251,고창군,2024-10-06 05:26,355.7,1
251,고창군,2024-10-06 05:27,357.3,.8
251,고창군,2024-10-06 05:28,359,.5
251,고창군,2024-10-06 05:29,9.5,.4
251,고창군,2024-10-06 05:30,11,.3
251,고창군,2024-10-06 05:31,33,0
251,고창군,2024-10-06 05:32,348.1,0
251,고창군,2024-10-06 05:33,331.9,.2
251,고창군,2024-10-06 05:34,308.3,.4
251,고창군,2024-10-06 05:35,326.7,.3
251,고창군,2024-10-06 05:36,322.7,.5
251,고창군,2024-10-06 05:37,317.8,1.1
251,고창군,2024-10-06 05:38,303,1.2
251,고창군,2024-10-06 05:39,296.8,1.8
251,고창군,2024-10-06 05:40,310.5,1.9
251,고창군,2024-10-06 05:41,302.9,2.3
251,고창군,2024-10-06 05:42,310.3,1.7
251,고창군,2024-10-06 05:43,296.6,1.8
251,고창군,2024-10-06 05:44,317,1.7
251,고창군,2024-10-06 05:45,317.4,1.1
251,고창군,2024-10-06 05:46,316,.7
251,고창군,2024-10-06 05:47,303.2,.5
251,고창군,2024-10-06 05:48,6.9,1.1
251,고창군,2024-10-06 05:49,14.3,1.3
251,고창군,2024-10-06 05:50,349.1,.7
251,고창군,2024-10-06 05:51,352.4,.6
251,고창군,2024-10-06 05:52,333.5,.3
251,고창군,2024-10-06 05:53,59.3,0
251,고창군,2024-10-06 05:54,48,.5
251,고창군,2024-10-06 05:55,22.2,.3
251,고창군,2024-10-06 05:56,94.9,.3
251,고창군,2024-10-06 05:57,90.2,.5
251,고창군,2024-10-06 05:58,94.6,.6
251,고창군,2024-10-06 05:59,86.6,.6
251,고창군,2024-10-06 06:00,60.4,.4
251,고창군,2024-10-06 06:01,346.2,0
251,고창군,2024-10-06 06:02,345.2,0
251,고창군,2024-10-06 06:03,345.9,0
251,고창군,2024-10-06 06:04,334.8,0
251,고창군,2024-10-06 06:05,294.3,.3
251,고창군,2024-10-06 06:06,320.4,.4
251,고창군,2024-10-06 06:07,357.8,.2
251,고창군,2024-10-06 06:08,6.9,.1
251,고창군,2024-10-06 06:09,349,0
251,고창군,2024-10-06 06:10,23.3,0
251,고창군,2024-10-06 06:11,357.6,0
251,고창군,2024-10-06 06:12,332.1,.2
251,고창군,2024-10-06 06:13,321.8,0
251,고창군,2024-10-06 06:14,310.2,.3
251,고창군,2024-10-06 06:15,353.9,.1
251,고창군,2024-10-06 06:16,83.4,.2
251,고창군,2024-10-06 06:17,82.7,.2
251,고창군,2024-10-06 06:18,47.4,.4
251,고창군,2024-10-06 06:19,24.6,.2
251,고창군,2024-10-06 06:20,6,.8
251,고창군,2024-10-06 06:21,7.5,1
251,고창군,2024-10-06 06:22,16.8,.9
251,고창군,2024-10-06 06:23,19.6,.7
251,고창군,2024-10-06 06:24,15.9,.8
251,고창군,2024-10-06 06:25,355.9,.6
251,고창군,2024-10-06 06:26,335.6,.6
251,고창군,2024-10-06 06:27,324,.8
251,고창군,2024-10-06 06:28,322.2,.3
251,고창군,2024-10-06 06:29,20.3,.3
251,고창군,2024-10-06 06:30,13,.2
251,고창군,2024-10-06 06:31,10.9,.1
251,고창군,2024-10-06 06:32,358.8,0
251,고창군,2024-10-06 06:33,322,0
251,고창군,2024-10-06 06:34,63.7,0
251,고창군,2024-10-06 06:35,159.1,0
251,고창군,2024-10-06 06:36,208.6,.2
251,고창군,2024-10-06 06:37,227,.5
251,고창군,2024-10-06 06:38,227.4,.2
251,고창군,2024-10-06 06:39,188.4,0
251,고창군,2024-10-06 06:40,170.8,0
251,고창군,2024-10-06 06:41,201,.3
251,고창군,2024-10-06 06:42,198.2,.2
251,고창군,2024-10-06 06:43,190.6,0
251,고창군,2024-10-06 06:44,147.8,0
251,고창군,2024-10-06 06:45,103.3,0
251,고창군,2024-10-06 06:46,120.7,.5
251,고창군,2024-10-06 06:47,206.9,.1
251,고창군,2024-10-06 06:48,170.1,.3
251,고창군,2024-10-06 06:49,168.5,.8
251,고창군,2024-10-06 06:50,172.7,.7
251,고창군,2024-10-06 06:51,177.1,.5
251,고창군,2024-10-06 06:52,186.7,.5
251,고창군,2024-10-06 06:53,171.5,.6
251,고창군,2024-10-06 06:54,168.6,.7
251,고창군,2024-10-06 06:55,166.3,.6
251,고창군,2024-10-06 06:56,169.3,.2
251,고창군,2024-10-06 06:57,160.7,0
251,고창군,2024-10-06 06:58,177.8,0
251,고창군,2024-10-06 06:59,168.2,0
251,고창군,2024-10-06 07:00,208.9,.1
251,고창군,2024-10-06 07:01,262,.6
251,고창군,2024-10-06 07:02,296,.3
251,고창군,2024-10-06 07:03,244.8,.2
251,고창군,2024-10-06 07:04,176.3,.3
251,고창군,2024-10-06 07:05,170.1,.3
251,고창군,2024-10-06 07:06,184.6,.3
251,고창군,2024-10-06 07:07,176.9,.2
251,고창군,2024-10-06 07:08,173.4,0
251,고창군,2024-10-06 07:09,191.6,0
251,고창군,2024-10-06 07:10,267.3,0
251,고창군,2024-10-06 07:11,132.8,0
251,고창군,2024-10-06 07:12,122,.2
251,고창군,2024-10-06 07:13,146.7,.5
251,고창군,2024-10-06 07:14,158.6,.5
251,고창군,2024-10-06 07:15,166,.6
251,고창군,2024-10-06 07:16,137.8,.6
251,고창군,2024-10-06 07:17,132,.7
251,고창군,2024-10-06 07:18,144,.5
251,고창군,2024-10-06 07:19,129,.4
251,고창군,2024-10-06 07:20,131.3,.3
251,고창군,2024-10-06 07:21,174.2,0
251,고창군,2024-10-06 07:22,133.8,0
251,고창군,2024-10-06 07:23,126.2,.1
251,고창군,2024-10-06 07:24,150.2,0
251,고창군,2024-10-06 07:25,153.7,0
251,고창군,2024-10-06 07:26,129.4,0
251,고창군,2024-10-06 07:27,134.2,0
251,고창군,2024-10-06 07:28,139.2,0
251,고창군,2024-10-06 07:29,117.2,0
251,고창군,2024-10-06 07:30,100.2,.3
251,고창군,2024-10-06 07:31,74.5,.5
251,고창군,2024-10-06 07:32,49.9,.6
251,고창군,2024-10-06 07:33,49.6,.6
251,고창군,2024-10-06 07:34,33.3,.4
251,고창군,2024-10-06 07:35,28.5,.2
251,고창군,2024-10-06 07:36,29.8,.5
251,고창군,2024-10-06 07:37,29.7,.5
251,고창군,2024-10-06 07:38,32.9,.4
251,고창군,2024-10-06 07:39,355.3,.5
251,고창군,2024-10-06 07:40,332.1,.3
251,고창군,2024-10-06 07:41,307.7,.4
251,고창군,2024-10-06 07:42,302.2,.5
251,고창군,2024-10-06 07:43,344.6,.6
251,고창군,2024-10-06 07:44,313,.3
251,고창군,2024-10-06 07:45,296.6,.1
251,고창군,2024-10-06 07:46,330.5,.7
251,고창군,2024-10-06 07:47,1.8,.9
251,고창군,2024-10-06 07:48,1.2,.8
251,고창군,2024-10-06 07:49,343.3,.8
251,고창군,2024-10-06 07:50,331.1,1
251,고창군,2024-10-06 07:51,313.8,.7
251,고창군,2024-10-06 07:52,317.8,1.3
251,고창군,2024-10-06 07:53,321.7,1.4
251,고창군,2024-10-06 07:54,318.9,1.6
251,고창군,2024-10-06 07:55,327.4,2
251,고창군,2024-10-06 07:56,334,1.2
251,고창군,2024-10-06 07:57,353.9,1
251,고창군,2024-10-06 07:58,338.2,1
251,고창군,2024-10-06 07:59,341.9,1.4
251,고창군,2024-10-06 08:00,348.8,1.5
251,고창군,2024-10-06 08:01,339.1,1.4
251,고창군,2024-10-06 08:02,346.9,1.4
251,고창군,2024-10-06 08:03,350,1.1
251,고창군,2024-10-06 08:04,349.4,1.1
251,고창군,2024-10-06 08:05,350.3,.7
251,고창군,2024-10-06 08:06,336,.8
251,고창군,2024-10-06 08:07,327,.5
251,고창군,2024-10-06 08:08,326.5,.7
251,고창군,2024-10-06 08:09,337.9,.4
251,고창군,2024-10-06 08:10,349.3,.4
251,고창군,2024-10-06 08:11,2.6,1
251,고창군,2024-10-06 08:12,353,1.1
251,고창군,2024-10-06 08:13,354.3,1.2
251,고창군,2024-10-06 08:14,357,1.2
251,고창군,2024-10-06 08:15,11,1.3
251,고창군,2024-10-06 08:16,.8,.9
251,고창군,2024-10-06 08:17,352.2,1
251,고창군,2024-10-06 08:18,344.8,.9
251,고창군,2024-10-06 08:19,3.6,.7
251,고창군,2024-10-06 08:20,15.9,.5
251,고창군,2024-10-06 08:21,350.9,.7
251,고창군,2024-10-06 08:22,342.7,1.2
251,고창군,2024-10-06 08:23,323.8,.8
251,고창군,2024-10-06 08:24,325.6,.4
251,고창군,2024-10-06 08:25,316.9,.1
251,고창군,2024-10-06 08:26,309.8,.6
251,고창군,2024-10-06 08:27,288.5,1
251,고창군,2024-10-06 08:28,294.5,.9
251,고창군,2024-10-06 08:29,306.9,.7
251,고창군,2024-10-06 08:30,321.7,.2
251,고창군,2024-10-06 08:31,244.1,.2
251,고창군,2024-10-06 08:32,340.3,.2
251,고창군,2024-10-06 08:33,290.6,0
251,고창군,2024-10-06 08:34,291.7,.2
251,고창군,2024-10-06 08:35,294.5,.2
251,고창군,2024-10-06 08:36,301,0
251,고창군,2024-10-06 08:37,328,.1
251,고창군,2024-10-06 08:38,350.6,.4
251,고창군,2024-10-06 08:39,55.1,.1
251,고창군,2024-10-06 08:40,45.1,0
251,고창군,2024-10-06 08:41,11.4,.4
251,고창군,2024-10-06 08:42,333.6,.5
251,고창군,2024-10-06 08:43,332.6,.3
251,고창군,2024-10-06 08:44,292.1,0
251,고창군,2024-10-06 08:45,265.1,.1
251,고창군,2024-10-06 08:46,311.3,.2
251,고창군,2024-10-06 08:47,294.7,.5
251,고창군,2024-10-06 08:48,310.3,.4
251,고창군,2024-10-06 08:49,279.7,.4
251,고창군,2024-10-06 08:50,277.8,.5
251,고창군,2024-10-06 08:51,285.5,.8
251,고창군,2024-10-06 08:52,290.3,1.1
251,고창군,2024-10-06 08:53,293.7,.9
251,고창군,2024-10-06 08:54,293.9,1.3
251,고창군,2024-10-06 08:55,303.9,1.3
251,고창군,2024-10-06 08:56,310.3,1.2
251,고창군,2024-10-06 08:57,311.4,1.3
251,고창군,2024-10-06 08:58,293.5,.8
251,고창군,2024-10-06 08:59,305.4,.8
251,고창군,2024-10-06 09:00,279.4,.9
251,고창군,2024-10-06 09:01,297.2,1
251,고창군,2024-10-06 09:02,309.8,.2
251,고창군,2024-10-06 09:03,327.9,0
251,고창군,2024-10-06 09:04,171.3,0
251,고창군,2024-10-06 09:05,130.9,0
251,고창군,2024-10-06 09:06,96.6,0
251,고창군,2024-10-06 09:07,271.8,.3
251,고창군,2024-10-06 09:08,258.5,.5
251,고창군,2024-10-06 09:09,278.9,.6
251,고창군,2024-10-06 09:10,297.4,.5
251,고창군,2024-10-06 09:11,314.6,.9
251,고창군,2024-10-06 09:12,303.4,1.3
251,고창군,2024-10-06 09:13,306.4,1.4
251,고창군,2024-10-06 09:14,305.3,1.6
251,고창군,2024-10-06 09:15,299.8,1.6
251,고창군,2024-10-06 09:16,301.9,1.8
251,고창군,2024-10-06 09:17,303.2,1.8
251,고창군,2024-10-06 09:18,309.6,1.5
251,고창군,2024-10-06 09:19,320.7,1.2
251,고창군,2024-10-06 09:20,306.5,.7
251,고창군,2024-10-06 09:21,321.8,.7
251,고창군,2024-10-06 09:22,308.1,.6
251,고창군,2024-10-06 09:23,295.6,.5
251,고창군,2024-10-06 09:24,288.3,1
251,고창군,2024-10-06 09:25,295.4,1
251,고창군,2024-10-06 09:26,291.1,.7
251,고창군,2024-10-06 09:27,315.6,.6
251,고창군,2024-10-06 09:28,315,.5
251,고창군,2024-10-06 09:29,336.4,.6
251,고창군,2024-10-06 09:30,295.9,.7
251,고창군,2024-10-06 09:31,287.5,1.2
251,고창군,2024-10-06 09:32,298.9,1.1
251,고창군,2024-10-06 09:33,298,1.2
251,고창군,2024-10-06 09:34,295.2,1.3
251,고창군,2024-10-06 09:35,289.7,.9
251,고창군,2024-10-06 09:36,303,1
251,고창군,2024-10-06 09:37,288.4,.9
251,고창군,2024-10-06 09:38,297.4,1.3
251,고창군,2024-10-06 09:39,293.2,1.1
251,고창군,2024-10-06 09:40,294.7,.9
251,고창군,2024-10-06 09:41,280,1.1
251,고창군,2024-10-06 09:42,306.7,1.3
251,고창군,2024-10-06 09:43,279.9,.8
251,고창군,2024-10-06 09:44,299.5,1
251,고창군,2024-10-06 09:45,302.2,.9
251,고창군,2024-10-06 09:46,302.2,.9
251,고창군,2024-10-06 09:47,295.1,.8
251,고창군,2024-10-06 09:48,292.7,.6
251,고창군,2024-10-06 09:49,300.3,1.1
251,고창군,2024-10-06 09:50,303.8,1.2
251,고창군,2024-10-06 09:51,312.6,1
251,고창군,2024-10-06 09:52,311.2,.7
251,고창군,2024-10-06 09:53,325.9,.9
251,고창군,2024-10-06 09:54,314.8,1.5
251,고창군,2024-10-06 09:55,315.8,1.1
251,고창군,2024-10-06 09:56,305.9,.9
251,고창군,2024-10-06 09:57,312.5,1.1
251,고창군,2024-10-06 09:58,306.9,.9
251,고창군,2024-10-06 09:59,294.9,.9
251,고창군,2024-10-06 10:00,304,1.3
251,고창군,2024-10-06 10:01,299.7,1.4
251,고창군,2024-10-06 10:02,294.6,1.5
251,고창군,2024-10-06 10:03,299.2,1.5
251,고창군,2024-10-06 10:04,272.4,1
251,고창군,2024-10-06 10:05,307.7,.9
251,고창군,2024-10-06 10:06,246,.6
251,고창군,2024-10-06 10:07,282.3,.9
251,고창군,2024-10-06 10:08,270.5,1.4
251,고창군,2024-10-06 10:09,273.2,1.7
251,고창군,2024-10-06 10:10,275.8,.9
251,고창군,2024-10-06 10:11,276.1,.3
251,고창군,2024-10-06 10:12,260,.4
251,고창군,2024-10-06 10:13,251.5,1
251,고창군,2024-10-06 10:14,257.1,.8
251,고창군,2024-10-06 10:15,246.5,.7
251,고창군,2024-10-06 10:16,270.3,.9
251,고창군,2024-10-06 10:17,244.6,1.4
251,고창군,2024-10-06 10:18,279.5,1.1
251,고창군,2024-10-06 10:19,275.4,.7
251,고창군,2024-10-06 10:20,269.7,.8
251,고창군,2024-10-06 10:21,294.3,.5
251,고창군,2024-10-06 10:22,351.1,.3
251,고창군,2024-10-06 10:23,317.6,.7
251,고창군,2024-10-06 10:24,306.5,.3
251,고창군,2024-10-06 10:25,345.1,.3
251,고창군,2024-10-06 10:26,21.2,.4
251,고창군,2024-10-06 10:27,27.3,.3
251,고창군,2024-10-06 10:28,348.1,.3
251,고창군,2024-10-06 10:29,312,.4
251,고창군,2024-10-06 10:30,245.7,.4
251,고창군,2024-10-06 10:31,223.8,.5
251,고창군,2024-10-06 10:32,245.4,.8
251,고창군,2024-10-06 10:33,215.2,.9
251,고창군,2024-10-06 10:34,216.8,1.4
251,고창군,2024-10-06 10:35,224,1.4
251,고창군,2024-10-06 10:36,233.2,1.4
251,고창군,2024-10-06 10:37,242.5,1.4
251,고창군,2024-10-06 10:38,242.2,1.3
251,고창군,2024-10-06 10:39,247.6,1.5
251,고창군,2024-10-06 10:40,239.9,1.4
251,고창군,2024-10-06 10:41,259.1,1.1
251,고창군,2024-10-06 10:42,237.9,1.1
251,고창군,2024-10-06 10:43,239,1.3
251,고창군,2024-10-06 10:44,240.3,1.4
251,고창군,2024-10-06 10:45,249.8,1.5
251,고창군,2024-10-06 10:46,263.7,1.6
251,고창군,2024-10-06 10:47,267.9,1.1
251,고창군,2024-10-06 10:48,276.5,.7
251,고창군,2024-10-06 10:49,304.4,.6
251,고창군,2024-10-06 10:50,284.2,.3
251,고창군,2024-10-06 10:51,253.7,.3
251,고창군,2024-10-06 10:52,240.4,.4
251,고창군,2024-10-06 10:53,254.4,.2
251,고창군,2024-10-06 10:54,229.9,.2
251,고창군,2024-10-06 10:55,234.7,.4
251,고창군,2024-10-06 10:56,258.6,.8
251,고창군,2024-10-06 10:57,236.3,1
251,고창군,2024-10-06 10:58,264.2,1.1
251,고창군,2024-10-06 10:59,256,1.4
251,고창군,2024-10-06 11:00,256.2,1.1
251,고창군,2024-10-06 11:01,257.1,.9
251,고창군,2024-10-06 11:02,256.1,.8
251,고창군,2024-10-06 11:03,245.2,1.1
251,고창군,2024-10-06 11:04,246.1,1
251,고창군,2024-10-06 11:05,230.4,.7
251,고창군,2024-10-06 11:06,233.1,.7
251,고창군,2024-10-06 11:07,265.5,1.1
251,고창군,2024-10-06 11:08,274.6,.8
251,고창군,2024-10-06 11:09,272.4,.8
251,고창군,2024-10-06 11:10,270.3,.9
251,고창군,2024-10-06 11:11,274.4,1.2
251,고창군,2024-10-06 11:12,244.9,1.2
251,고창군,2024-10-06 11:13,246.6,1.1
251,고창군,2024-10-06 11:14,253.9,1
251,고창군,2024-10-06 11:15,260.3,.8
251,고창군,2024-10-06 11:16,267.4,.8
251,고창군,2024-10-06 11:17,289,.8
251,고창군,2024-10-06 11:18,278.8,.6
251,고창군,2024-10-06 11:19,283.1,.8
251,고창군,2024-10-06 11:20,278.5,1.2
251,고창군,2024-10-06 11:21,285.6,1
251,고창군,2024-10-06 11:22,291.1,.9
251,고창군,2024-10-06 11:23,280.5,.7
251,고창군,2024-10-06 11:24,275.2,1
251,고창군,2024-10-06 11:25,277.1,1
251,고창군,2024-10-06 11:26,281.3,1.1
251,고창군,2024-10-06 11:27,295.8,1.1
251,고창군,2024-10-06 11:28,276.5,.9
251,고창군,2024-10-06 11:29,214.1,.6
251,고창군,2024-10-06 11:30,200.8,.3
251,고창군,2024-10-06 11:31,270.2,.4
251,고창군,2024-10-06 11:32,290.4,.5
251,고창군,2024-10-06 11:33,297,.7
251,고창군,2024-10-06 11:34,275.1,.6
251,고창군,2024-10-06 11:35,249,.8
251,고창군,2024-10-06 11:36,232.1,.9
251,고창군,2024-10-06 11:37,259.7,.7
251,고창군,2024-10-06 11:38,301.7,.4
251,고창군,2024-10-06 11:39,336.5,.5
251,고창군,2024-10-06 11:40,249.3,.5
251,고창군,2024-10-06 11:41,231,1.1
251,고창군,2024-10-06 11:42,228.6,.7
251,고창군,2024-10-06 11:43,181.5,.6
251,고창군,2024-10-06 11:44,171.5,1
251,고창군,2024-10-06 11:45,198.6,1
251,고창군,2024-10-06 11:46,224.2,1.2
251,고창군,2024-10-06 11:47,222.6,1.2
251,고창군,2024-10-06 11:48,206.3,.6
251,고창군,2024-10-06 11:49,258.8,1.3
251,고창군,2024-10-06 11:50,268.4,1.2
251,고창군,2024-10-06 11:51,254.4,1.5
251,고창군,2024-10-06 11:52,246,1.4
251,고창군,2024-10-06 11:53,246.9,1.3
251,고창군,2024-10-06 11:54,233.4,1.4
251,고창군,2024-10-06 11:55,209.6,1.5
251,고창군,2024-10-06 11:56,217.6,1.2
251,고창군,2024-10-06 11:57,239.2,1.5
251,고창군,2024-10-06 11:58,233.8,1.3
251,고창군,2024-10-06 11:59,245.1,1.7
251,고창군,2024-10-06 12:00,243.3,1.5
251,고창군,2024-10-06 12:01,250,1.3
251,고창군,2024-10-06 12:02,302,.8
251,고창군,2024-10-06 12:03,325,.9
251,고창군,2024-10-06 12:04,318.6,1.1
251,고창군,2024-10-06 12:05,322.4,1.3
251,고창군,2024-10-06 12:06,328,1
251,고창군,2024-10-06 12:07,322.2,.7
251,고창군,2024-10-06 12:08,314.4,.8
251,고창군,2024-10-06 12:09,350.7,.3
251,고창군,2024-10-06 12:10,347,1.1
251,고창군,2024-10-06 12:11,6.6,1.4
251,고창군,2024-10-06 12:12,19.5,1.4
251,고창군,2024-10-06 12:13,353.7,1.4
251,고창군,2024-10-06 12:14,13.8,1.7
251,고창군,2024-10-06 12:15,27.9,1.8
251,고창군,2024-10-06 12:16,21.1,2.2
251,고창군,2024-10-06 12:17,13.5,2
251,고창군,2024-10-06 12:18,16.4,1.9
251,고창군,2024-10-06 12:19,22.8,1.9
251,고창군,2024-10-06 12:20,13.4,2.6
251,고창군,2024-10-06 12:21,13.1,2.3
251,고창군,2024-10-06 12:22,14.8,1.9
251,고창군,2024-10-06 12:23,13.4,1.6
251,고창군,2024-10-06 12:24,20.8,1.4
251,고창군,2024-10-06 12:25,22.7,1.6
251,고창군,2024-10-06 12:26,38.3,1.1
251,고창군,2024-10-06 12:27,13.9,1.4
251,고창군,2024-10-06 12:28,20.6,.6
251,고창군,2024-10-06 12:29,10.9,.7
251,고창군,2024-10-06 12:30,20.6,.6
251,고창군,2024-10-06 12:31,24.7,.6
251,고창군,2024-10-06 12:32,33.8,.7
251,고창군,2024-10-06 12:33,55.2,.3
251,고창군,2024-10-06 12:34,52.9,.3
251,고창군,2024-10-06 12:35,48.9,.3
251,고창군,2024-10-06 12:36,52.2,.3
251,고창군,2024-10-06 12:37,61.8,.2
251,고창군,2024-10-06 12:38,65.1,.1
251,고창군,2024-10-06 12:39,82.1,0
251,고창군,2024-10-06 12:40,136.8,.4
251,고창군,2024-10-06 12:41,138.4,.4
251,고창군,2024-10-06 12:42,134.1,.5
251,고창군,2024-10-06 12:43,134.9,.4
251,고창군,2024-10-06 12:44,143.7,.3
251,고창군,2024-10-06 12:45,143.7,.1
251,고창군,2024-10-06 12:46,143.6,0
251,고창군,2024-10-06 12:47,136.5,0
251,고창군,2024-10-06 12:48,125.9,.2
251,고창군,2024-10-06 12:49,159,.3
251,고창군,2024-10-06 12:50,140.9,.5
251,고창군,2024-10-06 12:51,136.7,.9
251,고창군,2024-10-06 12:52,132.5,.7
251,고창군,2024-10-06 12:53,127.3,.8
251,고창군,2024-10-06 12:54,118.2,.7
251,고창군,2024-10-06 12:55,113.4,.2
251,고창군,2024-10-06 12:56,68.3,0
251,고창군,2024-10-06 12:57,318.3,0
251,고창군,2024-10-06 12:58,307.6,.7
251,고창군,2024-10-06 12:59,303.4,1.1
251,고창군,2024-10-06 13:00,301.4,1.3
251,고창군,2024-10-06 13:01,302.5,1.2
251,고창군,2024-10-06 13:02,303.1,1.2
251,고창군,2024-10-06 13:03,317.5,1.2
251,고창군,2024-10-06 13:04,303.7,1.1
251,고창군,2024-10-06 13:05,307.3,.8
251,고창군,2024-10-06 13:06,289.9,.7
251,고창군,2024-10-06 13:07,293.7,.8
251,고창군,2024-10-06 13:08,296.1,1
251,고창군,2024-10-06 13:09,299.1,.9
251,고창군,2024-10-06 13:10,309.7,.9
251,고창군,2024-10-06 13:11,309.1,1.1
251,고창군,2024-10-06 13:12,309.5,1.2
251,고창군,2024-10-06 13:13,315.5,.9
251,고창군,2024-10-06 13:14,310.3,.7
251,고창군,2024-10-06 13:15,296,.7
251,고창군,2024-10-06 13:16,287.4,.7
251,고창군,2024-10-06 13:17,273.7,.8
251,고창군,2024-10-06 13:18,257,.6
251,고창군,2024-10-06 13:19,252,.5
251,고창군,2024-10-06 13:20,254.4,.5
251,고창군,2024-10-06 13:21,258.9,.6
251,고창군,2024-10-06 13:22,250.1,.8
251,고창군,2024-10-06 13:23,261.5,.8
251,고창군,2024-10-06 13:24,258.4,1.1
251,고창군,2024-10-06 13:25,260.3,1.2
251,고창군,2024-10-06 13:26,279.2,1.1
251,고창군,2024-10-06 13:27,292,.9
251,고창군,2024-10-06 13:28,272.9,1.3
251,고창군,2024-10-06 13:29,273.8,1.6
251,고창군,2024-10-06 13:30,266.8,1.2
251,고창군,2024-10-06 13:31,276.4,1.3
251,고창군,2024-10-06 13:32,288.7,1.3
251,고창군,2024-10-06 13:33,286.7,1.6
251,고창군,2024-10-06 13:34,297.2,1.3
251,고창군,2024-10-06 13:35,284,1.2
251,고창군,2024-10-06 13:36,300.1,1.3
251,고창군,2024-10-06 13:37,304,.9
251,고창군,2024-10-06 13:38,297.2,1.2
251,고창군,2024-10-06 13:39,320.4,1.6
251,고창군,2024-10-06 13:40,306.6,1.3
251,고창군,2024-10-06 13:41,326.6,1.4
251,고창군,2024-10-06 13:42,301.7,1
251,고창군,2024-10-06 13:43,310.8,1.2
251,고창군,2024-10-06 13:44,304.6,1.5
251,고창군,2024-10-06 13:45,294.1,1.2
251,고창군,2024-10-06 13:46,294.4,1
251,고창군,2024-10-06 13:47,303.4,1.5
251,고창군,2024-10-06 13:48,309.6,1.5
251,고창군,2024-10-06 13:49,305.3,1
251,고창군,2024-10-06 13:50,323.7,.6
251,고창군,2024-10-06 13:51,303.9,.8
251,고창군,2024-10-06 13:52,342.3,.3
251,고창군,2024-10-06 13:53,29.4,.6
251,고창군,2024-10-06 13:54,40,.8
251,고창군,2024-10-06 13:55,48.3,.9
251,고창군,2024-10-06 13:56,48.9,.7
251,고창군,2024-10-06 13:57,46.4,.9
251,고창군,2024-10-06 13:58,55.8,1
251,고창군,2024-10-06 13:59,35,1
251,고창군,2024-10-06 14:00,47.3,.7
251,고창군,2024-10-06 14:01,60.4,.7
251,고창군,2024-10-06 14:02,68.8,1.1
251,고창군,2024-10-06 14:03,90.8,1
251,고창군,2024-10-06 14:04,65.5,1.1
251,고창군,2024-10-06 14:05,62.2,.9
251,고창군,2024-10-06 14:06,88.4,.2
251,고창군,2024-10-06 14:07,94.1,.2
251,고창군,2024-10-06 14:08,61.5,.1
251,고창군,2024-10-06 14:09,109.8,0
251,고창군,2024-10-06 14:10,99.9,0
251,고창군,2024-10-06 14:11,104.3,0
251,고창군,2024-10-06 14:12,105.6,.3
251,고창군,2024-10-06 14:13,77.8,.2
251,고창군,2024-10-06 14:14,28.4,.2
251,고창군,2024-10-06 14:15,13.3,0
251,고창군,2024-10-06 14:16,51.7,.1
251,고창군,2024-10-06 14:17,81.7,0
251,고창군,2024-10-06 14:18,95.4,.4
251,고창군,2024-10-06 14:19,65,.7
251,고창군,2024-10-06 14:20,52.3,.7
251,고창군,2024-10-06 14:21,56.5,.6
251,고창군,2024-10-06 14:22,50.7,.9
251,고창군,2024-10-06 14:23,75.7,.6
251,고창군,2024-10-06 14:24,57.4,.5
251,고창군,2024-10-06 14:25,51.1,.6
251,고창군,2024-10-06 14:26,60.2,.4
251,고창군,2024-10-06 14:27,97.1,0
251,고창군,2024-10-06 14:28,81.2,.3
251,고창군,2024-10-06 14:29,80.2,.6
251,고창군,2024-10-06 14:30,77.2,.3
251,고창군,2024-10-06 14:31,101,.9
251,고창군,2024-10-06 14:32,86.8,1
251,고창군,2024-10-06 14:33,82.5,.8
251,고창군,2024-10-06 14:34,73.5,.9
251,고창군,2024-10-06 14:35,84.3,.8
251,고창군,2024-10-06 14:36,81.1,.6
251,고창군,2024-10-06 14:37,99.4,.7
251,고창군,2024-10-06 14:38,108,.4
251,고창군,2024-10-06 14:39,101.9,.4
251,고창군,2024-10-06 14:40,77.7,.6
251,고창군,2024-10-06 14:41,57.9,.5
251,고창군,2024-10-06 14:42,58.5,.4
251,고창군,2024-10-06 14:43,14.1,0
251,고창군,2024-10-06 14:44,97.9,.1
251,고창군,2024-10-06 14:45,85.5,.1
251,고창군,2024-10-06 14:46,103.3,.1
251,고창군,2024-10-06 14:47,30.8,0
251,고창군,2024-10-06 14:48,29.4,0
251,고창군,2024-10-06 14:49,346.7,.2
251,고창군,2024-10-06 14:50,302,0
251,고창군,2024-10-06 14:51,307.1,.5
251,고창군,2024-10-06 14:52,303.3,.5
251,고창군,2024-10-06 14:53,317.2,.5
251,고창군,2024-10-06 14:54,341,.4
251,고창군,2024-10-06 14:55,317.5,.7
251,고창군,2024-10-06 14:56,306.2,.8
251,고창군,2024-10-06 14:57,312.1,1.1
251,고창군,2024-10-06 14:58,341,1.1
251,고창군,2024-10-06 14:59,324.3,.6
251,고창군,2024-10-06 15:00,333.4,1.1
251,고창군,2024-10-06 15:01,307.1,.6
251,고창군,2024-10-06 15:02,342.8,.9
251,고창군,2024-10-06 15:03,329.5,1.1
251,고창군,2024-10-06 15:04,308.2,1.3
251,고창군,2024-10-06 15:05,332.2,.7
251,고창군,2024-10-06 15:06,314.6,.9
251,고창군,2024-10-06 15:07,353.2,.7
251,고창군,2024-10-06 15:08,352.7,.9
251,고창군,2024-10-06 15:09,344.9,.7
251,고창군,2024-10-06 15:10,336.5,1.2
251,고창군,2024-10-06 15:11,320,.9
251,고창군,2024-10-06 15:12,319.2,.9
251,고창군,2024-10-06 15:13,336.8,.8
251,고창군,2024-10-06 15:14,8.7,.7
251,고창군,2024-10-06 15:15,347.4,.7
251,고창군,2024-10-06 15:16,13.3,.6
251,고창군,2024-10-06 15:17,15.1,.9
251,고창군,2024-10-06 15:18,343.7,.7
251,고창군,2024-10-06 15:19,350.7,.6
251,고창군,2024-10-06 15:20,351.5,.8
251,고창군,2024-10-06 15:21,338.4,1.3
251,고창군,2024-10-06 15:22,350,1.1
251,고창군,2024-10-06 15:23,336.4,1.3
251,고창군,2024-10-06 15:24,331.7,1.5
251,고창군,2024-10-06 15:25,338.1,1.2
251,고창군,2024-10-06 15:26,337.7,1.4
251,고창군,2024-10-06 15:27,353.8,1.8
251,고창군,2024-10-06 15:28,305.8,1.3
251,고창군,2024-10-06 15:29,312.8,1.8
251,고창군,2024-10-06 15:30,298,1.9
251,고창군,2024-10-06 15:31,353,1.3
251,고창군,2024-10-06 15:32,308.7,1.4
251,고창군,2024-10-06 15:33,298.4,1.2
251,고창군,2024-10-06 15:34,302.3,1.8
251,고창군,2024-10-06 15:35,314.1,1.7
251,고창군,2024-10-06 15:36,328.1,1.1
251,고창군,2024-10-06 15:37,354.4,1
251,고창군,2024-10-06 15:38,.1,1.3
251,고창군,2024-10-06 15:39,1.3,1.7
251,고창군,2024-10-06 15:40,354.2,1.5
251,고창군,2024-10-06 15:41,354.4,1.3
251,고창군,2024-10-06 15:42,338.2,1
251,고창군,2024-10-06 15:43,305.8,.9
251,고창군,2024-10-06 15:44,331.2,.5
251,고창군,2024-10-06 15:45,319.7,.6
251,고창군,2024-10-06 15:46,328.5,.7
251,고창군,2024-10-06 15:47,32.2,.6
251,고창군,2024-10-06 15:48,33.1,.5
251,고창군,2024-10-06 15:49,56.3,.8
251,고창군,2024-10-06 15:50,36.4,.7
251,고창군,2024-10-06 15:51,54.5,.5
251,고창군,2024-10-06 15:52,55.3,.3
251,고창군,2024-10-06 15:53,45.2,.3
251,고창군,2024-10-06 15:54,46.5,.7
251,고창군,2024-10-06 15:55,61.2,.6
251,고창군,2024-10-06 15:56,33.9,.7
251,고창군,2024-10-06 15:57,57.3,.6
251,고창군,2024-10-06 15:58,79.8,1.1
251,고창군,2024-10-06 15:59,75.4,.9
251,고창군,2024-10-06 16:00,86.1,.7
251,고창군,2024-10-06 16:01,88.1,.9
251,고창군,2024-10-06 16:02,85.5,1
251,고창군,2024-10-06 16:03,78.6,.8
251,고창군,2024-10-06 16:04,62.8,.4
251,고창군,2024-10-06 16:05,63.8,.7
251,고창군,2024-10-06 16:06,70.1,.9
251,고창군,2024-10-06 16:07,66.7,1
251,고창군,2024-10-06 16:08,69.3,1.3
251,고창군,2024-10-06 16:09,68.6,1.4
251,고창군,2024-10-06 16:10,82.4,1.2
251,고창군,2024-10-06 16:11,69.8,.9
251,고창군,2024-10-06 16:12,68.1,.7
251,고창군,2024-10-06 16:13,70.6,.3
251,고창군,2024-10-06 16:14,16,0
251,고창군,2024-10-06 16:15,300.4,.1
251,고창군,2024-10-06 16:16,138.1,.3
251,고창군,2024-10-06 16:17,124.7,.5
251,고창군,2024-10-06 16:18,128.3,.3
251,고창군,2024-10-06 16:19,56.9,.1
251,고창군,2024-10-06 16:20,354.5,.5
251,고창군,2024-10-06 16:21,17.2,1.1
251,고창군,2024-10-06 16:22,37.3,.7
251,고창군,2024-10-06 16:23,37.5,.8
251,고창군,2024-10-06 16:24,29.9,.7
251,고창군,2024-10-06 16:25,32.5,.6
251,고창군,2024-10-06 16:26,46,.5
251,고창군,2024-10-06 16:27,45.6,.7
251,고창군,2024-10-06 16:28,23.1,.9
251,고창군,2024-10-06 16:29,35.4,.8
251,고창군,2024-10-06 16:30,44.8,.5
251,고창군,2024-10-06 16:31,33.2,1
251,고창군,2024-10-06 16:32,25.2,1.2
251,고창군,2024-10-06 16:33,14.1,1.6
251,고창군,2024-10-06 16:34,16.1,1.2
251,고창군,2024-10-06 16:35,22.3,1.3
251,고창군,2024-10-06 16:36,23.4,1.1
251,고창군,2024-10-06 16:37,30.2,.9
251,고창군,2024-10-06 16:38,45,.6
251,고창군,2024-10-06 16:39,52.9,.7
251,고창군,2024-10-06 16:40,48.9,.6
251,고창군,2024-10-06 16:41,40,.2
251,고창군,2024-10-06 16:42,73.2,.4
251,고창군,2024-10-06 16:43,56.2,.2
251,고창군,2024-10-06 16:44,35.9,0
251,고창군,2024-10-06 16:45,72.6,.3
251,고창군,2024-10-06 16:46,54.4,.3
251,고창군,2024-10-06 16:47,43.9,.2
251,고창군,2024-10-06 16:48,56.1,.5
251,고창군,2024-10-06 16:49,79.1,.3
251,고창군,2024-10-06 16:50,56.6,.3
251,고창군,2024-10-06 16:51,71.8,.6
251,고창군,2024-10-06 16:52,60.8,.8
251,고창군,2024-10-06 16:53,61.7,.5
251,고창군,2024-10-06 16:54,87.2,.7
251,고창군,2024-10-06 16:55,43.9,.5
251,고창군,2024-10-06 16:56,63.4,.6
251,고창군,2024-10-06 16:57,83.5,.8
251,고창군,2024-10-06 16:58,78.1,.8
251,고창군,2024-10-06 16:59,87.1,.2
251,고창군,2024-10-06 17:00,129.2,.1
251,고창군,2024-10-06 17:01,61.3,.2
251,고창군,2024-10-06 17:02,343.6,0
251,고창군,2024-10-06 17:03,276.1,0
251,고창군,2024-10-06 17:04,12.8,.6
251,고창군,2024-10-06 17:05,35.9,.2
251,고창군,2024-10-06 17:06,43.6,.8
251,고창군,2024-10-06 17:07,29.6,.9
251,고창군,2024-10-06 17:08,28.5,1
251,고창군,2024-10-06 17:09,43.7,.8
251,고창군,2024-10-06 17:10,55.3,.5
251,고창군,2024-10-06 17:11,76.8,.2
251,고창군,2024-10-06 17:12,102.3,.6
251,고창군,2024-10-06 17:13,94.2,1
251,고창군,2024-10-06 17:14,90.9,1.3
251,고창군,2024-10-06 17:15,100.4,1.5
251,고창군,2024-10-06 17:16,102.9,1.5
251,고창군,2024-10-06 17:17,98.2,1.5
251,고창군,2024-10-06 17:18,99.3,1.6
251,고창군,2024-10-06 17:19,85.2,1.3
251,고창군,2024-10-06 17:20,82.1,1.4
251,고창군,2024-10-06 17:21,68,1.4
251,고창군,2024-10-06 17:22,79.1,1.5
251,고창군,2024-10-06 17:23,82.3,1.3
251,고창군,2024-10-06 17:24,96.7,.7
251,고창군,2024-10-06 17:25,95.1,1
251,고창군,2024-10-06 17:26,90.8,.2
251,고창군,2024-10-06 17:27,9.6,.2
251,고창군,2024-10-06 17:28,314.2,.5
251,고창군,2024-10-06 17:29,308.4,.6
251,고창군,2024-10-06 17:30,316.9,.7
251,고창군,2024-10-06 17:31,347.1,.8
251,고창군,2024-10-06 17:32,9.4,1.3
251,고창군,2024-10-06 17:33,357.6,1.4
251,고창군,2024-10-06 17:34,353.5,.9
251,고창군,2024-10-06 17:35,350.4,.8
251,고창군,2024-10-06 17:36,3.3,.9
251,고창군,2024-10-06 17:37,13.9,1.3
251,고창군,2024-10-06 17:38,13,1.2
251,고창군,2024-10-06 17:39,6.4,.9
251,고창군,2024-10-06 17:40,343.7,.7
251,고창군,2024-10-06 17:41,333,1.1
251,고창군,2024-10-06 17:42,350.6,.8
251,고창군,2024-10-06 17:43,38.5,.8
251,고창군,2024-10-06 17:44,2.3,1.2
251,고창군,2024-10-06 17:45,4.7,1.1
251,고창군,2024-10-06 17:46,27.2,.5
251,고창군,2024-10-06 17:47,23.3,.4
251,고창군,2024-10-06 17:48,15.8,.5
251,고창군,2024-10-06 17:49,34.2,.5
251,고창군,2024-10-06 17:50,47.9,.1
251,고창군,2024-10-06 17:51,99.9,.2
251,고창군,2024-10-06 17:52,93.2,.6
251,고창군,2024-10-06 17:53,84.7,.7
251,고창군,2024-10-06 17:54,86.6,.5
251,고창군,2024-10-06 17:55,54.9,.3
251,고창군,2024-10-06 17:56,19.7,0
251,고창군,2024-10-06 17:57,355.4,.5
251,고창군,2024-10-06 17:58,346.6,.5
251,고창군,2024-10-06 17:59,346.7,.4
251,고창군,2024-10-06 18:00,10,.9
251,고창군,2024-10-06 18:01,15.8,.9
251,고창군,2024-10-06 18:02,13.4,.7
251,고창군,2024-10-06 18:03,21.8,1
251,고창군,2024-10-06 18:04,15.8,1.1
251,고창군,2024-10-06 18:05,10.7,1.3
251,고창군,2024-10-06 18:06,10.2,1.2
251,고창군,2024-10-06 18:07,9.7,.9
251,고창군,2024-10-06 18:08,14.8,.9
251,고창군,2024-10-06 18:09,11.8,.9
251,고창군,2024-10-06 18:10,11.6,.7
251,고창군,2024-10-06 18:11,30.8,.8
251,고창군,2024-10-06 18:12,32.7,.5
251,고창군,2024-10-06 18:13,59.6,.4
251,고창군,2024-10-06 18:14,48.5,.3
251,고창군,2024-10-06 18:15,34.8,.3
251,고창군,2024-10-06 18:16,27.5,.3
251,고창군,2024-10-06 18:17,53.7,.3
251,고창군,2024-10-06 18:18,45.8,.5
251,고창군,2024-10-06 18:19,26.9,.2
251,고창군,2024-10-06 18:20,47.4,0
251,고창군,2024-10-06 18:21,44.6,.1
251,고창군,2024-10-06 18:22,67.7,0
251,고창군,2024-10-06 18:23,168.8,0
251,고창군,2024-10-06 18:24,172.5,0
251,고창군,2024-10-06 18:25,64.1,0
251,고창군,2024-10-06 18:26,58.7,.5
251,고창군,2024-10-06 18:27,21.1,.6
251,고창군,2024-10-06 18:28,22.1,.5
251,고창군,2024-10-06 18:29,347.9,.1
251,고창군,2024-10-06 18:30,2.9,.1
251,고창군,2024-10-06 18:31,4.1,.1
251,고창군,2024-10-06 18:32,5.7,.3
251,고창군,2024-10-06 18:33,10.4,.4
251,고창군,2024-10-06 18:34,24.4,.3
251,고창군,2024-10-06 18:35,19.9,.4
251,고창군,2024-10-06 18:36,50.5,.3
251,고창군,2024-10-06 18:37,53.5,0
251,고창군,2024-10-06 18:38,25.5,.1
251,고창군,2024-10-06 18:39,38.4,.5
251,고창군,2024-10-06 18:40,31.8,.3
251,고창군,2024-10-06 18:41,27.3,0
251,고창군,2024-10-06 18:42,36.7,.1
251,고창군,2024-10-06 18:43,29.6,.5
251,고창군,2024-10-06 18:44,40.7,.5
251,고창군,2024-10-06 18:45,82.5,.2
251,고창군,2024-10-06 18:46,72.3,.2
251,고창군,2024-10-06 18:47,70.5,.5
251,고창군,2024-10-06 18:48,73.2,.5
251,고창군,2024-10-06 18:49,78,.7
251,고창군,2024-10-06 18:50,71.8,.5
251,고창군,2024-10-06 18:51,59.7,.7
251,고창군,2024-10-06 18:52,76.4,.6
251,고창군,2024-10-06 18:53,77,.9
251,고창군,2024-10-06 18:54,83.7,.8
251,고창군,2024-10-06 18:55,91.6,1.1
251,고창군,2024-10-06 18:56,101.1,1.1
251,고창군,2024-10-06 18:57,87.1,.9
251,고창군,2024-10-06 18:58,85.6,.8
251,고창군,2024-10-06 18:59,82.6,.8
251,고창군,2024-10-06 19:00,84.3,1
251,고창군,2024-10-06 19:01,82.7,1.2
251,고창군,2024-10-06 19:02,77.5,1.5
251,고창군,2024-10-06 19:03,71.2,1.8
251,고창군,2024-10-06 19:04,77.5,1.5
251,고창군,2024-10-06 19:05,79.7,.9
251,고창군,2024-10-06 19:06,33.8,.7
251,고창군,2024-10-06 19:07,64.7,.1
251,고창군,2024-10-06 19:08,182.7,.4
251,고창군,2024-10-06 19:09,273.3,0
251,고창군,2024-10-06 19:10,211.5,.2
251,고창군,2024-10-06 19:11,322.6,.1
251,고창군,2024-10-06 19:12,353.3,.3
251,고창군,2024-10-06 19:13,8.1,1.1
251,고창군,2024-10-06 19:14,5.3,1.2
251,고창군,2024-10-06 19:15,38.9,1.3
251,고창군,2024-10-06 19:16,45.2,1.2
251,고창군,2024-10-06 19:17,36.3,.9
251,고창군,2024-10-06 19:18,57.3,1.1
251,고창군,2024-10-06 19:19,61.1,1.2
251,고창군,2024-10-06 19:20,79.4,.9
251,고창군,2024-10-06 19:21,82.4,.9
251,고창군,2024-10-06 19:22,112.8,.6
251,고창군,2024-10-06 19:23,323.2,.6
251,고창군,2024-10-06 19:24,353.1,.8
251,고창군,2024-10-06 19:25,22.3,.9
251,고창군,2024-10-06 19:26,38.7,.9
251,고창군,2024-10-06 19:27,5.7,.6
251,고창군,2024-10-06 19:28,297.3,.2
251,고창군,2024-10-06 19:29,285.6,.5
251,고창군,2024-10-06 19:30,272.8,.9
251,고창군,2024-10-06 19:31,267.1,1
251,고창군,2024-10-06 19:32,259,.9
251,고창군,2024-10-06 19:33,279,1.2
251,고창군,2024-10-06 19:34,303.1,1.3
251,고창군,2024-10-06 19:35,311.1,1.6
251,고창군,2024-10-06 19:36,306.6,1.2
251,고창군,2024-10-06 19:37,306.4,1.2
251,고창군,2024-10-06 19:38,311.8,1.3
251,고창군,2024-10-06 19:39,332.3,1.1
251,고창군,2024-10-06 19:40,341.5,1.4
251,고창군,2024-10-06 19:41,353.5,1.3
251,고창군,2024-10-06 19:42,354.2,1.5
251,고창군,2024-10-06 19:43,6.3,1.6
251,고창군,2024-10-06 19:44,8,1.4
251,고창군,2024-10-06 19:45,7.1,1
251,고창군,2024-10-06 19:46,14.5,.3
251,고창군,2024-10-06 19:47,12.1,.5
251,고창군,2024-10-06 19:48,357.7,.4
251,고창군,2024-10-06 19:49,336.1,.5
251,고창군,2024-10-06 19:50,323.7,.3
251,고창군,2024-10-06 19:51,27.6,.2
251,고창군,2024-10-06 19:52,32.8,.4
251,고창군,2024-10-06 19:53,13.9,.1
251,고창군,2024-10-06 19:54,52.8,.1
251,고창군,2024-10-06 19:55,31.2,.2
251,고창군,2024-10-06 19:56,18.4,.3
251,고창군,2024-10-06 19:57,5.6,.4
251,고창군,2024-10-06 19:58,2.2,.5
251,고창군,2024-10-06 19:59,18.1,.7
251,고창군,2024-10-06 20:00,10.2,.8
251,고창군,2024-10-06 20:01,59.6,.5
251,고창군,2024-10-06 20:02,56.2,.4
251,고창군,2024-10-06 20:03,70.1,.5
251,고창군,2024-10-06 20:04,85.6,.1
251,고창군,2024-10-06 20:05,88.2,.3
251,고창군,2024-10-06 20:06,104.8,.3
251,고창군,2024-10-06 20:07,121.9,.5
251,고창군,2024-10-06 20:08,119.8,.7
251,고창군,2024-10-06 20:09,124.6,.8
251,고창군,2024-10-06 20:10,127.5,1
251,고창군,2024-10-06 20:11,121.9,.9
251,고창군,2024-10-06 20:12,116.7,.7
251,고창군,2024-10-06 20:13,105.7,.6
251,고창군,2024-10-06 20:14,101.4,.4
251,고창군,2024-10-06 20:15,91.6,.3
251,고창군,2024-10-06 20:16,97.5,.2
251,고창군,2024-10-06 20:17,80.8,.4
251,고창군,2024-10-06 20:18,74.5,.5
251,고창군,2024-10-06 20:19,49.3,.4
251,고창군,2024-10-06 20:20,50.8,.4
251,고창군,2024-10-06 20:21,64.5,.2
251,고창군,2024-10-06 20:22,70,0
251,고창군,2024-10-06 20:23,110.3,.2
251,고창군,2024-10-06 20:24,111.5,.7
251,고창군,2024-10-06 20:25,121.1,1.1
251,고창군,2024-10-06 20:26,118.5,1.1
251,고창군,2024-10-06 20:27,120,1
251,고창군,2024-10-06 20:28,122.3,.9
251,고창군,2024-10-06 20:29,119.1,.8
251,고창군,2024-10-06 20:30,115.4,.7
251,고창군,2024-10-06 20:31,114.7,.7
251,고창군,2024-10-06 20:32,95.3,.5
251,고창군,2024-10-06 20:33,98.4,.4
251,고창군,2024-10-06 20:34,100.7,.5
251,고창군,2024-10-06 20:35,108.2,.5
251,고창군,2024-10-06 20:36,119.4,.6
251,고창군,2024-10-06 20:37,103.1,.4
251,고창군,2024-10-06 20:38,78.9,.4
251,고창군,2024-10-06 20:39,63.1,.4
251,고창군,2024-10-06 20:40,31,.1
251,고창군,2024-10-06 20:41,28.8,0
251,고창군,2024-10-06 20:42,2.4,.4
251,고창군,2024-10-06 20:43,343.8,.2
251,고창군,2024-10-06 20:44,343.3,.3
251,고창군,2024-10-06 20:45,351.8,.3
251,고창군,2024-10-06 20:46,29.6,.4
251,고창군,2024-10-06 20:47,25.6,.5
251,고창군,2024-10-06 20:48,17.1,.5
251,고창군,2024-10-06 20:49,12.4,.3
251,고창군,2024-10-06 20:50,52.8,.4
251,고창군,2024-10-06 20:51,64.8,.3
251,고창군,2024-10-06 20:52,47.4,.2
251,고창군,2024-10-06 20:53,42.8,.4
251,고창군,2024-10-06 20:54,45.1,.2
251,고창군,2024-10-06 20:55,55.2,.4
251,고창군,2024-10-06 20:56,47,.5
251,고창군,2024-10-06 20:57,64.9,.5
251,고창군,2024-10-06 20:58,63.5,.7
251,고창군,2024-10-06 20:59,60.6,.5
251,고창군,2024-10-06 21:00,76.2,.4
251,고창군,2024-10-06 21:01,76.3,.5
251,고창군,2024-10-06 21:02,83,.3
251,고창군,2024-10-06 21:03,78.1,.3
251,고창군,2024-10-06 21:04,98.2,.4
251,고창군,2024-10-06 21:05,65.9,.2
251,고창군,2024-10-06 21:06,99,.3
251,고창군,2024-10-06 21:07,111.3,.2
251,고창군,2024-10-06 21:08,118.8,.1
251,고창군,2024-10-06 21:09,100.3,0
251,고창군,2024-10-06 21:10,83.8,0
251,고창군,2024-10-06 21:11,72.7,.1
251,고창군,2024-10-06 21:12,45.4,.1
251,고창군,2024-10-06 21:13,39.5,.2
251,고창군,2024-10-06 21:14,28.6,.3
251,고창군,2024-10-06 21:15,32.2,.2
251,고창군,2024-10-06 21:16,24.4,.1
251,고창군,2024-10-06 21:17,28.8,.1
251,고창군,2024-10-06 21:18,60.3,0
251,고창군,2024-10-06 21:19,52.6,0
251,고창군,2024-10-06 21:20,51.9,.3
251,고창군,2024-10-06 21:21,39.6,.5
251,고창군,2024-10-06 21:22,20.9,.5
251,고창군,2024-10-06 21:23,46.1,.3
251,고창군,2024-10-06 21:24,39.8,0
251,고창군,2024-10-06 21:25,76.8,0
251,고창군,2024-10-06 21:26,109.6,0
251,고창군,2024-10-06 21:27,109.6,0
251,고창군,2024-10-06 21:28,91.2,0
251,고창군,2024-10-06 21:29,12.6,0
251,고창군,2024-10-06 21:30,12.9,.3
251,고창군,2024-10-06 21:31,357.8,.8
251,고창군,2024-10-06 21:32,346,.4
251,고창군,2024-10-06 21:33,356.9,.2
251,고창군,2024-10-06 21:34,356.3,.5
251,고창군,2024-10-06 21:35,350,.5
251,고창군,2024-10-06 21:36,326.6,.4
251,고창군,2024-10-06 21:37,356.4,.4
251,고창군,2024-10-06 21:38,359.3,.5
251,고창군,2024-10-06 21:39,32.7,.2
251,고창군,2024-10-06 21:40,93.6,.3
251,고창군,2024-10-06 21:41,100.4,.4
251,고창군,2024-10-06 21:42,97.6,.5
251,고창군,2024-10-06 21:43,97.1,.6
251,고창군,2024-10-06 21:44,91.6,.7
251,고창군,2024-10-06 21:45,69.5,.5
251,고창군,2024-10-06 21:46,88.9,.6
251,고창군,2024-10-06 21:47,93.5,.9
251,고창군,2024-10-06 21:48,98.3,.8
251,고창군,2024-10-06 21:49,97.8,.8
251,고창군,2024-10-06 21:50,99.3,.1
251,고창군,2024-10-06 21:51,106.9,.1
251,고창군,2024-10-06 21:52,119.5,.3
251,고창군,2024-10-06 21:53,108.3,.2
251,고창군,2024-10-06 21:54,108.7,.4
251,고창군,2024-10-06 21:55,101.8,.3
251,고창군,2024-10-06 21:56,112,.3
251,고창군,2024-10-06 21:57,107.7,.2
251,고창군,2024-10-06 21:58,81.4,.1
251,고창군,2024-10-06 21:59,90,0
251,고창군,2024-10-06 22:00,90,0
251,고창군,2024-10-06 22:01,90,.2
251,고창군,2024-10-06 22:02,90,.2
251,고창군,2024-10-06 22:03,90,0
251,고창군,2024-10-06 22:04,90,0
251,고창군,2024-10-06 22:05,90,0
251,고창군,2024-10-06 22:06,90,0
251,고창군,2024-10-06 22:07,90,0
251,고창군,2024-10-06 22:08,90,0
251,고창군,2024-10-06 22:09,90,0
251,고창군,2024-10-06 22:10,90,0
251,고창군,2024-10-06 22:11,90,0
251,고창군,2024-10-06 22:12,90,0
251,고창군,2024-10-06 22:13,90,.1
251,고창군,2024-10-06 22:14,90,.1
251,고창군,2024-10-06 22:15,90,.3
251,고창군,2024-10-06 22:16,90,.3
251,고창군,2024-10-06 22:17,90,.5
251,고창군,2024-10-06 22:18,93.8,.6
251,고창군,2024-10-06 22:19,98.5,.6
251,고창군,2024-10-06 22:20,98.5,.6
251,고창군,2024-10-06 22:21,99.7,.6
251,고창군,2024-10-06 22:22,95.7,.4
251,고창군,2024-10-06 22:23,87.1,.2
251,고창군,2024-10-06 22:24,69.7,0
251,고창군,2024-10-06 22:25,65.2,0
251,고창군,2024-10-06 22:26,23.2,0
251,고창군,2024-10-06 22:27,15.2,.1
251,고창군,2024-10-06 22:28,26.1,.1
251,고창군,2024-10-06 22:29,26,0
251,고창군,2024-10-06 22:30,51.2,0
251,고창군,2024-10-06 22:31,63.3,0
251,고창군,2024-10-06 22:32,49.5,0
251,고창군,2024-10-06 22:33,30.1,0
251,고창군,2024-10-06 22:34,354.2,0
251,고창군,2024-10-06 22:35,306.7,0
251,고창군,2024-10-06 22:36,331.3,0
251,고창군,2024-10-06 22:37,295.1,0
251,고창군,2024-10-06 22:38,283.8,0
251,고창군,2024-10-06 22:39,253.6,.3
251,고창군,2024-10-06 22:40,251.7,.5
251,고창군,2024-10-06 22:41,224.8,.4
251,고창군,2024-10-06 22:42,200.6,.4
251,고창군,2024-10-06 22:43,181.2,.3
251,고창군,2024-10-06 22:44,134.6,.2
251,고창군,2024-10-06 22:45,134.9,.3
251,고창군,2024-10-06 22:46,123.2,.4
251,고창군,2024-10-06 22:47,113.7,.5
251,고창군,2024-10-06 22:48,103.8,.5
251,고창군,2024-10-06 22:49,114.1,0
251,고창군,2024-10-06 22:50,96.1,0
251,고창군,2024-10-06 22:51,69.7,0
251,고창군,2024-10-06 22:52,33.8,0
251,고창군,2024-10-06 22:53,38.6,0
251,고창군,2024-10-06 22:54,44.9,0
251,고창군,2024-10-06 22:55,44.9,0
251,고창군,2024-10-06 22:56,21.7,0
251,고창군,2024-10-06 22:57,12.6,0
251,고창군,2024-10-06 22:58,5.8,0
251,고창군,2024-10-06 22:59,22.2,0
251,고창군,2024-10-06 23:00,23,0
251,고창군,2024-10-06 23:01,24.9,0
251,고창군,2024-10-06 23:02,50.5,0
251,고창군,2024-10-06 23:03,92.1,0
251,고창군,2024-10-06 23:04,98.2,0
251,고창군,2024-10-06 23:05,87.4,0
251,고창군,2024-10-06 23:06,87.1,0
251,고창군,2024-10-06 23:07,87.1,0
251,고창군,2024-10-06 23:08,87.1,0
251,고창군,2024-10-06 23:09,87.1,0
251,고창군,2024-10-06 23:10,87.1,0
251,고창군,2024-10-06 23:11,109,0
251,고창군,2024-10-06 23:12,180,0
251,고창군,2024-10-06 23:13,170,0
251,고창군,2024-10-06 23:14,173.5,0
251,고창군,2024-10-06 23:15,186.3,0
251,고창군,2024-10-06 23:16,185.5,0
251,고창군,2024-10-06 23:17,191.3,0
251,고창군,2024-10-06 23:18,191.3,0
251,고창군,2024-10-06 23:19,160.5,0
251,고창군,2024-10-06 23:20,131,0
251,고창군,2024-10-06 23:21,113.7,.2
251,고창군,2024-10-06 23:22,114.3,0
251,고창군,2024-10-06 23:23,130.1,0
251,고창군,2024-10-06 23:24,141,0
251,고창군,2024-10-06 23:25,132.2,0
251,고창군,2024-10-06 23:26,135.5,0
251,고창군,2024-10-06 23:27,145.2,0
251,고창군,2024-10-06 23:28,97.9,0
251,고창군,2024-10-06 23:29,98.5,0
251,고창군,2024-10-06 23:30,98.5,0
251,고창군,2024-10-06 23:31,98.5,0
251,고창군,2024-10-06 23:32,98.5,0
251,고창군,2024-10-06 23:33,98.5,0
251,고창군,2024-10-06 23:34,98.5,0
251,고창군,2024-10-06 23:35,98.5,0
251,고창군,2024-10-06 23:36,81.4,0
251,고창군,2024-10-06 23:37,84.3,0
251,고창군,2024-10-06 23:38,87.1,0
251,고창군,2024-10-06 23:39,87.1,0
251,고창군,2024-10-06 23:40,87.1,0
251,고창군,2024-10-06 23:41,118.3,0
251,고창군,2024-10-06 23:42,132.8,0
251,고창군,2024-10-06 23:43,130.1,0
251,고창군,2024-10-06 23:44,114.4,0
251,고창군,2024-10-06 23:45,113.3,0
251,고창군,2024-10-06 23:46,114.2,0
251,고창군,2024-10-06 23:47,120.4,.2
251,고창군,2024-10-06 23:48,124.2,.2
251,고창군,2024-10-06 23:49,120.7,.3
251,고창군,2024-10-06 23:50,122.9,.4
251,고창군,2024-10-06 23:51,119.6,.3
251,고창군,2024-10-06 23:52,109.3,.2
251,고창군,2024-10-06 23:53,112.2,0
251,고창군,2024-10-06 23:54,116.6,0
251,고창군,2024-10-06 23:55,132.3,0
251,고창군,2024-10-06 23:56,132.3,0
251,고창군,2024-10-06 23:57,132.3,0
251,고창군,2024-10-06 23:58,132.3,0
251,고창군,2024-10-06 23:59,132.3,0
251,고창군,2024-10-07 00:00,132.3,0
254,순창군,2024-10-06 00:01,349.2,0
254,순창군,2024-10-06 00:02,308.9,.4
254,순창군,2024-10-06 00:03,288.2,.9
254,순창군,2024-10-06 00:04,304.7,.7
254,순창군,2024-10-06 00:05,295.1,.2
254,순창군,2024-10-06 00:06,322.4,.2
254,순창군,2024-10-06 00:07,20.1,0
254,순창군,2024-10-06 00:08,338.2,.2
254,순창군,2024-10-06 00:09,313.5,.3
254,순창군,2024-10-06 00:10,307.5,.4
254,순창군,2024-10-06 00:11,306.7,.4
254,순창군,2024-10-06 00:12,298.5,.3
254,순창군,2024-10-06 00:13,288.1,.4
254,순창군,2024-10-06 00:14,271.7,.1
254,순창군,2024-10-06 00:15,283.7,.1
254,순창군,2024-10-06 00:16,303.7,.1
254,순창군,2024-10-06 00:17,317.6,.1
254,순창군,2024-10-06 00:18,282.5,.3
254,순창군,2024-10-06 00:19,272.1,.1
254,순창군,2024-10-06 00:20,264.4,0
254,순창군,2024-10-06 00:21,264.9,0
254,순창군,2024-10-06 00:22,0,0
254,순창군,2024-10-06 00:23,0,0
254,순창군,2024-10-06 00:24,8,0
254,순창군,2024-10-06 00:25,19.8,0
254,순창군,2024-10-06 00:26,47.4,0
254,순창군,2024-10-06 00:27,65.6,0
254,순창군,2024-10-06 00:28,62.1,0
254,순창군,2024-10-06 00:29,65.8,0
254,순창군,2024-10-06 00:30,81.9,.1
254,순창군,2024-10-06 00:31,86.5,.1
254,순창군,2024-10-06 00:32,0,0
254,순창군,2024-10-06 00:33,45.6,0
254,순창군,2024-10-06 00:34,40.5,.2
254,순창군,2024-10-06 00:35,41.3,0
254,순창군,2024-10-06 00:36,10.8,.2
254,순창군,2024-10-06 00:37,337.4,.4
254,순창군,2024-10-06 00:38,337.4,.3
254,순창군,2024-10-06 00:39,338.4,.1
254,순창군,2024-10-06 00:40,330.5,0
254,순창군,2024-10-06 00:41,0,0
254,순창군,2024-10-06 00:42,0,0
254,순창군,2024-10-06 00:43,339,.1
254,순창군,2024-10-06 00:44,337.2,.4
254,순창군,2024-10-06 00:45,333.3,.1
254,순창군,2024-10-06 00:46,0,0
254,순창군,2024-10-06 00:47,338.6,0
254,순창군,2024-10-06 00:48,0,0
254,순창군,2024-10-06 00:49,0,0
254,순창군,2024-10-06 00:50,0,0
254,순창군,2024-10-06 00:51,0,0
254,순창군,2024-10-06 00:52,0,0
254,순창군,2024-10-06 00:53,0,0
254,순창군,2024-10-06 00:54,0,0
254,순창군,2024-10-06 00:55,0,0
254,순창군,2024-10-06 00:56,0,0
254,순창군,2024-10-06 00:57,334.4,0
254,순창군,2024-10-06 00:58,336.3,.2
254,순창군,2024-10-06 00:59,330.2,.1
254,순창군,2024-10-06 01:00,0,0
254,순창군,2024-10-06 01:01,0,0
254,순창군,2024-10-06 01:02,0,0
254,순창군,2024-10-06 01:03,0,0
254,순창군,2024-10-06 01:04,0,0
254,순창군,2024-10-06 01:05,0,0
254,순창군,2024-10-06 01:06,0,0
254,순창군,2024-10-06 01:07,6.9,0
254,순창군,2024-10-06 01:08,0,0
254,순창군,2024-10-06 01:09,0,0
254,순창군,2024-10-06 01:10,0,0
254,순창군,2024-10-06 01:11,0,0
254,순창군,2024-10-06 01:12,0,0
254,순창군,2024-10-06 01:13,0,0
254,순창군,2024-10-06 01:14,0,0
254,순창군,2024-10-06 01:15,0,0
254,순창군,2024-10-06 01:16,345.9,.1
254,순창군,2024-10-06 01:17,339.8,0
254,순창군,2024-10-06 01:18,344,0
254,순창군,2024-10-06 01:19,343.3,.2
254,순창군,2024-10-06 01:20,342,.5
254,순창군,2024-10-06 01:21,345.9,.6
254,순창군,2024-10-06 01:22,338.4,.6
254,순창군,2024-10-06 01:23,296.5,.8
254,순창군,2024-10-06 01:24,280.4,.7
254,순창군,2024-10-06 01:25,285.6,.7
254,순창군,2024-10-06 01:26,290.4,.9
254,순창군,2024-10-06 01:27,290.6,1
254,순창군,2024-10-06 01:28,288.4,.7
254,순창군,2024-10-06 01:29,297,.7
254,순창군,2024-10-06 01:30,287.1,.8
254,순창군,2024-10-06 01:31,289,.9
254,순창군,2024-10-06 01:32,285.5,.8
254,순창군,2024-10-06 01:33,284.3,.4
254,순창군,2024-10-06 01:34,285.8,.5
254,순창군,2024-10-06 01:35,269.5,.7
254,순창군,2024-10-06 01:36,247.1,.6
254,순창군,2024-10-06 01:37,208.9,.6
254,순창군,2024-10-06 01:38,198,.9
254,순창군,2024-10-06 01:39,199,.5
254,순창군,2024-10-06 01:40,156.8,.1
254,순창군,2024-10-06 01:41,160.3,0
254,순창군,2024-10-06 01:42,163,0
254,순창군,2024-10-06 01:43,304.8,.1
254,순창군,2024-10-06 01:44,121.3,0
254,순창군,2024-10-06 01:45,0,0
254,순창군,2024-10-06 01:46,309.8,.2
254,순창군,2024-10-06 01:47,282.4,.6
254,순창군,2024-10-06 01:48,294.3,.4
254,순창군,2024-10-06 01:49,310.5,.2
254,순창군,2024-10-06 01:50,328.3,.4
254,순창군,2024-10-06 01:51,340.6,.6
254,순창군,2024-10-06 01:52,346,.6
254,순창군,2024-10-06 01:53,357.9,.5
254,순창군,2024-10-06 01:54,1.9,.5
254,순창군,2024-10-06 01:55,30.4,.3
254,순창군,2024-10-06 01:56,62.4,0
254,순창군,2024-10-06 01:57,42.2,0
254,순창군,2024-10-06 01:58,0,0
254,순창군,2024-10-06 01:59,42.2,0
254,순창군,2024-10-06 02:00,0,0
254,순창군,2024-10-06 02:01,61.7,0
254,순창군,2024-10-06 02:02,128.7,.5
254,순창군,2024-10-06 02:03,148.8,.5
254,순창군,2024-10-06 02:04,148,.3
254,순창군,2024-10-06 02:05,148.5,.7
254,순창군,2024-10-06 02:06,150.6,.4
254,순창군,2024-10-06 02:07,143.8,.2
254,순창군,2024-10-06 02:08,128,0
254,순창군,2024-10-06 02:09,120.6,.1
254,순창군,2024-10-06 02:10,130.1,.3
254,순창군,2024-10-06 02:11,74.6,0
254,순창군,2024-10-06 02:12,57.9,0
254,순창군,2024-10-06 02:13,56.4,0
254,순창군,2024-10-06 02:14,52,0
254,순창군,2024-10-06 02:15,56,0
254,순창군,2024-10-06 02:16,80.9,0
254,순창군,2024-10-06 02:17,105.4,.2
254,순창군,2024-10-06 02:18,120.5,.8
254,순창군,2024-10-06 02:19,122.4,1.1
254,순창군,2024-10-06 02:20,124.5,1.3
254,순창군,2024-10-06 02:21,117,1.3
254,순창군,2024-10-06 02:22,114.8,1.4
254,순창군,2024-10-06 02:23,106.7,1.3
254,순창군,2024-10-06 02:24,105.4,1.4
254,순창군,2024-10-06 02:25,103.6,1.4
254,순창군,2024-10-06 02:26,104.2,1.3
254,순창군,2024-10-06 02:27,118.1,1.8
254,순창군,2024-10-06 02:28,120.1,1.5
254,순창군,2024-10-06 02:29,125.8,1
254,순창군,2024-10-06 02:30,130.1,1
254,순창군,2024-10-06 02:31,134.3,1.2
254,순창군,2024-10-06 02:32,136.9,1
254,순창군,2024-10-06 02:33,131.7,.9
254,순창군,2024-10-06 02:34,124.8,1
254,순창군,2024-10-06 02:35,122,1.3
254,순창군,2024-10-06 02:36,124.1,1.4
254,순창군,2024-10-06 02:37,122.6,1.5
254,순창군,2024-10-06 02:38,121.9,1.5
254,순창군,2024-10-06 02:39,117.7,1.4
254,순창군,2024-10-06 02:40,123.1,1.4
254,순창군,2024-10-06 02:41,119.8,1.2
254,순창군,2024-10-06 02:42,119.6,1.3
254,순창군,2024-10-06 02:43,119.7,1.3
254,순창군,2024-10-06 02:44,122.5,1.2
254,순창군,2024-10-06 02:45,122.8,1.1
254,순창군,2024-10-06 02:46,132.9,.9
254,순창군,2024-10-06 02:47,130.8,.7
254,순창군,2024-10-06 02:48,121.3,.8
254,순창군,2024-10-06 02:49,117.5,.9
254,순창군,2024-10-06 02:50,111.9,.8
254,순창군,2024-10-06 02:51,113.9,.7
254,순창군,2024-10-06 02:52,113.1,.6
254,순창군,2024-10-06 02:53,122.5,.4
254,순창군,2024-10-06 02:54,121.6,.3
254,순창군,2024-10-06 02:55,120.3,.3
254,순창군,2024-10-06 02:56,110,.3
254,순창군,2024-10-06 02:57,106.3,.5
254,순창군,2024-10-06 02:58,115.3,.6
254,순창군,2024-10-06 02:59,111.9,.5
254,순창군,2024-10-06 03:00,112.7,.4
254,순창군,2024-10-06 03:01,112.8,.3
254,순창군,2024-10-06 03:02,122,0
254,순창군,2024-10-06 03:03,115.1,0
254,순창군,2024-10-06 03:04,128.7,.3
254,순창군,2024-10-06 03:05,139.4,.4
254,순창군,2024-10-06 03:06,142.6,.4
254,순창군,2024-10-06 03:07,152.4,.1
254,순창군,2024-10-06 03:08,139.8,0
254,순창군,2024-10-06 03:09,34.6,.2
254,순창군,2024-10-06 03:10,347.4,.5
254,순창군,2024-10-06 03:11,355.3,.2
254,순창군,2024-10-06 03:12,352.4,0
254,순창군,2024-10-06 03:13,349.6,.1
254,순창군,2024-10-06 03:14,339.7,.7
254,순창군,2024-10-06 03:15,325.1,.9
254,순창군,2024-10-06 03:16,312.1,.9
254,순창군,2024-10-06 03:17,303.3,.9
254,순창군,2024-10-06 03:18,308.6,.8
254,순창군,2024-10-06 03:19,295.7,.8
254,순창군,2024-10-06 03:20,302.7,.6
254,순창군,2024-10-06 03:21,307.4,.3
254,순창군,2024-10-06 03:22,287.7,.6
254,순창군,2024-10-06 03:23,282.5,.6
254,순창군,2024-10-06 03:24,291.3,.7
254,순창군,2024-10-06 03:25,281.4,.8
254,순창군,2024-10-06 03:26,274.1,.7
254,순창군,2024-10-06 03:27,270.1,.5
254,순창군,2024-10-06 03:28,267.7,.5
254,순창군,2024-10-06 03:29,264.3,.5
254,순창군,2024-10-06 03:30,257.4,.4
254,순창군,2024-10-06 03:31,276.2,.1
254,순창군,2024-10-06 03:32,294.9,0
254,순창군,2024-10-06 03:33,337.8,.2
254,순창군,2024-10-06 03:34,345.6,.1
254,순창군,2024-10-06 03:35,346.7,.1
254,순창군,2024-10-06 03:36,347.6,.1
254,순창군,2024-10-06 03:37,338.4,.2
254,순창군,2024-10-06 03:38,336.7,.2
254,순창군,2024-10-06 03:39,327.5,.3
254,순창군,2024-10-06 03:40,336,.5
254,순창군,2024-10-06 03:41,317,.5
254,순창군,2024-10-06 03:42,310.1,.3
254,순창군,2024-10-06 03:43,283.8,.4
254,순창군,2024-10-06 03:44,283.2,.4
254,순창군,2024-10-06 03:45,282,.5
254,순창군,2024-10-06 03:46,270.9,.3
254,순창군,2024-10-06 03:47,267.8,.1
254,순창군,2024-10-06 03:48,0,0
254,순창군,2024-10-06 03:49,267.8,0
254,순창군,2024-10-06 03:50,282.8,0
254,순창군,2024-10-06 03:51,316.4,.2
254,순창군,2024-10-06 03:52,299.9,.5
254,순창군,2024-10-06 03:53,289,.6
254,순창군,2024-10-06 03:54,297.4,.2
254,순창군,2024-10-06 03:55,282.3,.4
254,순창군,2024-10-06 03:56,276.7,.2
254,순창군,2024-10-06 03:57,278.4,0
254,순창군,2024-10-06 03:58,0,0
254,순창군,2024-10-06 03:59,273.4,0
254,순창군,2024-10-06 04:00,274.2,0
254,순창군,2024-10-06 04:01,272.5,0
254,순창군,2024-10-06 04:02,269.7,0
254,순창군,2024-10-06 04:03,249.5,.1
254,순창군,2024-10-06 04:04,247,0
254,순창군,2024-10-06 04:05,250.3,0
254,순창군,2024-10-06 04:06,204.9,0
254,순창군,2024-10-06 04:07,191.4,0
254,순창군,2024-10-06 04:08,285.2,.1
254,순창군,2024-10-06 04:09,8.6,.1
254,순창군,2024-10-06 04:10,350.6,.2
254,순창군,2024-10-06 04:11,298.1,.3
254,순창군,2024-10-06 04:12,298.5,.2
254,순창군,2024-10-06 04:13,324.8,.1
254,순창군,2024-10-06 04:14,21.9,0
254,순창군,2024-10-06 04:15,31,0
254,순창군,2024-10-06 04:16,31.4,0
254,순창군,2024-10-06 04:17,35.8,0
254,순창군,2024-10-06 04:18,49.1,0
254,순창군,2024-10-06 04:19,82.4,.1
254,순창군,2024-10-06 04:20,111.3,.7
254,순창군,2024-10-06 04:21,133.9,1.1
254,순창군,2024-10-06 04:22,128,.9
254,순창군,2024-10-06 04:23,127.9,.6
254,순창군,2024-10-06 04:24,139.2,.5
254,순창군,2024-10-06 04:25,126.1,.2
254,순창군,2024-10-06 04:26,126.8,0
254,순창군,2024-10-06 04:27,178.7,.5
254,순창군,2024-10-06 04:28,283.4,1.2
254,순창군,2024-10-06 04:29,275,.9
254,순창군,2024-10-06 04:30,274.6,.7
254,순창군,2024-10-06 04:31,275.9,1.3
254,순창군,2024-10-06 04:32,273,1.4
254,순창군,2024-10-06 04:33,269.6,1.4
254,순창군,2024-10-06 04:34,266.1,1.4
254,순창군,2024-10-06 04:35,270.6,1.3
254,순창군,2024-10-06 04:36,274.1,1.7
254,순창군,2024-10-06 04:37,271.8,1.5
254,순창군,2024-10-06 04:38,269.1,1.4
254,순창군,2024-10-06 04:39,265.9,1.6
254,순창군,2024-10-06 04:40,269.2,1.5
254,순창군,2024-10-06 04:41,271.9,1.3
254,순창군,2024-10-06 04:42,276.9,1
254,순창군,2024-10-06 04:43,270,1.2
254,순창군,2024-10-06 04:44,268,1.1
254,순창군,2024-10-06 04:45,267.5,.9
254,순창군,2024-10-06 04:46,271.4,.9
254,순창군,2024-10-06 04:47,266.4,.7
254,순창군,2024-10-06 04:48,266.4,.6
254,순창군,2024-10-06 04:49,256.9,.7
254,순창군,2024-10-06 04:50,255.4,.7
254,순창군,2024-10-06 04:51,252,.6
254,순창군,2024-10-06 04:52,234,.3
254,순창군,2024-10-06 04:53,242.3,0
254,순창군,2024-10-06 04:54,241.2,.1
254,순창군,2024-10-06 04:55,64.1,.3
254,순창군,2024-10-06 04:56,84.5,.4
254,순창군,2024-10-06 04:57,85.7,.1
254,순창군,2024-10-06 04:58,96.7,.1
254,순창군,2024-10-06 04:59,101.2,.1
254,순창군,2024-10-06 05:00,84.5,0
254,순창군,2024-10-06 05:01,75.9,0
254,순창군,2024-10-06 05:02,42.6,0
254,순창군,2024-10-06 05:03,329.9,.1
254,순창군,2024-10-06 05:04,328,0
254,순창군,2024-10-06 05:05,330.5,0
254,순창군,2024-10-06 05:06,20.9,0
254,순창군,2024-10-06 05:07,81.9,.2
254,순창군,2024-10-06 05:08,110.4,.7
254,순창군,2024-10-06 05:09,113.2,1.1
254,순창군,2024-10-06 05:10,110.7,1.2
254,순창군,2024-10-06 05:11,114.7,1.3
254,순창군,2024-10-06 05:12,118.8,1.2
254,순창군,2024-10-06 05:13,123.7,1.3
254,순창군,2024-10-06 05:14,124.3,.9
254,순창군,2024-10-06 05:15,119.9,1.2
254,순창군,2024-10-06 05:16,115.5,1.4
254,순창군,2024-10-06 05:17,120.6,1.5
254,순창군,2024-10-06 05:18,129.4,1.6
254,순창군,2024-10-06 05:19,129.2,1.8
254,순창군,2024-10-06 05:20,131.8,1.4
254,순창군,2024-10-06 05:21,126.3,1.5
254,순창군,2024-10-06 05:22,123.5,1
254,순창군,2024-10-06 05:23,127.3,1.1
254,순창군,2024-10-06 05:24,129.2,.9
254,순창군,2024-10-06 05:25,129.8,1
254,순창군,2024-10-06 05:26,126,1.2
254,순창군,2024-10-06 05:27,134.4,1.3
254,순창군,2024-10-06 05:28,136.7,1
254,순창군,2024-10-06 05:29,140.7,1
254,순창군,2024-10-06 05:30,140.3,1
254,순창군,2024-10-06 05:31,144.1,1
254,순창군,2024-10-06 05:32,143,.7
254,순창군,2024-10-06 05:33,140.9,.5
254,순창군,2024-10-06 05:34,140.1,.4
254,순창군,2024-10-06 05:35,140.6,.5
254,순창군,2024-10-06 05:36,140.7,.6
254,순창군,2024-10-06 05:37,140.7,.1
254,순창군,2024-10-06 05:38,141.3,0
254,순창군,2024-10-06 05:39,139.6,0
254,순창군,2024-10-06 05:40,0,0
254,순창군,2024-10-06 05:41,141.9,0
254,순창군,2024-10-06 05:42,151.8,.4
254,순창군,2024-10-06 05:43,164,.6
254,순창군,2024-10-06 05:44,195.6,.9
254,순창군,2024-10-06 05:45,204.7,.9
254,순창군,2024-10-06 05:46,263.6,1.2
254,순창군,2024-10-06 05:47,269.8,.9
254,순창군,2024-10-06 05:48,256.8,.9
254,순창군,2024-10-06 05:49,258.5,1
254,순창군,2024-10-06 05:50,263.8,1.2
254,순창군,2024-10-06 05:51,272.5,1.6
254,순창군,2024-10-06 05:52,264.8,1.6
254,순창군,2024-10-06 05:53,267.4,1.4
254,순창군,2024-10-06 05:54,274.7,1.5
254,순창군,2024-10-06 05:55,272.2,1.2
254,순창군,2024-10-06 05:56,274.4,1.1
254,순창군,2024-10-06 05:57,275.8,.7
254,순창군,2024-10-06 05:58,271,.5
254,순창군,2024-10-06 05:59,274.6,.4
254,순창군,2024-10-06 06:00,285.3,.6
254,순창군,2024-10-06 06:01,287.4,.5
254,순창군,2024-10-06 06:02,292.8,.5
254,순창군,2024-10-06 06:03,291.6,.5
254,순창군,2024-10-06 06:04,303.8,.6
254,순창군,2024-10-06 06:05,300.6,1
254,순창군,2024-10-06 06:06,288.2,1.5
254,순창군,2024-10-06 06:07,284.5,1.7
254,순창군,2024-10-06 06:08,284.3,1.5
254,순창군,2024-10-06 06:09,288.9,1.3
254,순창군,2024-10-06 06:10,287.3,1.2
254,순창군,2024-10-06 06:11,285.1,1.1
254,순창군,2024-10-06 06:12,282.2,1.5
254,순창군,2024-10-06 06:13,279.4,2
254,순창군,2024-10-06 06:14,270.2,2.4
254,순창군,2024-10-06 06:15,263.9,2.3
254,순창군,2024-10-06 06:16,267.9,2
254,순창군,2024-10-06 06:17,271.8,2.2
254,순창군,2024-10-06 06:18,274.8,1.8
254,순창군,2024-10-06 06:19,268.9,1.8
254,순창군,2024-10-06 06:20,266.7,2
254,순창군,2024-10-06 06:21,266.6,2.1
254,순창군,2024-10-06 06:22,272.4,2
254,순창군,2024-10-06 06:23,268.3,1.9
254,순창군,2024-10-06 06:24,261.2,1.7
254,순창군,2024-10-06 06:25,240,1.1
254,순창군,2024-10-06 06:26,224,.2
254,순창군,2024-10-06 06:27,251.8,.1
254,순창군,2024-10-06 06:28,316.4,.3
254,순창군,2024-10-06 06:29,351.9,.6
254,순창군,2024-10-06 06:30,311.9,.4
254,순창군,2024-10-06 06:31,270.6,.7
254,순창군,2024-10-06 06:32,268,.1
254,순창군,2024-10-06 06:33,309.3,.1
254,순창군,2024-10-06 06:34,315,0
254,순창군,2024-10-06 06:35,315.1,0
254,순창군,2024-10-06 06:36,113.6,.3
254,순창군,2024-10-06 06:37,112,.6
254,순창군,2024-10-06 06:38,114.5,.8
254,순창군,2024-10-06 06:39,113.7,.6
254,순창군,2024-10-06 06:40,115.2,.5
254,순창군,2024-10-06 06:41,98.5,.3
254,순창군,2024-10-06 06:42,67.4,.6
254,순창군,2024-10-06 06:43,48.1,.8
254,순창군,2024-10-06 06:44,47.9,.9
254,순창군,2024-10-06 06:45,54.6,1
254,순창군,2024-10-06 06:46,62.1,.8
254,순창군,2024-10-06 06:47,74.4,.5
254,순창군,2024-10-06 06:48,102.6,.3
254,순창군,2024-10-06 06:49,121.7,0
254,순창군,2024-10-06 06:50,104.4,.1
254,순창군,2024-10-06 06:51,118.9,.3
254,순창군,2024-10-06 06:52,130.7,.5
254,순창군,2024-10-06 06:53,126.3,.7
254,순창군,2024-10-06 06:54,137.5,.7
254,순창군,2024-10-06 06:55,134.8,.6
254,순창군,2024-10-06 06:56,138.3,.5
254,순창군,2024-10-06 06:57,123.8,.1
254,순창군,2024-10-06 06:58,191.9,.1
254,순창군,2024-10-06 06:59,291.7,.5
254,순창군,2024-10-06 07:00,293.5,.3
254,순창군,2024-10-06 07:01,312.9,.2
254,순창군,2024-10-06 07:02,320,.1
254,순창군,2024-10-06 07:03,307.5,.7
254,순창군,2024-10-06 07:04,295.3,.8
254,순창군,2024-10-06 07:05,278,.6
254,순창군,2024-10-06 07:06,264.8,.6
254,순창군,2024-10-06 07:07,257.4,.5
254,순창군,2024-10-06 07:08,259.8,.3
254,순창군,2024-10-06 07:09,261.2,.1
254,순창군,2024-10-06 07:10,283,.3
254,순창군,2024-10-06 07:11,312.6,.5
254,순창군,2024-10-06 07:12,293.3,.7
254,순창군,2024-10-06 07:13,340.9,.3
254,순창군,2024-10-06 07:14,15.1,.6
254,순창군,2024-10-06 07:15,349.3,.2
254,순창군,2024-10-06 07:16,320,.4
254,순창군,2024-10-06 07:17,301.6,.7
254,순창군,2024-10-06 07:18,295.4,1
254,순창군,2024-10-06 07:19,292.5,.8
254,순창군,2024-10-06 07:20,276.7,.9
254,순창군,2024-10-06 07:21,270.8,.9
254,순창군,2024-10-06 07:22,278.5,.7
254,순창군,2024-10-06 07:23,279.4,.8
254,순창군,2024-10-06 07:24,285.8,1.2
254,순창군,2024-10-06 07:25,282.5,1.8
254,순창군,2024-10-06 07:26,277.7,2.3
254,순창군,2024-10-06 07:27,277.7,2.5
254,순창군,2024-10-06 07:28,278.4,2.2
254,순창군,2024-10-06 07:29,281.8,2.2
254,순창군,2024-10-06 07:30,270.4,2.5
254,순창군,2024-10-06 07:31,271.5,2.2
254,순창군,2024-10-06 07:32,268,2
254,순창군,2024-10-06 07:33,273.7,1.7
254,순창군,2024-10-06 07:34,273.7,1.7
254,순창군,2024-10-06 07:35,260.1,1.9
254,순창군,2024-10-06 07:36,249.8,1.8
254,순창군,2024-10-06 07:37,238.2,1.5
254,순창군,2024-10-06 07:38,211.1,.7
254,순창군,2024-10-06 07:39,203.9,.3
254,순창군,2024-10-06 07:40,220,.1
254,순창군,2024-10-06 07:41,212.5,0
254,순창군,2024-10-06 07:42,156.4,.1
254,순창군,2024-10-06 07:43,138.7,0
254,순창군,2024-10-06 07:44,132.4,0
254,순창군,2024-10-06 07:45,101.7,.6
254,순창군,2024-10-06 07:46,93.5,.5
254,순창군,2024-10-06 07:47,81.8,.2
254,순창군,2024-10-06 07:48,69.6,0
254,순창군,2024-10-06 07:49,58,.3
254,순창군,2024-10-06 07:50,50.9,.1
254,순창군,2024-10-06 07:51,50.3,.1
254,순창군,2024-10-06 07:52,51.2,.2
254,순창군,2024-10-06 07:53,33.4,.8
254,순창군,2024-10-06 07:54,33.3,1.2
254,순창군,2024-10-06 07:55,27.5,1.3
254,순창군,2024-10-06 07:56,31.4,1.2
254,순창군,2024-10-06 07:57,33.4,1.1
254,순창군,2024-10-06 07:58,29.6,1
254,순창군,2024-10-06 07:59,55.6,.7
254,순창군,2024-10-06 08:00,113.4,.6
254,순창군,2024-10-06 08:01,89.3,.4
254,순창군,2024-10-06 08:02,115.3,.4
254,순창군,2024-10-06 08:03,78.2,.5
254,순창군,2024-10-06 08:04,90.2,.5
254,순창군,2024-10-06 08:05,126.3,.8
254,순창군,2024-10-06 08:06,122.6,1.2
254,순창군,2024-10-06 08:07,132,1.2
254,순창군,2024-10-06 08:08,132.6,1.3
254,순창군,2024-10-06 08:09,121.6,.9
254,순창군,2024-10-06 08:10,135.7,.6
254,순창군,2024-10-06 08:11,127.9,.1
254,순창군,2024-10-06 08:12,113.9,0
254,순창군,2024-10-06 08:13,123.9,.1
254,순창군,2024-10-06 08:14,113.5,.4
254,순창군,2024-10-06 08:15,122.6,.7
254,순창군,2024-10-06 08:16,110.9,.5
254,순창군,2024-10-06 08:17,104.4,1
254,순창군,2024-10-06 08:18,101.7,1.2
254,순창군,2024-10-06 08:19,100.8,1.2
254,순창군,2024-10-06 08:20,96.9,1.3
254,순창군,2024-10-06 08:21,102.1,.9
254,순창군,2024-10-06 08:22,102.2,.8
254,순창군,2024-10-06 08:23,111,.6
254,순창군,2024-10-06 08:24,87.7,.6
254,순창군,2024-10-06 08:25,87.2,.6
254,순창군,2024-10-06 08:26,87.2,.2
254,순창군,2024-10-06 08:27,81.9,.6
254,순창군,2024-10-06 08:28,81.9,.3
254,순창군,2024-10-06 08:29,80,0
254,순창군,2024-10-06 08:30,81.6,0
254,순창군,2024-10-06 08:31,78.7,0
254,순창군,2024-10-06 08:32,77.4,0
254,순창군,2024-10-06 08:33,74.9,.1
254,순창군,2024-10-06 08:34,78.9,.5
254,순창군,2024-10-06 08:35,77.3,.6
254,순창군,2024-10-06 08:36,80.7,.6
254,순창군,2024-10-06 08:37,79.8,.5
254,순창군,2024-10-06 08:38,80.4,.8
254,순창군,2024-10-06 08:39,81.2,1
254,순창군,2024-10-06 08:40,82.3,1
254,순창군,2024-10-06 08:41,81.8,.9
254,순창군,2024-10-06 08:42,85.1,.9
254,순창군,2024-10-06 08:43,87.1,1
254,순창군,2024-10-06 08:44,89,.9
254,순창군,2024-10-06 08:45,94.9,1.1
254,순창군,2024-10-06 08:46,105.3,1.2
254,순창군,2024-10-06 08:47,104.2,1.3
254,순창군,2024-10-06 08:48,105,1.3
254,순창군,2024-10-06 08:49,112.1,1.1
254,순창군,2024-10-06 08:50,101.8,.7
254,순창군,2024-10-06 08:51,96.6,.3
254,순창군,2024-10-06 08:52,130.1,.7
254,순창군,2024-10-06 08:53,140.8,1
254,순창군,2024-10-06 08:54,119.3,.8
254,순창군,2024-10-06 08:55,136.4,.5
254,순창군,2024-10-06 08:56,151.5,.8
254,순창군,2024-10-06 08:57,182.8,.7
254,순창군,2024-10-06 08:58,191.9,.6
254,순창군,2024-10-06 08:59,191.7,.2
254,순창군,2024-10-06 09:00,186.6,.7
254,순창군,2024-10-06 09:01,195.4,.6
254,순창군,2024-10-06 09:02,174.7,.4
254,순창군,2024-10-06 09:03,150,.5
254,순창군,2024-10-06 09:04,108.7,.6
254,순창군,2024-10-06 09:05,109.2,.3
254,순창군,2024-10-06 09:06,109.3,.1
254,순창군,2024-10-06 09:07,108.8,0
254,순창군,2024-10-06 09:08,108.2,0
254,순창군,2024-10-06 09:09,107.5,.3
254,순창군,2024-10-06 09:10,107.4,.3
254,순창군,2024-10-06 09:11,110,.7
254,순창군,2024-10-06 09:12,52.5,.7
254,순창군,2024-10-06 09:13,4.4,.8
254,순창군,2024-10-06 09:14,.2,.6
254,순창군,2024-10-06 09:15,.4,.5
254,순창군,2024-10-06 09:16,.2,.3
254,순창군,2024-10-06 09:17,.6,0
254,순창군,2024-10-06 09:18,1.3,.1
254,순창군,2024-10-06 09:19,1.2,.2
254,순창군,2024-10-06 09:20,2.4,.3
254,순창군,2024-10-06 09:21,3.7,.4
254,순창군,2024-10-06 09:22,3.2,.3
254,순창군,2024-10-06 09:23,4.2,.4
254,순창군,2024-10-06 09:24,3.9,.2
254,순창군,2024-10-06 09:25,5.2,.6
254,순창군,2024-10-06 09:26,5,.3
254,순창군,2024-10-06 09:27,4.4,.1
254,순창군,2024-10-06 09:28,5.2,.3
254,순창군,2024-10-06 09:29,4.6,.3
254,순창군,2024-10-06 09:30,3.7,.3
254,순창군,2024-10-06 09:31,3.7,.3
254,순창군,2024-10-06 09:32,4.1,0
254,순창군,2024-10-06 09:33,17.9,.2
254,순창군,2024-10-06 09:34,121.8,.7
254,순창군,2024-10-06 09:35,99,1
254,순창군,2024-10-06 09:36,89.8,.9
254,순창군,2024-10-06 09:37,99.4,.9
254,순창군,2024-10-06 09:38,96.5,.5
254,순창군,2024-10-06 09:39,93.9,.4
254,순창군,2024-10-06 09:40,91.4,.5
254,순창군,2024-10-06 09:41,104.1,.5
254,순창군,2024-10-06 09:42,99.7,.6
254,순창군,2024-10-06 09:43,155.6,.8
254,순창군,2024-10-06 09:44,151.4,1.2
254,순창군,2024-10-06 09:45,117.1,.9
254,순창군,2024-10-06 09:46,119.9,.9
254,순창군,2024-10-06 09:47,114.4,.8
254,순창군,2024-10-06 09:48,102.5,1
254,순창군,2024-10-06 09:49,86.3,1.3
254,순창군,2024-10-06 09:50,93.4,1.2
254,순창군,2024-10-06 09:51,109.6,1
254,순창군,2024-10-06 09:52,122.2,.7
254,순창군,2024-10-06 09:53,122,1
254,순창군,2024-10-06 09:54,109.5,.8
254,순창군,2024-10-06 09:55,119,.8
254,순창군,2024-10-06 09:56,136.8,.5
254,순창군,2024-10-06 09:57,134.7,.5
254,순창군,2024-10-06 09:58,134,.1
254,순창군,2024-10-06 09:59,134.1,.4
254,순창군,2024-10-06 10:00,138.2,.8
254,순창군,2024-10-06 10:01,152.1,.8
254,순창군,2024-10-06 10:02,139.4,1.1
254,순창군,2024-10-06 10:03,147.3,1
254,순창군,2024-10-06 10:04,144.3,1.2
254,순창군,2024-10-06 10:05,97.1,.8
254,순창군,2024-10-06 10:06,74.5,.7
254,순창군,2024-10-06 10:07,66.4,.5
254,순창군,2024-10-06 10:08,67.2,.6
254,순창군,2024-10-06 10:09,80.2,1.2
254,순창군,2024-10-06 10:10,106,.9
254,순창군,2024-10-06 10:11,105.6,1.2
254,순창군,2024-10-06 10:12,95.3,1.7
254,순창군,2024-10-06 10:13,98.4,1.4
254,순창군,2024-10-06 10:14,89.7,1.4
254,순창군,2024-10-06 10:15,96.5,1.7
254,순창군,2024-10-06 10:16,98.8,1.5
254,순창군,2024-10-06 10:17,90,1.5
254,순창군,2024-10-06 10:18,111.7,1.4
254,순창군,2024-10-06 10:19,118.3,1.1
254,순창군,2024-10-06 10:20,116.5,1.7
254,순창군,2024-10-06 10:21,115.8,1.3
254,순창군,2024-10-06 10:22,125.2,1.6
254,순창군,2024-10-06 10:23,130.1,1.4
254,순창군,2024-10-06 10:24,116.9,.9
254,순창군,2024-10-06 10:25,117.4,1.5
254,순창군,2024-10-06 10:26,142.3,1.9
254,순창군,2024-10-06 10:27,117.1,1.6
254,순창군,2024-10-06 10:28,114.5,1.4
254,순창군,2024-10-06 10:29,122.2,.9
254,순창군,2024-10-06 10:30,118.3,.8
254,순창군,2024-10-06 10:31,123.5,2.1
254,순창군,2024-10-06 10:32,95.7,1.6
254,순창군,2024-10-06 10:33,105,.9
254,순창군,2024-10-06 10:34,126.5,1.1
254,순창군,2024-10-06 10:35,156.2,1.1
254,순창군,2024-10-06 10:36,161.5,1.4
254,순창군,2024-10-06 10:37,135.8,1.7
254,순창군,2024-10-06 10:38,124.8,1.5
254,순창군,2024-10-06 10:39,124.7,1.8
254,순창군,2024-10-06 10:40,131.3,1.8
254,순창군,2024-10-06 10:41,148.8,1.2
254,순창군,2024-10-06 10:42,165.3,1.2
254,순창군,2024-10-06 10:43,148.7,1.2
254,순창군,2024-10-06 10:44,127,1.3
254,순창군,2024-10-06 10:45,124.7,1.3
254,순창군,2024-10-06 10:46,145.7,1.3
254,순창군,2024-10-06 10:47,135,1.5
254,순창군,2024-10-06 10:48,141,.8
254,순창군,2024-10-06 10:49,118.3,1
254,순창군,2024-10-06 10:50,118.9,.7
254,순창군,2024-10-06 10:51,124.7,1.3
254,순창군,2024-10-06 10:52,127.3,1.5
254,순창군,2024-10-06 10:53,101.7,1.8
254,순창군,2024-10-06 10:54,73.1,1.5
254,순창군,2024-10-06 10:55,68.3,.2
254,순창군,2024-10-06 10:56,31.1,.3
254,순창군,2024-10-06 10:57,42.5,.6
254,순창군,2024-10-06 10:58,80.9,1.6
254,순창군,2024-10-06 10:59,108.4,1.2
254,순창군,2024-10-06 11:00,109.3,1.9
254,순창군,2024-10-06 11:01,117.3,1.8
254,순창군,2024-10-06 11:02,107.2,1
254,순창군,2024-10-06 11:03,149.8,1.1
254,순창군,2024-10-06 11:04,151.8,1.7
254,순창군,2024-10-06 11:05,146.5,1.6
254,순창군,2024-10-06 11:06,143.4,1.5
254,순창군,2024-10-06 11:07,143.5,1.5
254,순창군,2024-10-06 11:08,146.9,1.4
254,순창군,2024-10-06 11:09,140.1,1.8
254,순창군,2024-10-06 11:10,150,1
254,순창군,2024-10-06 11:11,132.6,.8
254,순창군,2024-10-06 11:12,124.9,.9
254,순창군,2024-10-06 11:13,148.2,1.3
254,순창군,2024-10-06 11:14,169.6,1.1
254,순창군,2024-10-06 11:15,147.7,1.1
254,순창군,2024-10-06 11:16,140.3,.7
254,순창군,2024-10-06 11:17,156.8,1.3
254,순창군,2024-10-06 11:18,147.9,.9
254,순창군,2024-10-06 11:19,148,.9
254,순창군,2024-10-06 11:20,117.7,1.1
254,순창군,2024-10-06 11:21,127.4,1
254,순창군,2024-10-06 11:22,130.3,.8
254,순창군,2024-10-06 11:23,123.5,.5
254,순창군,2024-10-06 11:24,118.9,0
254,순창군,2024-10-06 11:25,119.1,.2
254,순창군,2024-10-06 11:26,122.7,.2
254,순창군,2024-10-06 11:27,123.1,.2
254,순창군,2024-10-06 11:28,117.5,.3
254,순창군,2024-10-06 11:29,111,.3
254,순창군,2024-10-06 11:30,103.9,.4
254,순창군,2024-10-06 11:31,55.3,.3
254,순창군,2024-10-06 11:32,55.2,.2
254,순창군,2024-10-06 11:33,287.8,1.3
254,순창군,2024-10-06 11:34,278.8,1.5
254,순창군,2024-10-06 11:35,289.8,1
254,순창군,2024-10-06 11:36,278.1,.2
254,순창군,2024-10-06 11:37,245.1,.9
254,순창군,2024-10-06 11:38,284.9,1.7
254,순창군,2024-10-06 11:39,285.1,1.4
254,순창군,2024-10-06 11:40,284.4,1
254,순창군,2024-10-06 11:41,296.1,.5
254,순창군,2024-10-06 11:42,268.2,1.3
254,순창군,2024-10-06 11:43,272.9,2
254,순창군,2024-10-06 11:44,272.4,1.5
254,순창군,2024-10-06 11:45,273.5,1.2
254,순창군,2024-10-06 11:46,263,.9
254,순창군,2024-10-06 11:47,282.9,1
254,순창군,2024-10-06 11:48,312.6,.9
254,순창군,2024-10-06 11:49,7.1,.8
254,순창군,2024-10-06 11:50,28.4,1.3
254,순창군,2024-10-06 11:51,39.8,1.9
254,순창군,2024-10-06 11:52,40.1,1.1
254,순창군,2024-10-06 11:53,321.1,.6
254,순창군,2024-10-06 11:54,294.8,1.2
254,순창군,2024-10-06 11:55,299.2,1.1
254,순창군,2024-10-06 11:56,265.5,.6
254,순창군,2024-10-06 11:57,271.2,.8
254,순창군,2024-10-06 11:58,273.3,.5
254,순창군,2024-10-06 11:59,298,.7
254,순창군,2024-10-06 12:00,303.1,.9
254,순창군,2024-10-06 12:01,268.4,1.3
254,순창군,2024-10-06 12:02,268.9,1.3
254,순창군,2024-10-06 12:03,268.3,1.7
254,순창군,2024-10-06 12:04,267.9,2
254,순창군,2024-10-06 12:05,273.4,1.7
254,순창군,2024-10-06 12:06,265,1.9
254,순창군,2024-10-06 12:07,273.8,1.3
254,순창군,2024-10-06 12:08,261.2,1.3
254,순창군,2024-10-06 12:09,248.3,1.2
254,순창군,2024-10-06 12:10,252.5,2
254,순창군,2024-10-06 12:11,264.2,2.2
254,순창군,2024-10-06 12:12,276,2.1
254,순창군,2024-10-06 12:13,284.4,2.1
254,순창군,2024-10-06 12:14,287.7,1.7
254,순창군,2024-10-06 12:15,270.6,2.8
254,순창군,2024-10-06 12:16,285.6,2.5
254,순창군,2024-10-06 12:17,298.8,2.2
254,순창군,2024-10-06 12:18,312.5,1.5
254,순창군,2024-10-06 12:19,285.3,1.8
254,순창군,2024-10-06 12:20,291.3,2.1
254,순창군,2024-10-06 12:21,293.1,1.9
254,순창군,2024-10-06 12:22,286.9,1.9
254,순창군,2024-10-06 12:23,307.8,1.8
254,순창군,2024-10-06 12:24,307.5,1.8
254,순창군,2024-10-06 12:25,309.5,2.2
254,순창군,2024-10-06 12:26,315.3,2.1
254,순창군,2024-10-06 12:27,275.3,2.4
254,순창군,2024-10-06 12:28,286.5,2.4
254,순창군,2024-10-06 12:29,293.2,2
254,순창군,2024-10-06 12:30,271.4,2.2
254,순창군,2024-10-06 12:31,270.1,2.2
254,순창군,2024-10-06 12:32,275.3,1.8
254,순창군,2024-10-06 12:33,266.5,2.2
254,순창군,2024-10-06 12:34,274.2,1.8
254,순창군,2024-10-06 12:35,284.4,1.8
254,순창군,2024-10-06 12:36,264.8,1.8
254,순창군,2024-10-06 12:37,277.6,1.6
254,순창군,2024-10-06 12:38,265.3,.9
254,순창군,2024-10-06 12:39,263.2,1
254,순창군,2024-10-06 12:40,268.4,1.4
254,순창군,2024-10-06 12:41,273.5,1.5
254,순창군,2024-10-06 12:42,273.8,.9
254,순창군,2024-10-06 12:43,244,.8
254,순창군,2024-10-06 12:44,235.9,.8
254,순창군,2024-10-06 12:45,244.1,1
254,순창군,2024-10-06 12:46,232.1,.5
254,순창군,2024-10-06 12:47,212.7,.4
254,순창군,2024-10-06 12:48,167.3,.5
254,순창군,2024-10-06 12:49,129.2,.6
254,순창군,2024-10-06 12:50,113.9,1.1
254,순창군,2024-10-06 12:51,112.8,1.1
254,순창군,2024-10-06 12:52,116,1.2
254,순창군,2024-10-06 12:53,117.4,1.3
254,순창군,2024-10-06 12:54,116.9,1.3
254,순창군,2024-10-06 12:55,120.3,1.4
254,순창군,2024-10-06 12:56,122.8,1.3
254,순창군,2024-10-06 12:57,112.3,1.6
254,순창군,2024-10-06 12:58,112.5,1.9
254,순창군,2024-10-06 12:59,110.6,1.8
254,순창군,2024-10-06 13:00,122.4,2
254,순창군,2024-10-06 13:01,110.4,1.9
254,순창군,2024-10-06 13:02,116.3,1.9
254,순창군,2024-10-06 13:03,113.5,2.4
254,순창군,2024-10-06 13:04,122.9,2.2
254,순창군,2024-10-06 13:05,122,1.6
254,순창군,2024-10-06 13:06,106.3,2
254,순창군,2024-10-06 13:07,105.2,1.4
254,순창군,2024-10-06 13:08,255.5,.8
254,순창군,2024-10-06 13:09,34.9,1
254,순창군,2024-10-06 13:10,254,1.3
254,순창군,2024-10-06 13:11,299,1.8
254,순창군,2024-10-06 13:12,323.6,1.3
254,순창군,2024-10-06 13:13,325.8,1.1
254,순창군,2024-10-06 13:14,337.8,1.1
254,순창군,2024-10-06 13:15,11.2,.4
254,순창군,2024-10-06 13:16,11.1,.8
254,순창군,2024-10-06 13:17,355.3,.7
254,순창군,2024-10-06 13:18,12.3,1.3
254,순창군,2024-10-06 13:19,339.7,1.3
254,순창군,2024-10-06 13:20,343.4,1.3
254,순창군,2024-10-06 13:21,340.2,1
254,순창군,2024-10-06 13:22,23.2,.7
254,순창군,2024-10-06 13:23,6.7,.8
254,순창군,2024-10-06 13:24,34,.7
254,순창군,2024-10-06 13:25,25.8,.6
254,순창군,2024-10-06 13:26,18.1,.1
254,순창군,2024-10-06 13:27,14.1,.4
254,순창군,2024-10-06 13:28,11.3,.5
254,순창군,2024-10-06 13:29,8.5,.5
254,순창군,2024-10-06 13:30,288.3,1.6
254,순창군,2024-10-06 13:31,277.5,2.2
254,순창군,2024-10-06 13:32,272.3,2.6
254,순창군,2024-10-06 13:33,270.3,2.6
254,순창군,2024-10-06 13:34,275.2,2.6
254,순창군,2024-10-06 13:35,286.4,2.5
254,순창군,2024-10-06 13:36,296.3,2.1
254,순창군,2024-10-06 13:37,287.3,2.4
254,순창군,2024-10-06 13:38,281.2,2.6
254,순창군,2024-10-06 13:39,275.7,2.8
254,순창군,2024-10-06 13:40,279.7,2.7
254,순창군,2024-10-06 13:41,275.7,2.7
254,순창군,2024-10-06 13:42,275.7,2.9
254,순창군,2024-10-06 13:43,275.4,3.1
254,순창군,2024-10-06 13:44,275.6,3.7
254,순창군,2024-10-06 13:45,277.1,3.6
254,순창군,2024-10-06 13:46,276.1,3.2
254,순창군,2024-10-06 13:47,271.9,2.8
254,순창군,2024-10-06 13:48,266.3,3
254,순창군,2024-10-06 13:49,268.5,2.9
254,순창군,2024-10-06 13:50,271.3,2.7
254,순창군,2024-10-06 13:51,274.8,2.8
254,순창군,2024-10-06 13:52,276.5,2.7
254,순창군,2024-10-06 13:53,284.2,2.5
254,순창군,2024-10-06 13:54,298.1,2.8
254,순창군,2024-10-06 13:55,286.4,2.6
254,순창군,2024-10-06 13:56,290.7,2.5
254,순창군,2024-10-06 13:57,283.9,2.2
254,순창군,2024-10-06 13:58,286.2,2.5
254,순창군,2024-10-06 13:59,289.4,2.1
254,순창군,2024-10-06 14:00,279.9,2.3
254,순창군,2024-10-06 14:01,281.8,2.5
254,순창군,2024-10-06 14:02,274.1,2.4
254,순창군,2024-10-06 14:03,282,2.6
254,순창군,2024-10-06 14:04,276.8,2.5
254,순창군,2024-10-06 14:05,278.7,2.7
254,순창군,2024-10-06 14:06,274.5,2.7
254,순창군,2024-10-06 14:07,278,2.6
254,순창군,2024-10-06 14:08,283.6,2.5
254,순창군,2024-10-06 14:09,285.1,2.3
254,순창군,2024-10-06 14:10,283.7,1.9
254,순창군,2024-10-06 14:11,286,2
254,순창군,2024-10-06 14:12,277.9,2.2
254,순창군,2024-10-06 14:13,278.2,2.1
254,순창군,2024-10-06 14:14,299.9,1.6
254,순창군,2024-10-06 14:15,306.2,1.5
254,순창군,2024-10-06 14:16,301.9,1.7
254,순창군,2024-10-06 14:17,309.9,1.4
254,순창군,2024-10-06 14:18,308.5,1
254,순창군,2024-10-06 14:19,288.6,1.1
254,순창군,2024-10-06 14:20,277.6,1.3
254,순창군,2024-10-06 14:21,269.9,1.3
254,순창군,2024-10-06 14:22,274.8,1.1
254,순창군,2024-10-06 14:23,285.3,1.8
254,순창군,2024-10-06 14:24,296,1.9
254,순창군,2024-10-06 14:25,303.9,1.5
254,순창군,2024-10-06 14:26,315.1,1.8
254,순창군,2024-10-06 14:27,312.1,1.7
254,순창군,2024-10-06 14:28,308.7,1.6
254,순창군,2024-10-06 14:29,318.3,2
254,순창군,2024-10-06 14:30,307.2,1.7
254,순창군,2024-10-06 14:31,305,1.9
254,순창군,2024-10-06 14:32,288.5,1.7
254,순창군,2024-10-06 14:33,280.6,1.7
254,순창군,2024-10-06 14:34,284.6,1.6
254,순창군,2024-10-06 14:35,286.1,1.7
254,순창군,2024-10-06 14:36,288.4,1.5
254,순창군,2024-10-06 14:37,318.5,1.5
254,순창군,2024-10-06 14:38,314.8,1.8
254,순창군,2024-10-06 14:39,313.9,2.1
254,순창군,2024-10-06 14:40,313.6,1.9
254,순창군,2024-10-06 14:41,319,2
254,순창군,2024-10-06 14:42,314.1,2.2
254,순창군,2024-10-06 14:43,310.2,2.5
254,순창군,2024-10-06 14:44,307.5,2.8
254,순창군,2024-10-06 14:45,307,2.6
254,순창군,2024-10-06 14:46,311.7,3
254,순창군,2024-10-06 14:47,304,2.8
254,순창군,2024-10-06 14:48,299.5,2.7
254,순창군,2024-10-06 14:49,292.9,2.2
254,순창군,2024-10-06 14:50,309.7,1.7
254,순창군,2024-10-06 14:51,310.2,1.5
254,순창군,2024-10-06 14:52,262.7,1
254,순창군,2024-10-06 14:53,296,.8
254,순창군,2024-10-06 14:54,297.3,.5
254,순창군,2024-10-06 14:55,256.1,2.2
254,순창군,2024-10-06 14:56,259.4,1.6
254,순창군,2024-10-06 14:57,263.7,1.5
254,순창군,2024-10-06 14:58,271.5,1.8
254,순창군,2024-10-06 14:59,268.3,1.8
254,순창군,2024-10-06 15:00,261.4,1.8
254,순창군,2024-10-06 15:01,272.8,1.5
254,순창군,2024-10-06 15:02,257.2,1.5
254,순창군,2024-10-06 15:03,243.2,1.4
254,순창군,2024-10-06 15:04,246.6,1.3
254,순창군,2024-10-06 15:05,269.6,1.1
254,순창군,2024-10-06 15:06,277.7,.7
254,순창군,2024-10-06 15:07,275.6,1.1
254,순창군,2024-10-06 15:08,292.1,.6
254,순창군,2024-10-06 15:09,303.3,.4
254,순창군,2024-10-06 15:10,335.7,.5
254,순창군,2024-10-06 15:11,11.7,.2
254,순창군,2024-10-06 15:12,313.8,.5
254,순창군,2024-10-06 15:13,293,.8
254,순창군,2024-10-06 15:14,281.2,1.1
254,순창군,2024-10-06 15:15,279.6,1.3
254,순창군,2024-10-06 15:16,278.3,1.5
254,순창군,2024-10-06 15:17,276.8,1.3
254,순창군,2024-10-06 15:18,275.8,1.4
254,순창군,2024-10-06 15:19,281.3,1.2
254,순창군,2024-10-06 15:20,274.1,1.1
254,순창군,2024-10-06 15:21,294.8,1.1
254,순창군,2024-10-06 15:22,282.6,.6
254,순창군,2024-10-06 15:23,301.7,.5
254,순창군,2024-10-06 15:24,302.1,.7
254,순창군,2024-10-06 15:25,285,.6
254,순창군,2024-10-06 15:26,304.9,1
254,순창군,2024-10-06 15:27,279,1.4
254,순창군,2024-10-06 15:28,269.1,1.6
254,순창군,2024-10-06 15:29,268.7,2
254,순창군,2024-10-06 15:30,263.7,1.6
254,순창군,2024-10-06 15:31,269.3,2
254,순창군,2024-10-06 15:32,264.1,2.2
254,순창군,2024-10-06 15:33,268.6,1.8
254,순창군,2024-10-06 15:34,271.2,2.3
254,순창군,2024-10-06 15:35,275,2.6
254,순창군,2024-10-06 15:36,277.5,2
254,순창군,2024-10-06 15:37,270.1,2.1
254,순창군,2024-10-06 15:38,273.2,2.2
254,순창군,2024-10-06 15:39,263,1.7
254,순창군,2024-10-06 15:40,262.2,2.1
254,순창군,2024-10-06 15:41,265.9,2
254,순창군,2024-10-06 15:42,260.4,1.9
254,순창군,2024-10-06 15:43,277.2,1.6
254,순창군,2024-10-06 15:44,306.2,1.3
254,순창군,2024-10-06 15:45,334.3,1.5
254,순창군,2024-10-06 15:46,6.8,1.4
254,순창군,2024-10-06 15:47,12,1.3
254,순창군,2024-10-06 15:48,355.1,1.5
254,순창군,2024-10-06 15:49,14.5,1.4
254,순창군,2024-10-06 15:50,22.8,1.8
254,순창군,2024-10-06 15:51,16.9,1.5
254,순창군,2024-10-06 15:52,25.3,1.1
254,순창군,2024-10-06 15:53,339.2,1.1
254,순창군,2024-10-06 15:54,341,1
254,순창군,2024-10-06 15:55,350.2,1.3
254,순창군,2024-10-06 15:56,342,1.4
254,순창군,2024-10-06 15:57,332.4,1.5
254,순창군,2024-10-06 15:58,337.3,1.2
254,순창군,2024-10-06 15:59,333.6,1.3
254,순창군,2024-10-06 16:00,322.4,1.4
254,순창군,2024-10-06 16:01,328.7,1.1
254,순창군,2024-10-06 16:02,328.6,1
254,순창군,2024-10-06 16:03,292,1.3
254,순창군,2024-10-06 16:04,274.6,1.7
254,순창군,2024-10-06 16:05,278.2,2.3
254,순창군,2024-10-06 16:06,283.7,2.2
254,순창군,2024-10-06 16:07,286.2,2
254,순창군,2024-10-06 16:08,272.7,1.8
254,순창군,2024-10-06 16:09,265.2,1.8
254,순창군,2024-10-06 16:10,261.6,1.9
254,순창군,2024-10-06 16:11,260.3,2.4
254,순창군,2024-10-06 16:12,242.2,2.3
254,순창군,2024-10-06 16:13,247.4,2.6
254,순창군,2024-10-06 16:14,251.7,3.1
254,순창군,2024-10-06 16:15,248.3,2.7
254,순창군,2024-10-06 16:16,245.3,2.9
254,순창군,2024-10-06 16:17,241.7,2.7
254,순창군,2024-10-06 16:18,256.7,2.5
254,순창군,2024-10-06 16:19,252.1,2.7
254,순창군,2024-10-06 16:20,256.1,2.6
254,순창군,2024-10-06 16:21,257.7,2.6
254,순창군,2024-10-06 16:22,267.4,1.6
254,순창군,2024-10-06 16:23,275.3,2
254,순창군,2024-10-06 16:24,270.3,3.1
254,순창군,2024-10-06 16:25,266.6,2.9
254,순창군,2024-10-06 16:26,271.5,3.2
254,순창군,2024-10-06 16:27,263.7,2.8
254,순창군,2024-10-06 16:28,269.5,2.8
254,순창군,2024-10-06 16:29,260.2,2.6
254,순창군,2024-10-06 16:30,265.5,2.6
254,순창군,2024-10-06 16:31,261.4,2.7
254,순창군,2024-10-06 16:32,265.9,2.5
254,순창군,2024-10-06 16:33,262.5,2.6
254,순창군,2024-10-06 16:34,267.7,2.5
254,순창군,2024-10-06 16:35,262.6,2.7
254,순창군,2024-10-06 16:36,264.3,2.2
254,순창군,2024-10-06 16:37,267.4,2.4
254,순창군,2024-10-06 16:38,267,2.7
254,순창군,2024-10-06 16:39,264.9,2.5
254,순창군,2024-10-06 16:40,269.3,2.2
254,순창군,2024-10-06 16:41,271.3,2.2
254,순창군,2024-10-06 16:42,264.1,2
254,순창군,2024-10-06 16:43,263.1,2
254,순창군,2024-10-06 16:44,268.1,2.1
254,순창군,2024-10-06 16:45,266.7,2.1
254,순창군,2024-10-06 16:46,267.3,2.2
254,순창군,2024-10-06 16:47,263.3,1.8
254,순창군,2024-10-06 16:48,269.4,1.9
254,순창군,2024-10-06 16:49,272.9,1.9
254,순창군,2024-10-06 16:50,279,1.8
254,순창군,2024-10-06 16:51,274.3,1.7
254,순창군,2024-10-06 16:52,282.4,1.8
254,순창군,2024-10-06 16:53,278,1.6
254,순창군,2024-10-06 16:54,282.8,1.7
254,순창군,2024-10-06 16:55,282.6,1.7
254,순창군,2024-10-06 16:56,280.9,1.7
254,순창군,2024-10-06 16:57,283.7,1.9
254,순창군,2024-10-06 16:58,281.2,2.6
254,순창군,2024-10-06 16:59,279.5,2.5
254,순창군,2024-10-06 17:00,276.7,2.1
254,순창군,2024-10-06 17:01,276,2.6
254,순창군,2024-10-06 17:02,279.1,2.8
254,순창군,2024-10-06 17:03,280,2.9
254,순창군,2024-10-06 17:04,278.5,3.1
254,순창군,2024-10-06 17:05,277.8,2.8
254,순창군,2024-10-06 17:06,273.3,2.8
254,순창군,2024-10-06 17:07,269.8,2.8
254,순창군,2024-10-06 17:08,267.3,2.5
254,순창군,2024-10-06 17:09,268.3,2.4
254,순창군,2024-10-06 17:10,263.1,2.8
254,순창군,2024-10-06 17:11,271.8,2.7
254,순창군,2024-10-06 17:12,272.2,2.9
254,순창군,2024-10-06 17:13,271.8,2.8
254,순창군,2024-10-06 17:14,273.8,2.8
254,순창군,2024-10-06 17:15,273.3,2.7
254,순창군,2024-10-06 17:16,274,2.7
254,순창군,2024-10-06 17:17,288.5,2.3
254,순창군,2024-10-06 17:18,279.9,2
254,순창군,2024-10-06 17:19,284.3,1.9
254,순창군,2024-10-06 17:20,276.1,2.5
254,순창군,2024-10-06 17:21,281.4,2.2
254,순창군,2024-10-06 17:22,276.7,2.1
254,순창군,2024-10-06 17:23,276.4,2.2
254,순창군,2024-10-06 17:24,278.2,2.2
254,순창군,2024-10-06 17:25,273.9,2.3
254,순창군,2024-10-06 17:26,272.3,2.2
254,순창군,2024-10-06 17:27,269.5,2.7
254,순창군,2024-10-06 17:28,277.6,2.2
254,순창군,2024-10-06 17:29,272.2,2.7
254,순창군,2024-10-06 17:30,273.2,2.6
254,순창군,2024-10-06 17:31,279.3,2.3
254,순창군,2024-10-06 17:32,279.5,2
254,순창군,2024-10-06 17:33,299.3,1.8
254,순창군,2024-10-06 17:34,293.6,1.9
254,순창군,2024-10-06 17:35,282.7,1.9
254,순창군,2024-10-06 17:36,279.3,2.1
254,순창군,2024-10-06 17:37,277.5,2.5
254,순창군,2024-10-06 17:38,274.1,2.5
254,순창군,2024-10-06 17:39,274.8,2.3
254,순창군,2024-10-06 17:40,279.6,2.2
254,순창군,2024-10-06 17:41,284.8,2.1
254,순창군,2024-10-06 17:42,291.5,2.5
254,순창군,2024-10-06 17:43,296.5,1.8
254,순창군,2024-10-06 17:44,283.9,2
254,순창군,2024-10-06 17:45,286.4,2
254,순창군,2024-10-06 17:46,277.6,2.2
254,순창군,2024-10-06 17:47,270.6,2
254,순창군,2024-10-06 17:48,260.6,2.1
254,순창군,2024-10-06 17:49,256.1,2.4
254,순창군,2024-10-06 17:50,256.1,2.5
254,순창군,2024-10-06 17:51,254.5,2.4
254,순창군,2024-10-06 17:52,251.9,2.3
254,순창군,2024-10-06 17:53,255.7,1.7
254,순창군,2024-10-06 17:54,260.7,1.8
254,순창군,2024-10-06 17:55,269.7,1.7
254,순창군,2024-10-06 17:56,266.1,1.5
254,순창군,2024-10-06 17:57,266.6,2
254,순창군,2024-10-06 17:58,283.5,1.7
254,순창군,2024-10-06 17:59,270.4,1.9
254,순창군,2024-10-06 18:00,278.4,1.6
254,순창군,2024-10-06 18:01,269.5,2
254,순창군,2024-10-06 18:02,280,1.7
254,순창군,2024-10-06 18:03,251,.9
254,순창군,2024-10-06 18:04,270.7,.7
254,순창군,2024-10-06 18:05,290.8,.8
254,순창군,2024-10-06 18:06,304.1,.8
254,순창군,2024-10-06 18:07,310.2,.8
254,순창군,2024-10-06 18:08,286.9,.7
254,순창군,2024-10-06 18:09,316.7,.2
254,순창군,2024-10-06 18:10,5.1,.4
254,순창군,2024-10-06 18:11,341.4,.5
254,순창군,2024-10-06 18:12,353.2,.1
254,순창군,2024-10-06 18:13,329.6,.1
254,순창군,2024-10-06 18:14,332.1,.2
254,순창군,2024-10-06 18:15,347.6,.2
254,순창군,2024-10-06 18:16,2.1,.2
254,순창군,2024-10-06 18:17,5,.2
254,순창군,2024-10-06 18:18,7.2,0
254,순창군,2024-10-06 18:19,4.8,0
254,순창군,2024-10-06 18:20,4.4,0
254,순창군,2024-10-06 18:21,6.1,.1
254,순창군,2024-10-06 18:22,0,0
254,순창군,2024-10-06 18:23,262.1,.1
254,순창군,2024-10-06 18:24,327.1,.2
254,순창군,2024-10-06 18:25,335.3,.3
254,순창군,2024-10-06 18:26,332.8,.1
254,순창군,2024-10-06 18:27,0,0
254,순창군,2024-10-06 18:28,0,0
254,순창군,2024-10-06 18:29,283.9,.1
254,순창군,2024-10-06 18:30,201.8,.4
254,순창군,2024-10-06 18:31,207.6,.3
254,순창군,2024-10-06 18:32,216.9,.4
254,순창군,2024-10-06 18:33,223.5,.4
254,순창군,2024-10-06 18:34,291.4,.6
254,순창군,2024-10-06 18:35,323.3,1.2
254,순창군,2024-10-06 18:36,287.6,.7
254,순창군,2024-10-06 18:37,260.4,1
254,순창군,2024-10-06 18:38,263,.8
254,순창군,2024-10-06 18:39,287,.6
254,순창군,2024-10-06 18:40,287.9,.7
254,순창군,2024-10-06 18:41,273.2,.8
254,순창군,2024-10-06 18:42,274.6,.8
254,순창군,2024-10-06 18:43,281.2,1.1
254,순창군,2024-10-06 18:44,271.7,1.7
254,순창군,2024-10-06 18:45,264.6,1.6
254,순창군,2024-10-06 18:46,268.6,1.5
254,순창군,2024-10-06 18:47,272.9,1.7
254,순창군,2024-10-06 18:48,283.1,1.5
254,순창군,2024-10-06 18:49,297,1.4
254,순창군,2024-10-06 18:50,299.4,1.4
254,순창군,2024-10-06 18:51,304.2,1.5
254,순창군,2024-10-06 18:52,294.9,1.5
254,순창군,2024-10-06 18:53,283.1,1.8
254,순창군,2024-10-06 18:54,279.4,1.3
254,순창군,2024-10-06 18:55,268.8,1.1
254,순창군,2024-10-06 18:56,259.5,1.6
254,순창군,2024-10-06 18:57,262.6,1.5
254,순창군,2024-10-06 18:58,257.1,1.1
254,순창군,2024-10-06 18:59,231.9,.4
254,순창군,2024-10-06 19:00,180.7,.2
254,순창군,2024-10-06 19:01,216,.4
254,순창군,2024-10-06 19:02,259.2,.4
254,순창군,2024-10-06 19:03,252.5,.1
254,순창군,2024-10-06 19:04,249.7,.1
254,순창군,2024-10-06 19:05,229.4,.1
254,순창군,2024-10-06 19:06,239.1,0
254,순창군,2024-10-06 19:07,281.9,.2
254,순창군,2024-10-06 19:08,20.7,.4
254,순창군,2024-10-06 19:09,26.9,.3
254,순창군,2024-10-06 19:10,70,.6
254,순창군,2024-10-06 19:11,87.9,1
254,순창군,2024-10-06 19:12,98.3,1.2
254,순창군,2024-10-06 19:13,122.5,1.1
254,순창군,2024-10-06 19:14,131.5,1
254,순창군,2024-10-06 19:15,140.1,1.5
254,순창군,2024-10-06 19:16,147.3,1.4
254,순창군,2024-10-06 19:17,146.4,1.5
254,순창군,2024-10-06 19:18,134.6,1.7
254,순창군,2024-10-06 19:19,133.2,1.8
254,순창군,2024-10-06 19:20,130.5,1.7
254,순창군,2024-10-06 19:21,129.6,1.5
254,순창군,2024-10-06 19:22,116.3,1.6
254,순창군,2024-10-06 19:23,126.2,1.5
254,순창군,2024-10-06 19:24,118.7,1
254,순창군,2024-10-06 19:25,115.8,1.4
254,순창군,2024-10-06 19:26,123.5,1.2
254,순창군,2024-10-06 19:27,122.6,1.3
254,순창군,2024-10-06 19:28,117.9,1.3
254,순창군,2024-10-06 19:29,95.8,1.2
254,순창군,2024-10-06 19:30,96.7,.9
254,순창군,2024-10-06 19:31,87.9,1
254,순창군,2024-10-06 19:32,74.7,.5
254,순창군,2024-10-06 19:33,84.7,.3
254,순창군,2024-10-06 19:34,85.7,.2
254,순창군,2024-10-06 19:35,82,.1
254,순창군,2024-10-06 19:36,63.8,.2
254,순창군,2024-10-06 19:37,47.6,.3
254,순창군,2024-10-06 19:38,41.4,.4
254,순창군,2024-10-06 19:39,62,.6
254,순창군,2024-10-06 19:40,69.4,.8
254,순창군,2024-10-06 19:41,99.1,.7
254,순창군,2024-10-06 19:42,97.1,.6
254,순창군,2024-10-06 19:43,86.3,.8
254,순창군,2024-10-06 19:44,70.9,.7
254,순창군,2024-10-06 19:45,69.3,.5
254,순창군,2024-10-06 19:46,52.4,.8
254,순창군,2024-10-06 19:47,349.5,.5
254,순창군,2024-10-06 19:48,356.1,.5
254,순창군,2024-10-06 19:49,9,.5
254,순창군,2024-10-06 19:50,15.1,.5
254,순창군,2024-10-06 19:51,11.4,.2
254,순창군,2024-10-06 19:52,344.5,.1
254,순창군,2024-10-06 19:53,359.7,0
254,순창군,2024-10-06 19:54,342.4,0
254,순창군,2024-10-06 19:55,341.2,.1
254,순창군,2024-10-06 19:56,339.9,0
254,순창군,2024-10-06 19:57,322.7,.1
254,순창군,2024-10-06 19:58,286,1
254,순창군,2024-10-06 19:59,263.6,1.6
254,순창군,2024-10-06 20:00,258.2,2
254,순창군,2024-10-06 20:01,256.6,1.8
254,순창군,2024-10-06 20:02,257.6,1.5
254,순창군,2024-10-06 20:03,261.5,1.4
254,순창군,2024-10-06 20:04,255.9,1.2
254,순창군,2024-10-06 20:05,257.6,.8
254,순창군,2024-10-06 20:06,250.1,1
254,순창군,2024-10-06 20:07,250.2,.9
254,순창군,2024-10-06 20:08,266.7,.8
254,순창군,2024-10-06 20:09,270.7,1
254,순창군,2024-10-06 20:10,275.6,1.1
254,순창군,2024-10-06 20:11,279.1,1.2
254,순창군,2024-10-06 20:12,274.6,1.4
254,순창군,2024-10-06 20:13,265.5,1.4
254,순창군,2024-10-06 20:14,256.7,1.3
254,순창군,2024-10-06 20:15,259.9,1.3
254,순창군,2024-10-06 20:16,258.4,1.5
254,순창군,2024-10-06 20:17,259.1,1
254,순창군,2024-10-06 20:18,251.5,.9
254,순창군,2024-10-06 20:19,231.2,.9
254,순창군,2024-10-06 20:20,251.7,.9
254,순창군,2024-10-06 20:21,252.1,.8
254,순창군,2024-10-06 20:22,266.9,1.2
254,순창군,2024-10-06 20:23,249,.7
254,순창군,2024-10-06 20:24,240.9,.8
254,순창군,2024-10-06 20:25,244.4,.6
254,순창군,2024-10-06 20:26,269.9,.7
254,순창군,2024-10-06 20:27,258.1,.7
254,순창군,2024-10-06 20:28,256.8,1.6
254,순창군,2024-10-06 20:29,261.1,1.5
254,순창군,2024-10-06 20:30,262.7,1.8
254,순창군,2024-10-06 20:31,265.9,1.6
254,순창군,2024-10-06 20:32,266.4,1.7
254,순창군,2024-10-06 20:33,272.8,1.5
254,순창군,2024-10-06 20:34,279.6,1.4
254,순창군,2024-10-06 20:35,270.5,1.4
254,순창군,2024-10-06 20:36,267,1.3
254,순창군,2024-10-06 20:37,268.5,1.4
254,순창군,2024-10-06 20:38,274.1,1.6
254,순창군,2024-10-06 20:39,273.1,1.7
254,순창군,2024-10-06 20:40,274.5,1.6
254,순창군,2024-10-06 20:41,272.5,1.5
254,순창군,2024-10-06 20:42,268.7,1.4
254,순창군,2024-10-06 20:43,265.9,1.4
254,순창군,2024-10-06 20:44,260.3,1.4
254,순창군,2024-10-06 20:45,256.9,1.3
254,순창군,2024-10-06 20:46,261,1.5
254,순창군,2024-10-06 20:47,264.8,1.7
254,순창군,2024-10-06 20:48,268.7,1.7
254,순창군,2024-10-06 20:49,270.2,1.5
254,순창군,2024-10-06 20:50,274.6,1.3
254,순창군,2024-10-06 20:51,275.7,1.3
254,순창군,2024-10-06 20:52,277.8,1.3
254,순창군,2024-10-06 20:53,279.9,1.1
254,순창군,2024-10-06 20:54,269.4,1.1
254,순창군,2024-10-06 20:55,266.9,.8
254,순창군,2024-10-06 20:56,298.2,.5
254,순창군,2024-10-06 20:57,295.9,.9
254,순창군,2024-10-06 20:58,290.7,1.2
254,순창군,2024-10-06 20:59,277.6,1.5
254,순창군,2024-10-06 21:00,277.2,1.6
254,순창군,2024-10-06 21:01,277.4,1.3
254,순창군,2024-10-06 21:02,274.2,1.2
254,순창군,2024-10-06 21:03,254.5,.8
254,순창군,2024-10-06 21:04,242.9,.7
254,순창군,2024-10-06 21:05,234.6,.4
254,순창군,2024-10-06 21:06,225.2,.1
254,순창군,2024-10-06 21:07,246.5,0
254,순창군,2024-10-06 21:08,133.9,0
254,순창군,2024-10-06 21:09,116.2,.3
254,순창군,2024-10-06 21:10,118.7,.5
254,순창군,2024-10-06 21:11,103.8,1
254,순창군,2024-10-06 21:12,130.9,1.1
254,순창군,2024-10-06 21:13,131.6,1.4
254,순창군,2024-10-06 21:14,132.5,1.3
254,순창군,2024-10-06 21:15,116.9,.9
254,순창군,2024-10-06 21:16,121.7,1.1
254,순창군,2024-10-06 21:17,118.6,1
254,순창군,2024-10-06 21:18,112.9,1.1
254,순창군,2024-10-06 21:19,117.2,1.1
254,순창군,2024-10-06 21:20,117.1,1.1
254,순창군,2024-10-06 21:21,119.3,1
254,순창군,2024-10-06 21:22,117.8,.9
254,순창군,2024-10-06 21:23,112.1,.6
254,순창군,2024-10-06 21:24,117,.9
254,순창군,2024-10-06 21:25,117.9,1
254,순창군,2024-10-06 21:26,111.3,1.1
254,순창군,2024-10-06 21:27,109.4,1.1
254,순창군,2024-10-06 21:28,111,1.3
254,순창군,2024-10-06 21:29,107.4,1.3
254,순창군,2024-10-06 21:30,110.2,1.2
254,순창군,2024-10-06 21:31,120.9,1.2
254,순창군,2024-10-06 21:32,112.6,.9
254,순창군,2024-10-06 21:33,94.1,.4
254,순창군,2024-10-06 21:34,91.8,.4
254,순창군,2024-10-06 21:35,90.5,.2
254,순창군,2024-10-06 21:36,94.6,0
254,순창군,2024-10-06 21:37,89.6,0
254,순창군,2024-10-06 21:38,90.2,0
254,순창군,2024-10-06 21:39,91.8,0
254,순창군,2024-10-06 21:40,88.6,0
254,순창군,2024-10-06 21:41,90,0
254,순창군,2024-10-06 21:42,88.6,0
254,순창군,2024-10-06 21:43,89.1,0
254,순창군,2024-10-06 21:44,76.7,.2
254,순창군,2024-10-06 21:45,76.5,.1
254,순창군,2024-10-06 21:46,75.1,.2
254,순창군,2024-10-06 21:47,73.2,.2
254,순창군,2024-10-06 21:48,73.1,.1
254,순창군,2024-10-06 21:49,73.3,.4
254,순창군,2024-10-06 21:50,66.7,.6
254,순창군,2024-10-06 21:51,62.2,.4
254,순창군,2024-10-06 21:52,62.3,.2
254,순창군,2024-10-06 21:53,63.1,.1
254,순창군,2024-10-06 21:54,62.2,.3
254,순창군,2024-10-06 21:55,62.2,.5
254,순창군,2024-10-06 21:56,62.2,.7
254,순창군,2024-10-06 21:57,63,.8
254,순창군,2024-10-06 21:58,62.2,.6
254,순창군,2024-10-06 21:59,62.2,.7
254,순창군,2024-10-06 22:00,63,.9
254,순창군,2024-10-06 22:01,319,1
254,순창군,2024-10-06 22:02,300.9,.7
254,순창군,2024-10-06 22:03,294.2,.6
254,순창군,2024-10-06 22:04,271.8,.8
254,순창군,2024-10-06 22:05,248.2,1.1
254,순창군,2024-10-06 22:06,250.4,1.1
254,순창군,2024-10-06 22:07,245.3,1.1
254,순창군,2024-10-06 22:08,229,1
254,순창군,2024-10-06 22:09,223.9,.8
254,순창군,2024-10-06 22:10,225.1,.6
254,순창군,2024-10-06 22:11,245.8,.4
254,순창군,2024-10-06 22:12,208.3,.2
254,순창군,2024-10-06 22:13,202.5,.2
254,순창군,2024-10-06 22:14,210.8,.1
254,순창군,2024-10-06 22:15,246.8,.9
254,순창군,2024-10-06 22:16,219.2,.7
254,순창군,2024-10-06 22:17,256.8,1.1
254,순창군,2024-10-06 22:18,256,1.3
254,순창군,2024-10-06 22:19,260.6,1.5
254,순창군,2024-10-06 22:20,258.9,1.4
254,순창군,2024-10-06 22:21,261.1,1.3
254,순창군,2024-10-06 22:22,260.8,1.5
254,순창군,2024-10-06 22:23,265.9,1.4
254,순창군,2024-10-06 22:24,260.2,1.2
254,순창군,2024-10-06 22:25,265.9,1
254,순창군,2024-10-06 22:26,273.1,.9
254,순창군,2024-10-06 22:27,268.9,.7
254,순창군,2024-10-06 22:28,263.8,.7
254,순창군,2024-10-06 22:29,264.2,.5
254,순창군,2024-10-06 22:30,272.9,.6
254,순창군,2024-10-06 22:31,279.2,.7
254,순창군,2024-10-06 22:32,277.6,.8
254,순창군,2024-10-06 22:33,271.7,.7
254,순창군,2024-10-06 22:34,269.7,.9
254,순창군,2024-10-06 22:35,268.9,1
254,순창군,2024-10-06 22:36,271.4,.9
254,순창군,2024-10-06 22:37,272.9,.8
254,순창군,2024-10-06 22:38,268.2,.9
254,순창군,2024-10-06 22:39,271,.9
254,순창군,2024-10-06 22:40,266.3,.9
254,순창군,2024-10-06 22:41,263.8,.9
254,순창군,2024-10-06 22:42,257.3,1
254,순창군,2024-10-06 22:43,246,.9
254,순창군,2024-10-06 22:44,244.1,1
254,순창군,2024-10-06 22:45,216.6,.7
254,순창군,2024-10-06 22:46,183.3,.5
254,순창군,2024-10-06 22:47,164.8,.4
254,순창군,2024-10-06 22:48,144.9,.4
254,순창군,2024-10-06 22:49,138.5,.6
254,순창군,2024-10-06 22:50,133.1,1.2
254,순창군,2024-10-06 22:51,106.6,.9
254,순창군,2024-10-06 22:52,96.5,.8
254,순창군,2024-10-06 22:53,94.7,.6
254,순창군,2024-10-06 22:54,88.9,1
254,순창군,2024-10-06 22:55,88.4,1.1
254,순창군,2024-10-06 22:56,88.6,1.1
254,순창군,2024-10-06 22:57,88.6,.9
254,순창군,2024-10-06 22:58,88.6,.8
254,순창군,2024-10-06 22:59,88.6,.7
254,순창군,2024-10-06 23:00,88.6,.7
254,순창군,2024-10-06 23:01,88.6,.8
254,순창군,2024-10-06 23:02,88.5,.7
254,순창군,2024-10-06 23:03,88.5,.9
254,순창군,2024-10-06 23:04,88.4,.7
254,순창군,2024-10-06 23:05,88.5,.5
254,순창군,2024-10-06 23:06,88.5,.1
254,순창군,2024-10-06 23:07,87.5,0
254,순창군,2024-10-06 23:08,0,0
254,순창군,2024-10-06 23:09,88.2,.2
254,순창군,2024-10-06 23:10,86.6,.4
254,순창군,2024-10-06 23:11,85.5,.4
254,순창군,2024-10-06 23:12,85.5,.1
254,순창군,2024-10-06 23:13,85.5,.2
254,순창군,2024-10-06 23:14,85.6,.3
254,순창군,2024-10-06 23:15,85.5,.3
254,순창군,2024-10-06 23:16,85.4,.4
254,순창군,2024-10-06 23:17,85.5,.3
254,순창군,2024-10-06 23:18,85.5,.3
254,순창군,2024-10-06 23:19,85.5,.3
254,순창군,2024-10-06 23:20,89.1,.2
254,순창군,2024-10-06 23:21,90.5,.4
254,순창군,2024-10-06 23:22,89.6,.7
254,순창군,2024-10-06 23:23,90.5,.9
254,순창군,2024-10-06 23:24,91.2,1
254,순창군,2024-10-06 23:25,91.2,.9
254,순창군,2024-10-06 23:26,90.4,.7
254,순창군,2024-10-06 23:27,90.8,.6
254,순창군,2024-10-06 23:28,90,.1
254,순창군,2024-10-06 23:29,0,0
254,순창군,2024-10-06 23:30,0,0
254,순창군,2024-10-06 23:31,89.2,0
254,순창군,2024-10-06 23:32,90.7,0
254,순창군,2024-10-06 23:33,91.1,0
254,순창군,2024-10-06 23:34,88.6,0
254,순창군,2024-10-06 23:35,90.6,.3
254,순창군,2024-10-06 23:36,90.7,.3
254,순창군,2024-10-06 23:37,90.3,.2
254,순창군,2024-10-06 23:38,90.8,.1
254,순창군,2024-10-06 23:39,90.8,.2
254,순창군,2024-10-06 23:40,89.1,0
254,순창군,2024-10-06 23:41,90.7,.5
254,순창군,2024-10-06 23:42,90,.4
254,순창군,2024-10-06 23:43,89.7,.1
254,순창군,2024-10-06 23:44,89.5,.3
254,순창군,2024-10-06 23:45,89.4,.2
254,순창군,2024-10-06 23:46,88.7,0
254,순창군,2024-10-06 23:47,88.9,0
254,순창군,2024-10-06 23:48,89.2,.1
254,순창군,2024-10-06 23:49,89.5,.1
254,순창군,2024-10-06 23:50,91.7,0
254,순창군,2024-10-06 23:51,88.5,0
254,순창군,2024-10-06 23:52,87.2,0
254,순창군,2024-10-06 23:53,88.8,0
254,순창군,2024-10-06 23:54,88.9,0
254,순창군,2024-10-06 23:55,0,0
254,순창군,2024-10-06 23:56,0,0
254,순창군,2024-10-06 23:57,0,0
254,순창군,2024-10-06 23:58,0,0
254,순창군,2024-10-06 23:59,0,0
254,순창군,2024-10-07 00:00,87.2,0
